tabela,fator,escore_bruto,percentil,classificacao
Amostra Geral,EscoreGeral,16,< 1,Inferior
Amostra Geral,EscoreGeral,17,< 1,Inferior
Amostra Geral,EscoreGeral,18,< 1,Inferior
Amostra Geral,EscoreGeral,19,< 1,Inferior
Amostra Geral,EscoreGeral,20,< 1,Inferior
Amostra Geral,EscoreGeral,21,< 1,Inferior
Amostra Geral,EscoreGeral,22,< 1,Inferior
Amostra Geral,EscoreGeral,23,< 1,Inferior
Amostra Geral,EscoreGeral,24,< 1,Inferior
Amostra Geral,EscoreGeral,25,< 1,Inferior
Amostra Geral,EscoreGeral,26,< 1,Inferior
Amostra Geral,EscoreGeral,27,< 1,Inferior
Amostra Geral,EscoreGeral,28,< 1,Inferior
Amostra Geral,EscoreGeral,29,< 1,Inferior
Amostra Geral,EscoreGeral,30,< 1,Inferior
Amostra Geral,EscoreGeral,31,< 1,Inferior
Amostra Geral,EscoreGeral,32,< 1,Inferior
Amostra Geral,EscoreGeral,33,< 1,Inferior
Amostra Geral,EscoreGeral,34,< 1,Inferior
Amostra Geral,EscoreGeral,35,< 1,Inferior
Amostra Geral,EscoreGeral,36,< 1,Inferior
Amostra Geral,EscoreGeral,37,< 1,Inferior
Amostra Geral,EscoreGeral,38,< 1,Inferior
Amostra Geral,EscoreGeral,39,< 1,Inferior
Amostra Geral,EscoreGeral,40,< 1,Inferior
Amostra Geral,EscoreGeral,41,< 1,Inferior
Amostra Geral,EscoreGeral,42,< 1,Inferior
Amostra Geral,EscoreGeral,43,< 1,Inferior
Amostra Geral,EscoreGeral,44,< 1,Inferior
Amostra Geral,EscoreGeral,45,< 1,Inferior
Amostra Geral,EscoreGeral,46,< 1,Inferior
Amostra Geral,EscoreGeral,47,< 1,Inferior
Amostra Geral,EscoreGeral,48,< 1,Inferior
Amostra Geral,EscoreGeral,49,< 1,Inferior
Amostra Geral,EscoreGeral,50,< 1,Inferior
Amostra Geral,EscoreGeral,51,< 1,Inferior
Amostra Geral,EscoreGeral,52,< 1,Inferior
Amostra Geral,EscoreGeral,53,< 1,Inferior
Amostra Geral,EscoreGeral,54,< 1,Inferior
Amostra Geral,EscoreGeral,55,< 1,Inferior
Amostra Geral,EscoreGeral,56,< 1,Inferior
Amostra Geral,EscoreGeral,57,< 1,Inferior
Amostra Geral,EscoreGeral,58,< 1,Inferior
Amostra Geral,EscoreGeral,59,< 1,Inferior
Amostra Geral,EscoreGeral,60,< 1,Inferior
Amostra Geral,EscoreGeral,61,< 1,Inferior
Amostra Geral,EscoreGeral,62,< 1,Inferior
Amostra Geral,EscoreGeral,63,< 1,Inferior
Amostra Geral,EscoreGeral,64,< 1,Inferior
Amostra Geral,EscoreGeral,65,< 1,Inferior
Amostra Geral,EscoreGeral,66,< 1,Inferior
Amostra Geral,EscoreGeral,67,< 1,Inferior
Amostra Geral,EscoreGeral,68,< 1,Inferior
Amostra Geral,EscoreGeral,69,< 1,Inferior
Amostra Geral,EscoreGeral,70,< 1,Inferior
Amostra Geral,EscoreGeral,71,< 1,Inferior
Amostra Geral,EscoreGeral,72,1,Inferior
Amostra Geral,EscoreGeral,73,> 1 e < 5,Inferior
Amostra Geral,EscoreGeral,74,> 1 e < 5,Inferior
Amostra Geral,EscoreGeral,75,> 1 e < 5,Inferior
Amostra Geral,EscoreGeral,76,> 1 e < 5,Inferior
Amostra Geral,EscoreGeral,77,> 1 e < 5,Inferior
Amostra Geral,EscoreGeral,78,> 1 e < 5,Inferior
Amostra Geral,EscoreGeral,79,> 1 e < 5,Inferior
Amostra Geral,EscoreGeral,80,> 1 e < 5,Inferior
Amostra Geral,EscoreGeral,81,> 1 e < 5,Inferior
Amostra Geral,EscoreGeral,82,> 1 e < 5,Inferior
Amostra Geral,EscoreGeral,83,> 1 e < 5,Inferior
Amostra Geral,EscoreGeral,84,> 1 e < 5,Inferior
Amostra Geral,EscoreGeral,85,> 1 e < 5,Inferior
Amostra Geral,EscoreGeral,86,> 1 e < 5,Inferior
Amostra Geral,EscoreGeral,87,> 1 e < 5,Inferior
Amostra Geral,EscoreGeral,88,> 1 e < 5,Inferior
Amostra Geral,EscoreGeral,89,> 1 e < 5,Inferior
Amostra Geral,EscoreGeral,90,> 1 e < 5,Inferior
Amostra Geral,EscoreGeral,91,> 1 e < 5,Inferior
Amostra Geral,EscoreGeral,92,> 1 e < 5,Inferior
Amostra Geral,EscoreGeral,93,> 1 e < 5,Inferior
Amostra Geral,EscoreGeral,94,> 1 e < 5,Inferior
Amostra Geral,EscoreGeral,95,> 1 e < 5,Inferior
Amostra Geral,EscoreGeral,96,> 1 e < 5,Inferior
Amostra Geral,EscoreGeral,97,> 1 e < 5,Inferior
Amostra Geral,EscoreGeral,98,> 1 e < 5,Inferior
Amostra Geral,EscoreGeral,99,> 1 e < 5,Inferior
Amostra Geral,EscoreGeral,100,> 1 e < 5,Inferior
Amostra Geral,EscoreGeral,101,5,Inferior
Amostra Geral,EscoreGeral,102,> 5 e < 10,Inferior
Amostra Geral,EscoreGeral,103,> 5 e < 10,Inferior
Amostra Geral,EscoreGeral,104,> 5 e < 10,Inferior
Amostra Geral,EscoreGeral,105,> 5 e < 10,Inferior
Amostra Geral,EscoreGeral,106,> 5 e < 10,Inferior
Amostra Geral,EscoreGeral,107,10,Inferior
Amostra Geral,EscoreGeral,108,> 10 e < 15,Inferior
Amostra Geral,EscoreGeral,109,> 10 e < 15,Inferior
Amostra Geral,EscoreGeral,110,> 10 e < 15,Inferior
Amostra Geral,EscoreGeral,111,> 10 e < 15,Inferior
Amostra Geral,EscoreGeral,112,> 10 e < 15,Inferior
Amostra Geral,EscoreGeral,113,> 10 e < 15,Inferior
Amostra Geral,EscoreGeral,114,> 10 e < 15,Inferior
Amostra Geral,EscoreGeral,115,15,Inferior
Amostra Geral,EscoreGeral,116,> 15 e < 20,Inferior
Amostra Geral,EscoreGeral,117,> 15 e < 20,Inferior
Amostra Geral,EscoreGeral,118,> 15 e < 20,Inferior
Amostra Geral,EscoreGeral,119,> 15 e < 20,Inferior
Amostra Geral,EscoreGeral,120,> 15 e < 20,Inferior
Amostra Geral,EscoreGeral,121,20,Inferior
Amostra Geral,EscoreGeral,122,> 20 e < 25,Inferior
Amostra Geral,EscoreGeral,123,> 20 e < 25,Inferior
Amostra Geral,EscoreGeral,124,> 20 e < 25,Inferior
Amostra Geral,EscoreGeral,125,> 20 e < 25,Inferior
Amostra Geral,EscoreGeral,126,> 20 e < 25,Inferior
Amostra Geral,EscoreGeral,127,> 20 e < 25,Inferior
Amostra Geral,EscoreGeral,128,> 20 e < 25,Inferior
Amostra Geral,EscoreGeral,129,25,Média Inferior
Amostra Geral,EscoreGeral,130,> 25 e < 30,Média Inferior
Amostra Geral,EscoreGeral,131,> 25 e < 30,Média Inferior
Amostra Geral,EscoreGeral,132,> 25 e < 30,Média Inferior
Amostra Geral,EscoreGeral,133,30,Média Inferior
Amostra Geral,EscoreGeral,134,> 30 e < 35,Média Inferior
Amostra Geral,EscoreGeral,135,> 30 e < 35,Média Inferior
Amostra Geral,EscoreGeral,136,> 30 e < 35,Média Inferior
Amostra Geral,EscoreGeral,137,> 30 e < 35,Média Inferior
Amostra Geral,EscoreGeral,138,> 30 e < 35,Média Inferior
Amostra Geral,EscoreGeral,139,35,Média Inferior
Amostra Geral,EscoreGeral,140,> 35 e < 40,Média Inferior
Amostra Geral,EscoreGeral,141,> 35 e < 40,Média Inferior
Amostra Geral,EscoreGeral,142,> 35 e < 40,Média Inferior
Amostra Geral,EscoreGeral,143,> 35 e < 40,Média Inferior
Amostra Geral,EscoreGeral,144,40,Média Inferior
Amostra Geral,EscoreGeral,145,> 40 e < 45,Média Inferior
Amostra Geral,EscoreGeral,146,> 40 e < 45,Média Inferior
Amostra Geral,EscoreGeral,147,> 40 e < 45,Média Inferior
Amostra Geral,EscoreGeral,148,45,Média
Amostra Geral,EscoreGeral,149,> 45 e < 50,Média
Amostra Geral,EscoreGeral,150,> 45 e < 50,Média
Amostra Geral,EscoreGeral,151,> 45 e < 50,Média
Amostra Geral,EscoreGeral,152,> 45 e < 50,Média
Amostra Geral,EscoreGeral,153,50,Média
Amostra Geral,EscoreGeral,154,> 50 e < 55,Média
Amostra Geral,EscoreGeral,155,> 50 e < 55,Média
Amostra Geral,EscoreGeral,156,> 50 e < 55,Média
Amostra Geral,EscoreGeral,157,> 50 e < 55,Média
Amostra Geral,EscoreGeral,158,> 50 e < 55,Média
Amostra Geral,EscoreGeral,159,55,Média
Amostra Geral,EscoreGeral,160,> 55 e < 60,Média
Amostra Geral,EscoreGeral,161,> 55 e < 60,Média
Amostra Geral,EscoreGeral,162,> 55 e < 60,Média
Amostra Geral,EscoreGeral,163,> 55 e < 60,Média
Amostra Geral,EscoreGeral,164,> 55 e < 60,Média
Amostra Geral,EscoreGeral,165,> 55 e < 60,Média
Amostra Geral,EscoreGeral,166,60,Média
Amostra Geral,EscoreGeral,167,> 60 e < 65,Média
Amostra Geral,EscoreGeral,168,> 60 e < 65,Média
Amostra Geral,EscoreGeral,169,> 60 e < 65,Média
Amostra Geral,EscoreGeral,170,65,Média Superior
Amostra Geral,EscoreGeral,171,> 65 e < 70,Média Superior
Amostra Geral,EscoreGeral,172,> 65 e < 70,Média Superior
Amostra Geral,EscoreGeral,173,> 65 e < 70,Média Superior
Amostra Geral,EscoreGeral,174,> 65 e < 70,Média Superior
Amostra Geral,EscoreGeral,175,> 65 e < 70,Média Superior
Amostra Geral,EscoreGeral,176,> 65 e < 70,Média Superior
Amostra Geral,EscoreGeral,177,70,Média Superior
Amostra Geral,EscoreGeral,178,> 70 e < 75,Média Superior
Amostra Geral,EscoreGeral,179,> 70 e < 75,Média Superior
Amostra Geral,EscoreGeral,180,> 70 e < 75,Média Superior
Amostra Geral,EscoreGeral,181,> 70 e < 75,Média Superior
Amostra Geral,EscoreGeral,182,> 70 e < 75,Média Superior
Amostra Geral,EscoreGeral,183,> 70 e < 75,Média Superior
Amostra Geral,EscoreGeral,184,> 70 e < 75,Média Superior
Amostra Geral,EscoreGeral,185,> 70 e < 75,Média Superior
Amostra Geral,EscoreGeral,186,> 70 e < 75,Média Superior
Amostra Geral,EscoreGeral,187,75,Média superior
Amostra Geral,EscoreGeral,188,> 75 e < 80,Média superior
Amostra Geral,EscoreGeral,189,> 75 e < 80,Média superior
Amostra Geral,EscoreGeral,190,> 75 e < 80,Média superior
Amostra Geral,EscoreGeral,191,> 75 e < 80,Média superior
Amostra Geral,EscoreGeral,192,80,Média superior
Amostra Geral,EscoreGeral,193,> 80 e < 85,Média superior
Amostra Geral,EscoreGeral,194,> 80 e < 85,Média superior
Amostra Geral,EscoreGeral,195,> 80 e < 85,Média superior
Amostra Geral,EscoreGeral,196,> 80 e < 85,Média superior
Amostra Geral,EscoreGeral,197,> 80 e < 85,Média superior
Amostra Geral,EscoreGeral,198,> 80 e < 85,Média superior
Amostra Geral,EscoreGeral,199,> 80 e < 85,Média superior
Amostra Geral,EscoreGeral,200,> 80 e < 85,Média superior
Amostra Geral,EscoreGeral,201,> 80 e < 85,Média superior
Amostra Geral,EscoreGeral,202,> 80 e < 85,Média superior
Amostra Geral,EscoreGeral,203,> 80 e < 85,Média superior
Amostra Geral,EscoreGeral,204,> 80 e < 85,Média superior
Amostra Geral,EscoreGeral,205,> 80 e < 85,Média superior
Amostra Geral,EscoreGeral,206,> 80 e < 85,Média superior
Amostra Geral,EscoreGeral,207,85,Superior
Amostra Geral,EscoreGeral,208,> 85 e < 90,Superior
Amostra Geral,EscoreGeral,209,> 85 e < 90,Superior
Amostra Geral,EscoreGeral,210,> 85 e < 90,Superior
Amostra Geral,EscoreGeral,211,> 85 e < 90,Superior
Amostra Geral,EscoreGeral,212,> 85 e < 90,Superior
Amostra Geral,EscoreGeral,213,> 85 e < 90,Superior
Amostra Geral,EscoreGeral,214,> 85 e < 90,Superior
Amostra Geral,EscoreGeral,215,> 85 e < 90,Superior
Amostra Geral,EscoreGeral,216,> 85 e < 90,Superior
Amostra Geral,EscoreGeral,217,> 85 e < 90,Superior
Amostra Geral,EscoreGeral,218,90,Superior
Amostra Geral,EscoreGeral,219,> 90 e < 95,Superior
Amostra Geral,EscoreGeral,220,> 90 e < 95,Superior
Amostra Geral,EscoreGeral,221,> 90 e < 95,Superior
Amostra Geral,EscoreGeral,222,> 90 e < 95,Superior
Amostra Geral,EscoreGeral,223,> 90 e < 95,Superior
Amostra Geral,EscoreGeral,224,> 90 e < 95,Superior
Amostra Geral,EscoreGeral,225,> 90 e < 95,Superior
Amostra Geral,EscoreGeral,226,> 90 e < 95,Superior
Amostra Geral,EscoreGeral,227,> 90 e < 95,Superior
Amostra Geral,EscoreGeral,228,> 90 e < 95,Superior
Amostra Geral,EscoreGeral,229,> 90 e < 95,Superior
Amostra Geral,EscoreGeral,230,> 90 e < 95,Superior
Amostra Geral,EscoreGeral,231,> 90 e < 95,Superior
Amostra Geral,EscoreGeral,232,> 90 e < 95,Superior
Amostra Geral,EscoreGeral,233,> 90 e < 95,Superior
Amostra Geral,EscoreGeral,234,> 90 e < 95,Superior
Amostra Geral,EscoreGeral,235,> 90 e < 95,Superior
Amostra Geral,EscoreGeral,236,> 90 e < 95,Superior
Amostra Geral,EscoreGeral,237,> 90 e < 95,Superior
Amostra Geral,EscoreGeral,238,95,Superior
Amostra Geral,EscoreGeral,239,> 95 e < 99,Superior
Amostra Geral,EscoreGeral,240,> 95 e < 99,Superior
Amostra Geral,EscoreGeral,241,> 95 e < 99,Superior
Amostra Geral,EscoreGeral,242,> 95 e < 99,Superior
Amostra Geral,EscoreGeral,243,> 95 e < 99,Superior
Amostra Geral,EscoreGeral,244,> 95 e < 99,Superior
Amostra Geral,EscoreGeral,245,> 95 e < 99,Superior
Amostra Geral,EscoreGeral,246,> 95 e < 99,Superior
Amostra Geral,EscoreGeral,247,> 95 e < 99,Superior
Amostra Geral,EscoreGeral,248,> 95 e < 99,Superior
Amostra Geral,EscoreGeral,249,> 95 e < 99,Superior
Amostra Geral,EscoreGeral,250,> 95 e < 99,Superior
Amostra Geral,EscoreGeral,251,> 95 e < 99,Superior
Amostra Geral,EscoreGeral,252,> 95 e < 99,Superior
Amostra Geral,EscoreGeral,253,> 95 e < 99,Superior
Amostra Geral,EscoreGeral,254,> 95 e < 99,Superior
Amostra Geral,EscoreGeral,255,> 95 e < 99,Superior
Amostra Geral,EscoreGeral,256,> 95 e < 99,Superior
Amostra Geral,EscoreGeral,257,> 95 e < 99,Superior
Amostra Geral,EscoreGeral,258,> 95 e < 99,Superior
Amostra Geral,EscoreGeral,259,> 95 e < 99,Superior
Amostra Geral,EscoreGeral,260,> 95 e < 99,Superior
Amostra Geral,EscoreGeral,261,> 95 e < 99,Superior
Amostra Geral,EscoreGeral,262,> 95 e < 99,Superior
Amostra Geral,EscoreGeral,263,> 95 e < 99,Superior
Amostra Geral,EscoreGeral,264,> 95 e < 99,Superior
Amostra Geral,EscoreGeral,265,> 95 e < 99,Superior
Amostra Geral,EscoreGeral,266,99,Superior
Amostra Geral,EscoreGeral,267,> 99,Superior
Amostra Geral,EscoreGeral,268,> 99,Superior
Amostra Geral,EscoreGeral,269,> 99,Superior
Amostra Geral,EscoreGeral,270,> 99,Superior
Amostra Geral,EscoreGeral,271,> 99,Superior
Amostra Geral,EscoreGeral,272,> 99,Superior
Amostra Geral,EscoreGeral,273,> 99,Superior
Amostra Geral,EscoreGeral,274,> 99,Superior
Amostra Geral,EscoreGeral,275,> 99,Superior
Amostra Geral,EscoreGeral,276,> 99,Superior
Amostra Geral,EscoreGeral,277,> 99,Superior
Amostra Geral,EscoreGeral,278,> 99,Superior
Amostra Geral,EscoreGeral,279,> 99,Superior
Amostra Geral,EscoreGeral,280,> 99,Superior
Amostra Geral,EscoreGeral,281,> 99,Superior
Amostra Geral,EscoreGeral,282,> 99,Superior
Amostra Geral,EscoreGeral,283,> 99,Superior
Amostra Geral,EscoreGeral,284,> 99,Superior
Amostra Geral,EscoreGeral,285,> 99,Superior
Amostra Geral,EscoreGeral,286,> 99,Superior
Amostra Geral,EscoreGeral,287,> 99,Superior
Amostra Geral,EscoreGeral,288,> 99,Superior
Amostra Geral,EscoreGeral,289,> 99,Superior
Amostra Geral,EscoreGeral,290,> 99,Superior
Amostra Geral,EscoreGeral,291,> 99,Superior
Amostra Geral,EscoreGeral,292,> 99,Superior
Amostra Geral,EscoreGeral,293,> 99,Superior
Amostra Geral,EscoreGeral,294,> 99,Superior
Amostra Geral,EscoreGeral,295,> 99,Superior
Amostra Geral,EscoreGeral,296,> 99,Superior
Amostra Geral,EscoreGeral,297,> 99,Superior
Amostra Geral,EscoreGeral,298,> 99,Superior
Amostra Geral,EscoreGeral,299,> 99,Superior
Amostra Geral,EscoreGeral,300,> 99,Superior
Amostra Geral,EscoreGeral,301,> 99,Superior
Amostra Geral,EscoreGeral,302,> 99,Superior
Amostra Geral,EscoreGeral,303,> 99,Superior
Amostra Geral,EscoreGeral,304,> 99,Superior
Amostra Geral,EscoreGeral,305,> 99,Superior
Amostra Geral,EscoreGeral,306,> 99,Superior
Amostra Geral,EscoreGeral,307,> 99,Superior
Amostra Geral,EscoreGeral,308,> 99,Superior
Amostra Geral,EscoreGeral,309,> 99,Superior
Amostra Geral,EscoreGeral,310,> 99,Superior
Amostra Geral,EscoreGeral,311,> 99,Superior
Amostra Geral,EscoreGeral,312,> 99,Superior
Amostra Geral,EscoreGeral,313,> 99,Superior
Amostra Geral,EscoreGeral,314,> 99,Superior
Amostra Geral,EscoreGeral,315,> 99,Superior
Amostra Geral,EscoreGeral,316,> 99,Superior
Amostra Geral,EscoreGeral,317,> 99,Superior
Amostra Geral,EscoreGeral,318,> 99,Superior
Amostra Geral,EscoreGeral,319,> 99,Superior
Amostra Geral,EscoreGeral,320,> 99,Superior
Amostra Geral,EscoreGeral,321,> 99,Superior
Amostra Geral,EscoreGeral,322,> 99,Superior
Amostra Geral,EscoreGeral,323,> 99,Superior
Amostra Geral,EscoreGeral,324,> 99,Superior
Amostra Geral,EscoreGeral,325,> 99,Superior
Amostra Geral,EscoreGeral,326,> 99,Superior
Amostra Geral,EscoreGeral,327,> 99,Superior
Amostra Geral,EscoreGeral,328,> 99,Superior
Amostra Geral,EscoreGeral,329,> 99,Superior
Amostra Geral,EscoreGeral,330,> 99,Superior
Amostra Geral,EscoreGeral,331,> 99,Superior
Amostra Geral,EscoreGeral,332,> 99,Superior
Amostra Geral,EscoreGeral,333,> 99,Superior
Amostra Geral,EscoreGeral,334,> 99,Superior
Amostra Geral,EscoreGeral,335,> 99,Superior
Amostra Geral,EscoreGeral,336,> 99,Superior
Amostra Geral,EscoreGeral,337,> 99,Superior
Amostra Geral,EscoreGeral,338,> 99,Superior
Amostra Geral,EscoreGeral,339,> 99,Superior
Amostra Geral,EscoreGeral,340,> 99,Superior
Amostra Geral,EscoreGeral,341,> 99,Superior
Amostra Geral,EscoreGeral,342,> 99,Superior
Amostra Geral,EscoreGeral,343,> 99,Superior
Amostra Geral,EscoreGeral,344,> 99,Superior
Amostra Geral,EscoreGeral,345,> 99,Superior
Amostra Geral,EscoreGeral,346,> 99,Superior
Amostra Geral,EscoreGeral,347,> 99,Superior
Amostra Geral,EscoreGeral,348,> 99,Superior
Amostra Geral,F1_RegulacaoEmocional,1,< 1,Inferior
Amostra Geral,F1_RegulacaoEmocional,2,< 1,Inferior
Amostra Geral,F1_RegulacaoEmocional,3,< 1,Inferior
Amostra Geral,F1_RegulacaoEmocional,4,< 1,Inferior
Amostra Geral,F1_RegulacaoEmocional,5,< 1,Inferior
Amostra Geral,F1_RegulacaoEmocional,6,< 1,Inferior
Amostra Geral,F1_RegulacaoEmocional,7,< 1,Inferior
Amostra Geral,F1_RegulacaoEmocional,8,< 1,Inferior
Amostra Geral,F1_RegulacaoEmocional,9,< 1,Inferior
Amostra Geral,F1_RegulacaoEmocional,10,< 1,Inferior
Amostra Geral,F1_RegulacaoEmocional,11,< 1,Inferior
Amostra Geral,F1_RegulacaoEmocional,12,< 1,Inferior
Amostra Geral,F1_RegulacaoEmocional,13,< 1,Inferior
Amostra Geral,F1_RegulacaoEmocional,14,< 1,Inferior
Amostra Geral,F1_RegulacaoEmocional,15,< 1,Inferior
Amostra Geral,F1_RegulacaoEmocional,16,< 1,Inferior
Amostra Geral,F1_RegulacaoEmocional,17,< 1,Inferior
Amostra Geral,F1_RegulacaoEmocional,18,< 1,Inferior
Amostra Geral,F1_RegulacaoEmocional,19,< 1,Inferior
Amostra Geral,F1_RegulacaoEmocional,20,1,Inferior
Amostra Geral,F1_RegulacaoEmocional,21,> 1 e < 5,Inferior
Amostra Geral,F1_RegulacaoEmocional,22,> 1 e < 5,Inferior
Amostra Geral,F1_RegulacaoEmocional,23,> 1 e < 5,Inferior
Amostra Geral,F1_RegulacaoEmocional,24,> 1 e < 5,Inferior
Amostra Geral,F1_RegulacaoEmocional,25,5,Inferior
Amostra Geral,F1_RegulacaoEmocional,26,> 5 e < 10,Inferior
Amostra Geral,F1_RegulacaoEmocional,27,> 5 e < 10,Inferior
Amostra Geral,F1_RegulacaoEmocional,28,> 5 e < 10,Inferior
Amostra Geral,F1_RegulacaoEmocional,28.4,10,Inferior
Amostra Geral,F1_RegulacaoEmocional,29,> 10 e < 15,Inferior
Amostra Geral,F1_RegulacaoEmocional,30,15,Inferior
Amostra Geral,F1_RegulacaoEmocional,31,20,Inferior
Amostra Geral,F1_RegulacaoEmocional,32,> 20 e < 25,Inferior
Amostra Geral,F1_RegulacaoEmocional,33,25,Média Inferior
Amostra Geral,F1_RegulacaoEmocional,34,> 25 e < 30,Média Inferior
Amostra Geral,F1_RegulacaoEmocional,35,30,Média Inferior
Amostra Geral,F1_RegulacaoEmocional,36,> 30 e < 35,Média Inferior
Amostra Geral,F1_RegulacaoEmocional,36.4,35,Média Inferior
Amostra Geral,F1_RegulacaoEmocional,37,> 35 e < 40,Média Inferior
Amostra Geral,F1_RegulacaoEmocional,38,40,Média Inferior
Amostra Geral,F1_RegulacaoEmocional,39,> 40 e < 45,Média Inferior
Amostra Geral,F1_RegulacaoEmocional,40,45,Média
Amostra Geral,F1_RegulacaoEmocional,41,> 45 e < 50,Média
Amostra Geral,F1_RegulacaoEmocional,42,50,Média
Amostra Geral,F1_RegulacaoEmocional,43,> 50 e < 55,Média
Amostra Geral,F1_RegulacaoEmocional,44,> 50 e < 55,Média
Amostra Geral,F1_RegulacaoEmocional,45,55,Média
Amostra Geral,F1_RegulacaoEmocional,46,> 55 e < 60,Média
Amostra Geral,F1_RegulacaoEmocional,47,60,Média
Amostra Geral,F1_RegulacaoEmocional,48,> 60 e < 65,Média
Amostra Geral,F1_RegulacaoEmocional,49,65,Média Superior
Amostra Geral,F1_RegulacaoEmocional,50,> 65 e < 70,Média Superior
Amostra Geral,F1_RegulacaoEmocional,51,70,Média Superior
Amostra Geral,F1_RegulacaoEmocional,52,> 70 e < 75,Média Superior
Amostra Geral,F1_RegulacaoEmocional,53,75,Média superior
Amostra Geral,F1_RegulacaoEmocional,54,> 75 e < 80,Média superior
Amostra Geral,F1_RegulacaoEmocional,55,> 75 e < 80,Média superior
Amostra Geral,F1_RegulacaoEmocional,56,80,Média superior
Amostra Geral,F1_RegulacaoEmocional,57,> 80 e < 85,Média superior
Amostra Geral,F1_RegulacaoEmocional,58,> 80 e < 85,Média superior
Amostra Geral,F1_RegulacaoEmocional,59,> 80 e < 85,Média superior
Amostra Geral,F1_RegulacaoEmocional,60,> 80 e < 85,Média superior
Amostra Geral,F1_RegulacaoEmocional,61,85,Superior
Amostra Geral,F1_RegulacaoEmocional,62,> 85 e < 90,Superior
Amostra Geral,F1_RegulacaoEmocional,63,> 85 e < 90,Superior
Amostra Geral,F1_RegulacaoEmocional,64,> 85 e < 90,Superior
Amostra Geral,F1_RegulacaoEmocional,65,> 85 e < 90,Superior
Amostra Geral,F1_RegulacaoEmocional,66,> 85 e < 90,Superior
Amostra Geral,F1_RegulacaoEmocional,67,> 85 e < 90,Superior
Amostra Geral,F1_RegulacaoEmocional,67.8,90,Superior
Amostra Geral,F1_RegulacaoEmocional,68,> 90 e < 95,Superior
Amostra Geral,F1_RegulacaoEmocional,69,> 90 e < 95,Superior
Amostra Geral,F1_RegulacaoEmocional,70,> 90 e < 95,Superior
Amostra Geral,F1_RegulacaoEmocional,71,> 90 e < 95,Superior
Amostra Geral,F1_RegulacaoEmocional,72,> 90 e < 95,Superior
Amostra Geral,F1_RegulacaoEmocional,73,> 90 e < 95,Superior
Amostra Geral,F1_RegulacaoEmocional,74,> 90 e < 95,Superior
Amostra Geral,F1_RegulacaoEmocional,75,> 90 e < 95,Superior
Amostra Geral,F1_RegulacaoEmocional,76,> 90 e < 95,Superior
Amostra Geral,F1_RegulacaoEmocional,77,> 90 e < 95,Superior
Amostra Geral,F1_RegulacaoEmocional,77.8,95,Superior
Amostra Geral,F1_RegulacaoEmocional,78,> 95 e < 99,Superior
Amostra Geral,F1_RegulacaoEmocional,79,> 95 e < 99,Superior
Amostra Geral,F1_RegulacaoEmocional,80,> 95 e < 99,Superior
Amostra Geral,F1_RegulacaoEmocional,81,> 95 e < 99,Superior
Amostra Geral,F1_RegulacaoEmocional,82,> 95 e < 99,Superior
Amostra Geral,F1_RegulacaoEmocional,83,> 95 e < 99,Superior
Amostra Geral,F1_RegulacaoEmocional,84,> 95 e < 99,Superior
Amostra Geral,F1_RegulacaoEmocional,85,> 95 e < 99,Superior
Amostra Geral,F1_RegulacaoEmocional,86,> 95 e < 99,Superior
Amostra Geral,F1_RegulacaoEmocional,87,> 95 e < 99,Superior
Amostra Geral,F1_RegulacaoEmocional,88,> 95 e < 99,Superior
Amostra Geral,F1_RegulacaoEmocional,89,> 95 e < 99,Superior
Amostra Geral,F1_RegulacaoEmocional,90,> 95 e < 99,Superior
Amostra Geral,F1_RegulacaoEmocional,91,> 95 e < 99,Superior
Amostra Geral,F1_RegulacaoEmocional,92,> 95 e < 99,Superior
Amostra Geral,F1_RegulacaoEmocional,93,> 95 e < 99,Superior
Amostra Geral,F1_RegulacaoEmocional,94,> 95 e < 99,Superior
Amostra Geral,F1_RegulacaoEmocional,94.68,99,Superior
Amostra Geral,F1_RegulacaoEmocional,95,> 99,Superior
Amostra Geral,F1_RegulacaoEmocional,96,> 99,Superior
Amostra Geral,F1_RegulacaoEmocional,97,> 99,Superior
Amostra Geral,F1_RegulacaoEmocional,98,> 99,Superior
Amostra Geral,F1_RegulacaoEmocional,99,> 99,Superior
Amostra Geral,F1_RegulacaoEmocional,100,> 99,Superior
Amostra Geral,F1_RegulacaoEmocional,101,> 99,Superior
Amostra Geral,F1_RegulacaoEmocional,102,> 99,Superior
Amostra Geral,F1_RegulacaoEmocional,103,> 99,Superior
Amostra Geral,F1_RegulacaoEmocional,104,> 99,Superior
Amostra Geral,F1_RegulacaoEmocional,105,> 99,Superior
Amostra Geral,F1_RegulacaoEmocional,106,> 99,Superior
Amostra Geral,F1_RegulacaoEmocional,107,> 99,Superior
Amostra Geral,F1_RegulacaoEmocional,108,> 99,Superior
Amostra Geral,F1_RegulacaoEmocional,109,> 99,Superior
Amostra Geral,F1_RegulacaoEmocional,110,> 99,Superior
Amostra Geral,F1_RegulacaoEmocional,111,> 99,Superior
Amostra Geral,F1_RegulacaoEmocional,112,> 99,Superior
Amostra Geral,F1_RegulacaoEmocional,113,> 99,Superior
Amostra Geral,F1_RegulacaoEmocional,114,> 99,Superior
Amostra Geral,F1_RegulacaoEmocional,115,> 99,Superior
Amostra Geral,F1_RegulacaoEmocional,116,> 99,Superior
Amostra Geral,F1_RegulacaoEmocional,117,> 99,Superior
Amostra Geral,F1_RegulacaoEmocional,118,> 99,Superior
Amostra Geral,F1_RegulacaoEmocional,119,> 99,Superior
Amostra Geral,F1_RegulacaoEmocional,120,> 99,Superior
Amostra Geral,F2_HiperatividadeImpulsividade,1,< 1,Inferior
Amostra Geral,F2_HiperatividadeImpulsividade,2,< 1,Inferior
Amostra Geral,F2_HiperatividadeImpulsividade,3,< 1,Inferior
Amostra Geral,F2_HiperatividadeImpulsividade,4,< 1,Inferior
Amostra Geral,F2_HiperatividadeImpulsividade,5,< 1,Inferior
Amostra Geral,F2_HiperatividadeImpulsividade,6,< 1,Inferior
Amostra Geral,F2_HiperatividadeImpulsividade,7,< 1,Inferior
Amostra Geral,F2_HiperatividadeImpulsividade,8,< 1,Inferior
Amostra Geral,F2_HiperatividadeImpulsividade,9,< 1,Inferior
Amostra Geral,F2_HiperatividadeImpulsividade,10,< 1,Inferior
Amostra Geral,F2_HiperatividadeImpulsividade,11,< 1,Inferior
Amostra Geral,F2_HiperatividadeImpulsividade,12,< 1,Inferior
Amostra Geral,F2_HiperatividadeImpulsividade,13,< 1,Inferior
Amostra Geral,F2_HiperatividadeImpulsividade,14,< 1,Inferior
Amostra Geral,F2_HiperatividadeImpulsividade,15,1,Inferior
Amostra Geral,F2_HiperatividadeImpulsividade,16,> 1 e < 5,Inferior
Amostra Geral,F2_HiperatividadeImpulsividade,17,> 1 e < 5,Inferior
Amostra Geral,F2_HiperatividadeImpulsividade,18,> 1 e < 5,Inferior
Amostra Geral,F2_HiperatividadeImpulsividade,18.2,5,Inferior
Amostra Geral,F2_HiperatividadeImpulsividade,19,> 5 e < 10,Inferior
Amostra Geral,F2_HiperatividadeImpulsividade,20,> 5 e < 10,Inferior
Amostra Geral,F2_HiperatividadeImpulsividade,21,10,Inferior
Amostra Geral,F2_HiperatividadeImpulsividade,22,> 10 e < 15,Inferior
Amostra Geral,F2_HiperatividadeImpulsividade,23,15,Inferior
Amostra Geral,F2_HiperatividadeImpulsividade,24,> 15 e < 20,Inferior
Amostra Geral,F2_HiperatividadeImpulsividade,24.8,20,Inferior
Amostra Geral,F2_HiperatividadeImpulsividade,25,> 20 e < 25,Inferior
Amostra Geral,F2_HiperatividadeImpulsividade,26,25,Média Inferior
Amostra Geral,F2_HiperatividadeImpulsividade,27,30,Média Inferior
Amostra Geral,F2_HiperatividadeImpulsividade,28,35,Média Inferior
Amostra Geral,F2_HiperatividadeImpulsividade,29,40,Média Inferior
Amostra Geral,F2_HiperatividadeImpulsividade,30,45,Média
Amostra Geral,F2_HiperatividadeImpulsividade,31,> 45 e < 50,Média
Amostra Geral,F2_HiperatividadeImpulsividade,32,50,Média
Amostra Geral,F2_HiperatividadeImpulsividade,33,> 50 e < 55,Média
Amostra Geral,F2_HiperatividadeImpulsividade,34,55,Média
Amostra Geral,F2_HiperatividadeImpulsividade,35,60,Média
Amostra Geral,F2_HiperatividadeImpulsividade,36,> 60 e < 65,Média
Amostra Geral,F2_HiperatividadeImpulsividade,37,65,Média Superior
Amostra Geral,F2_HiperatividadeImpulsividade,38,> 65 e < 70,Média Superior
Amostra Geral,F2_HiperatividadeImpulsividade,39,> 65 e < 70,Média Superior
Amostra Geral,F2_HiperatividadeImpulsividade,40,70,Média Superior
Amostra Geral,F2_HiperatividadeImpulsividade,41,> 70 e < 75,Média Superior
Amostra Geral,F2_HiperatividadeImpulsividade,42,75,Média superior
Amostra Geral,F2_HiperatividadeImpulsividade,43,> 75 e < 80,Média superior
Amostra Geral,F2_HiperatividadeImpulsividade,44,80,Média superior
Amostra Geral,F2_HiperatividadeImpulsividade,45,> 80 e < 85,Média superior
Amostra Geral,F2_HiperatividadeImpulsividade,46,> 80 e < 85,Média superior
Amostra Geral,F2_HiperatividadeImpulsividade,47,> 80 e < 85,Média superior
Amostra Geral,F2_HiperatividadeImpulsividade,48,> 80 e < 85,Média superior
Amostra Geral,F2_HiperatividadeImpulsividade,48.8,85,Superior
Amostra Geral,F2_HiperatividadeImpulsividade,49,> 85 e < 90,Superior
Amostra Geral,F2_HiperatividadeImpulsividade,50,> 85 e < 90,Superior
Amostra Geral,F2_HiperatividadeImpulsividade,51,> 85 e < 90,Superior
Amostra Geral,F2_HiperatividadeImpulsividade,52,> 85 e < 90,Superior
Amostra Geral,F2_HiperatividadeImpulsividade,53,> 85 e < 90,Superior
Amostra Geral,F2_HiperatividadeImpulsividade,54,> 85 e < 90,Superior
Amostra Geral,F2_HiperatividadeImpulsividade,55,> 85 e < 90,Superior
Amostra Geral,F2_HiperatividadeImpulsividade,55.6,90,Superior
Amostra Geral,F2_HiperatividadeImpulsividade,56,> 90 e < 95,Superior
Amostra Geral,F2_HiperatividadeImpulsividade,57,> 90 e < 95,Superior
Amostra Geral,F2_HiperatividadeImpulsividade,58,> 90 e < 95,Superior
Amostra Geral,F2_HiperatividadeImpulsividade,59,> 90 e < 95,Superior
Amostra Geral,F2_HiperatividadeImpulsividade,60,> 90 e < 95,Superior
Amostra Geral,F2_HiperatividadeImpulsividade,61,> 90 e < 95,Superior
Amostra Geral,F2_HiperatividadeImpulsividade,62,> 90 e < 95,Superior
Amostra Geral,F2_HiperatividadeImpulsividade,63,> 90 e < 95,Superior
Amostra Geral,F2_HiperatividadeImpulsividade,64,> 90 e < 95,Superior
Amostra Geral,F2_HiperatividadeImpulsividade,65,> 90 e < 95,Superior
Amostra Geral,F2_HiperatividadeImpulsividade,65.8,95,Superior
Amostra Geral,F2_HiperatividadeImpulsividade,66,> 95 e < 99,Superior
Amostra Geral,F2_HiperatividadeImpulsividade,67,> 95 e < 99,Superior
Amostra Geral,F2_HiperatividadeImpulsividade,68,> 95 e < 99,Superior
Amostra Geral,F2_HiperatividadeImpulsividade,69,> 95 e < 99,Superior
Amostra Geral,F2_HiperatividadeImpulsividade,70,> 95 e < 99,Superior
Amostra Geral,F2_HiperatividadeImpulsividade,71,> 95 e < 99,Superior
Amostra Geral,F2_HiperatividadeImpulsividade,72,> 95 e < 99,Superior
Amostra Geral,F2_HiperatividadeImpulsividade,73,> 95 e < 99,Superior
Amostra Geral,F2_HiperatividadeImpulsividade,74,99,Superior
Amostra Geral,F2_HiperatividadeImpulsividade,75,> 99,Superior
Amostra Geral,F2_HiperatividadeImpulsividade,76,> 99,Superior
Amostra Geral,F2_HiperatividadeImpulsividade,77,> 99,Superior
Amostra Geral,F2_HiperatividadeImpulsividade,78,> 99,Superior
Amostra Geral,F2_HiperatividadeImpulsividade,79,> 99,Superior
Amostra Geral,F2_HiperatividadeImpulsividade,80,> 99,Superior
Amostra Geral,F3_ComportamentoAdaptativo,1,< 1,Inferior
Amostra Geral,F3_ComportamentoAdaptativo,2,< 1,Inferior
Amostra Geral,F3_ComportamentoAdaptativo,3,< 1,Inferior
Amostra Geral,F3_ComportamentoAdaptativo,4,< 1,Inferior
Amostra Geral,F3_ComportamentoAdaptativo,5,< 1,Inferior
Amostra Geral,F3_ComportamentoAdaptativo,6,< 1,Inferior
Amostra Geral,F3_ComportamentoAdaptativo,7,< 1,Inferior
Amostra Geral,F3_ComportamentoAdaptativo,8,< 1,Inferior
Amostra Geral,F3_ComportamentoAdaptativo,9,< 1,Inferior
Amostra Geral,F3_ComportamentoAdaptativo,10,< 1,Inferior
Amostra Geral,F3_ComportamentoAdaptativo,11,< 1,Inferior
Amostra Geral,F3_ComportamentoAdaptativo,12,< 1,Inferior
Amostra Geral,F3_ComportamentoAdaptativo,13,< 1,Inferior
Amostra Geral,F3_ComportamentoAdaptativo,14,< 1,Inferior
Amostra Geral,F3_ComportamentoAdaptativo,15,< 1,Inferior
Amostra Geral,F3_ComportamentoAdaptativo,16,< 1,Inferior
Amostra Geral,F3_ComportamentoAdaptativo,17,< 1,Inferior
Amostra Geral,F3_ComportamentoAdaptativo,18,1,Inferior
Amostra Geral,F3_ComportamentoAdaptativo,19,> 1 e < 5,Inferior
Amostra Geral,F3_ComportamentoAdaptativo,20,> 1 e < 5,Inferior
Amostra Geral,F3_ComportamentoAdaptativo,21,> 1 e < 5,Inferior
Amostra Geral,F3_ComportamentoAdaptativo,22,> 1 e < 5,Inferior
Amostra Geral,F3_ComportamentoAdaptativo,23,> 1 e < 5,Inferior
Amostra Geral,F3_ComportamentoAdaptativo,24,> 1 e < 5,Inferior
Amostra Geral,F3_ComportamentoAdaptativo,25,> 1 e < 5,Inferior
Amostra Geral,F3_ComportamentoAdaptativo,25.2,5,Inferior
Amostra Geral,F3_ComportamentoAdaptativo,26,> 5 e < 10,Inferior
Amostra Geral,F3_ComportamentoAdaptativo,27,> 5 e < 10,Inferior
Amostra Geral,F3_ComportamentoAdaptativo,28,> 5 e < 10,Inferior
Amostra Geral,F3_ComportamentoAdaptativo,29,> 5 e < 10,Inferior
Amostra Geral,F3_ComportamentoAdaptativo,30,> 5 e < 10,Inferior
Amostra Geral,F3_ComportamentoAdaptativo,31,> 5 e < 10,Inferior
Amostra Geral,F3_ComportamentoAdaptativo,32,10,Inferior
Amostra Geral,F3_ComportamentoAdaptativo,33,> 10 e < 15,Inferior
Amostra Geral,F3_ComportamentoAdaptativo,34,> 10 e < 15,Inferior
Amostra Geral,F3_ComportamentoAdaptativo,35,15,Inferior
Amostra Geral,F3_ComportamentoAdaptativo,36,> 15 e < 20,Inferior
Amostra Geral,F3_ComportamentoAdaptativo,37,20,Inferior
Amostra Geral,F3_ComportamentoAdaptativo,38,> 20 e < 25,Inferior
Amostra Geral,F3_ComportamentoAdaptativo,39,> 20 e < 25,Inferior
Amostra Geral,F3_ComportamentoAdaptativo,40,25,Média Inferior
Amostra Geral,F3_ComportamentoAdaptativo,41,> 25 e < 30,Média Inferior
Amostra Geral,F3_ComportamentoAdaptativo,42,30,Média Inferior
Amostra Geral,F3_ComportamentoAdaptativo,43,> 30 e < 35,Média Inferior
Amostra Geral,F3_ComportamentoAdaptativo,44,35,Média Inferior
Amostra Geral,F3_ComportamentoAdaptativo,45,> 35 e < 40,Média Inferior
Amostra Geral,F3_ComportamentoAdaptativo,46,40,Média Inferior
Amostra Geral,F3_ComportamentoAdaptativo,47,> 40 e < 45,Média Inferior
Amostra Geral,F3_ComportamentoAdaptativo,48,45,Média
Amostra Geral,F3_ComportamentoAdaptativo,49,50,Média
Amostra Geral,F3_ComportamentoAdaptativo,50,> 50 e < 55,Média
Amostra Geral,F3_ComportamentoAdaptativo,51,> 50 e < 55,Média
Amostra Geral,F3_ComportamentoAdaptativo,51.2,55,Média
Amostra Geral,F3_ComportamentoAdaptativo,52,> 55 e < 60,Média
Amostra Geral,F3_ComportamentoAdaptativo,53,60,Média
Amostra Geral,F3_ComportamentoAdaptativo,54,65,Média Superior
Amostra Geral,F3_ComportamentoAdaptativo,55,70,Média Superior
Amostra Geral,F3_ComportamentoAdaptativo,56,> 70 e < 75,Média Superior
Amostra Geral,F3_ComportamentoAdaptativo,57,75,Média superior
Amostra Geral,F3_ComportamentoAdaptativo,58,> 75 e < 80,Média superior
Amostra Geral,F3_ComportamentoAdaptativo,59,> 75 e < 80,Média superior
Amostra Geral,F3_ComportamentoAdaptativo,60,80,Média superior
Amostra Geral,F3_ComportamentoAdaptativo,61,85,Superior
Amostra Geral,F3_ComportamentoAdaptativo,62,> 85 e < 90,Superior
Amostra Geral,F3_ComportamentoAdaptativo,63,> 85 e < 90,Superior
Amostra Geral,F3_ComportamentoAdaptativo,64,> 85 e < 90,Superior
Amostra Geral,F3_ComportamentoAdaptativo,65,90,Superior
Amostra Geral,F3_ComportamentoAdaptativo,66,> 90 e < 95,Superior
Amostra Geral,F3_ComportamentoAdaptativo,67,> 90 e < 95,Superior
Amostra Geral,F3_ComportamentoAdaptativo,68.8,95,Superior
Amostra Geral,F3_ComportamentoAdaptativo,69,> 95 e < 99,Superior
Amostra Geral,F3_ComportamentoAdaptativo,70,> 95 e < 99,Superior
Amostra Geral,F3_ComportamentoAdaptativo,71,> 95 e < 99,Superior
Amostra Geral,F3_ComportamentoAdaptativo,72,> 95 e < 99,Superior
Amostra Geral,F3_ComportamentoAdaptativo,73,> 95 e < 99,Superior
Amostra Geral,F3_ComportamentoAdaptativo,74,99,Superior
Amostra Geral,F3_ComportamentoAdaptativo,75,> 99,Superior
Amostra Geral,F3_ComportamentoAdaptativo,76,> 99,Superior
Amostra Geral,F3_ComportamentoAdaptativo,77,> 99,Superior
Amostra Geral,F3_ComportamentoAdaptativo,78,> 99,Superior
Amostra Geral,F3_ComportamentoAdaptativo,79,> 99,Superior
Amostra Geral,F3_ComportamentoAdaptativo,80,> 99,Superior
Amostra Geral,F3_ComportamentoAdaptativo,81,> 99,Superior
Amostra Geral,F3_ComportamentoAdaptativo,82,> 99,Superior
Amostra Geral,F3_ComportamentoAdaptativo,83,> 99,Superior
Amostra Geral,F3_ComportamentoAdaptativo,84,> 99,Superior
Amostra Geral,F3_ComportamentoAdaptativo,85,> 99,Superior
Amostra Geral,F3_ComportamentoAdaptativo,86,> 99,Superior
Amostra Geral,F3_ComportamentoAdaptativo,87,> 99,Superior
Amostra Geral,F3_ComportamentoAdaptativo,88,> 99,Superior
Amostra Geral,F3_ComportamentoAdaptativo,89,> 99,Superior
Amostra Geral,F3_ComportamentoAdaptativo,90,> 99,Superior
Amostra Geral,F4_Atencao,1,< 1,Inferior
Amostra Geral,F4_Atencao,2,< 1,Inferior
Amostra Geral,F4_Atencao,3,< 1,Inferior
Amostra Geral,F4_Atencao,4,< 1,Inferior
Amostra Geral,F4_Atencao,5,< 1,Inferior
Amostra Geral,F4_Atencao,6,< 1,Inferior
Amostra Geral,F4_Atencao,7,< 1,Inferior
Amostra Geral,F4_Atencao,8,< 1,Inferior
Amostra Geral,F4_Atencao,9,< 1,Inferior
Amostra Geral,F4_Atencao,10,< 1,Inferior
Amostra Geral,F4_Atencao,11,< 1,Inferior
Amostra Geral,F4_Atencao,12,1,Inferior
Amostra Geral,F4_Atencao,13,> 1 e < 5,Inferior
Amostra Geral,F4_Atencao,14,> 1 e < 5,Inferior
Amostra Geral,F4_Atencao,15,> 1 e < 5,Inferior
Amostra Geral,F4_Atencao,15,5,Inferior
Amostra Geral,F4_Atencao,16,> 5 e < 10,Inferior
Amostra Geral,F4_Atencao,17,10,Inferior
Amostra Geral,F4_Atencao,18,> 10 e < 15,Inferior
Amostra Geral,F4_Atencao,19,15,Inferior
Amostra Geral,F4_Atencao,20,> 15 e < 20,Inferior
Amostra Geral,F4_Atencao,21,20,Inferior
Amostra Geral,F4_Atencao,22,25,Média Inferior
Amostra Geral,F4_Atencao,23,30,Média Inferior
Amostra Geral,F4_Atencao,24,> 30 e < 35,Média Inferior
Amostra Geral,F4_Atencao,24.4,35,Média Inferior
Amostra Geral,F4_Atencao,25,> 35 e < 40,Média Inferior
Amostra Geral,F4_Atencao,26,40,Média Inferior
Amostra Geral,F4_Atencao,27,45,Média
Amostra Geral,F4_Atencao,28,> 45 e < 50,Média
Amostra Geral,F4_Atencao,29,50,Média
Amostra Geral,F4_Atencao,30,55,Média
Amostra Geral,F4_Atencao,31,> 55 e < 60,Média
Amostra Geral,F4_Atencao,32,60,Média
Amostra Geral,F4_Atencao,33,> 60 e < 65,Média
Amostra Geral,F4_Atencao,34,65,Média Superior
Amostra Geral,F4_Atencao,35,70,Média Superior
Amostra Geral,F4_Atencao,36,75,Média superior
Amostra Geral,F4_Atencao,37,> 75 e < 80,Média superior
Amostra Geral,F4_Atencao,38,> 75 e < 80,Média superior
Amostra Geral,F4_Atencao,39,80,Média superior
Amostra Geral,F4_Atencao,40,> 80 e < 85,Média superior
Amostra Geral,F4_Atencao,41,85,Superior
Amostra Geral,F4_Atencao,42,> 85 e < 90,Superior
Amostra Geral,F4_Atencao,43,> 85 e < 90,Superior
Amostra Geral,F4_Atencao,44,> 85 e < 90,Superior
Amostra Geral,F4_Atencao,45,> 85 e < 90,Superior
Amostra Geral,F4_Atencao,45.6,90,Superior
Amostra Geral,F4_Atencao,46,> 90 e < 95,Superior
Amostra Geral,F4_Atencao,47,> 90 e < 95,Superior
Amostra Geral,F4_Atencao,48,> 90 e < 95,Superior
Amostra Geral,F4_Atencao,49,> 90 e < 95,Superior
Amostra Geral,F4_Atencao,50,> 90 e < 95,Superior
Amostra Geral,F4_Atencao,50.8,95,Superior
Amostra Geral,F4_Atencao,51,> 95 e < 99,Superior
Amostra Geral,F4_Atencao,52,> 95 e < 99,Superior
Amostra Geral,F4_Atencao,53,> 95 e < 99,Superior
Amostra Geral,F4_Atencao,54,> 95 e < 99,Superior
Amostra Geral,F4_Atencao,55,> 95 e < 99,Superior
Amostra Geral,F4_Atencao,56,> 95 e < 99,Superior
Amostra Geral,F4_Atencao,57,> 95 e < 99,Superior
Amostra Geral,F4_Atencao,58,> 95 e < 99,Superior
Amostra Geral,F4_Atencao,59,> 95 e < 99,Superior
Amostra Geral,F4_Atencao,60,> 95 e < 99,Superior
Amostra Geral,F4_Atencao,61,> 95 e < 99,Superior
Amostra Geral,F4_Atencao,62,> 95 e < 99,Superior
Amostra Geral,F4_Atencao,63,> 95 e < 99,Superior
Amostra Geral,F4_Atencao,64,99,Superior
Amostra Geral,F4_Atencao,65,> 99,Superior
Amostra Geral,F4_Atencao,66,> 99,Superior
Amostra Geral,F4_Atencao,67,> 99,Superior
Amostra Geral,F4_Atencao,68,> 99,Superior
Amostra Geral,F4_Atencao,69,> 99,Superior
Amostra Geral,F4_Atencao,70,> 99,Superior
Amostra Geral,F4_Atencao,71,> 99,Superior
Amostra Geral,F4_Atencao,72,> 99,Superior
Amostra Geral,F4_Atencao,73,> 99,Superior
Amostra Geral,F4_Atencao,74,> 99,Superior
Amostra Geral,F4_Atencao,75,> 99,Superior
Feminino 2-5 anos,EscoreGeral,50,< 1,Inferior
Feminino 2-5 anos,EscoreGeral,51,< 1,Inferior
Feminino 2-5 anos,EscoreGeral,52,< 1,Inferior
Feminino 2-5 anos,EscoreGeral,53,< 1,Inferior
Feminino 2-5 anos,EscoreGeral,54,< 1,Inferior
Feminino 2-5 anos,EscoreGeral,55,< 1,Inferior
Feminino 2-5 anos,EscoreGeral,56,< 1,Inferior
Feminino 2-5 anos,EscoreGeral,57,< 1,Inferior
Feminino 2-5 anos,EscoreGeral,58,< 1,Inferior
Feminino 2-5 anos,EscoreGeral,59,< 1,Inferior
Feminino 2-5 anos,EscoreGeral,60,< 1,Inferior
Feminino 2-5 anos,EscoreGeral,61,< 1,Inferior
Feminino 2-5 anos,EscoreGeral,62,< 1,Inferior
Feminino 2-5 anos,EscoreGeral,63,< 1,Inferior
Feminino 2-5 anos,EscoreGeral,64,< 1,Inferior
Feminino 2-5 anos,EscoreGeral,65,< 1,Inferior
Feminino 2-5 anos,EscoreGeral,66,< 1,Inferior
Feminino 2-5 anos,EscoreGeral,67,< 1,Inferior
Feminino 2-5 anos,EscoreGeral,68,< 1,Inferior
Feminino 2-5 anos,EscoreGeral,69,< 1,Inferior
Feminino 2-5 anos,EscoreGeral,70,< 1,Inferior
Feminino 2-5 anos,EscoreGeral,71,< 1,Inferior
Feminino 2-5 anos,EscoreGeral,72,< 1,Inferior
Feminino 2-5 anos,EscoreGeral,73,< 1,Inferior
Feminino 2-5 anos,EscoreGeral,74,< 1,Inferior
Feminino 2-5 anos,EscoreGeral,75,< 1,Inferior
Feminino 2-5 anos,EscoreGeral,76,< 1,Inferior
Feminino 2-5 anos,EscoreGeral,77,< 1,Inferior
Feminino 2-5 anos,EscoreGeral,78,< 1,Inferior
Feminino 2-5 anos,EscoreGeral,79,< 1,Inferior
Feminino 2-5 anos,EscoreGeral,80,< 1,Inferior
Feminino 2-5 anos,EscoreGeral,81,< 1,Inferior
Feminino 2-5 anos,EscoreGeral,82,< 1,Inferior
Feminino 2-5 anos,EscoreGeral,83,< 1,Inferior
Feminino 2-5 anos,EscoreGeral,84,< 1,Inferior
Feminino 2-5 anos,EscoreGeral,85,< 1,Inferior
Feminino 2-5 anos,EscoreGeral,86,< 1,Inferior
Feminino 2-5 anos,EscoreGeral,87,< 1,Inferior
Feminino 2-5 anos,EscoreGeral,88,< 1,Inferior
Feminino 2-5 anos,EscoreGeral,89,< 1,Inferior
Feminino 2-5 anos,EscoreGeral,90,< 1,Inferior
Feminino 2-5 anos,EscoreGeral,91,< 1,Inferior
Feminino 2-5 anos,EscoreGeral,92,< 1,Inferior
Feminino 2-5 anos,EscoreGeral,93,< 1,Inferior
Feminino 2-5 anos,EscoreGeral,94,< 1,Inferior
Feminino 2-5 anos,EscoreGeral,95,< 1,Inferior
Feminino 2-5 anos,EscoreGeral,96,< 1,Inferior
Feminino 2-5 anos,EscoreGeral,97,< 1,Inferior
Feminino 2-5 anos,EscoreGeral,98,< 1,Inferior
Feminino 2-5 anos,EscoreGeral,99,< 1,Inferior
Feminino 2-5 anos,EscoreGeral,100,< 1,Inferior
Feminino 2-5 anos,EscoreGeral,101,< 1,Inferior
Feminino 2-5 anos,EscoreGeral,102,< 1,Inferior
Feminino 2-5 anos,EscoreGeral,103,< 1,Inferior
Feminino 2-5 anos,EscoreGeral,104,< 1,Inferior
Feminino 2-5 anos,EscoreGeral,105,< 1,Inferior
Feminino 2-5 anos,EscoreGeral,106,1,Inferior
Feminino 2-5 anos,EscoreGeral,107,5,Inferior
Feminino 2-5 anos,EscoreGeral,108,> 5 e < 10,Inferior
Feminino 2-5 anos,EscoreGeral,109,> 5 e < 10,Inferior
Feminino 2-5 anos,EscoreGeral,110,> 5 e < 10,Inferior
Feminino 2-5 anos,EscoreGeral,111,> 5 e < 10,Inferior
Feminino 2-5 anos,EscoreGeral,112,> 5 e < 10,Inferior
Feminino 2-5 anos,EscoreGeral,113,> 5 e < 10,Inferior
Feminino 2-5 anos,EscoreGeral,114,> 5 e < 10,Inferior
Feminino 2-5 anos,EscoreGeral,115,> 5 e < 10,Inferior
Feminino 2-5 anos,EscoreGeral,116,10,Inferior
Feminino 2-5 anos,EscoreGeral,117,> 10 e < 15,Inferior
Feminino 2-5 anos,EscoreGeral,118,> 10 e < 15,Inferior
Feminino 2-5 anos,EscoreGeral,119,> 10 e < 15,Inferior
Feminino 2-5 anos,EscoreGeral,119.3,15,Inferior
Feminino 2-5 anos,EscoreGeral,120,> 15 e < 20,Inferior
Feminino 2-5 anos,EscoreGeral,121,> 15 e < 20,Inferior
Feminino 2-5 anos,EscoreGeral,122,> 15 e < 20,Inferior
Feminino 2-5 anos,EscoreGeral,123,> 15 e < 20,Inferior
Feminino 2-5 anos,EscoreGeral,124,> 15 e < 20,Inferior
Feminino 2-5 anos,EscoreGeral,125,> 15 e < 20,Inferior
Feminino 2-5 anos,EscoreGeral,126,> 15 e < 20,Inferior
Feminino 2-5 anos,EscoreGeral,127,> 15 e < 20,Inferior
Feminino 2-5 anos,EscoreGeral,127.4,20,Inferior
Feminino 2-5 anos,EscoreGeral,128,> 20 e < 25,Inferior
Feminino 2-5 anos,EscoreGeral,129,> 20 e < 25,Inferior
Feminino 2-5 anos,EscoreGeral,130.5,25,Média Inferior
Feminino 2-5 anos,EscoreGeral,131,> 25 e < 30,Média Inferior
Feminino 2-5 anos,EscoreGeral,132,> 25 e < 30,Média Inferior
Feminino 2-5 anos,EscoreGeral,133,> 25 e < 30,Média Inferior
Feminino 2-5 anos,EscoreGeral,133.6,30,Média Inferior
Feminino 2-5 anos,EscoreGeral,134,> 30 e < 35,Média Inferior
Feminino 2-5 anos,EscoreGeral,135,> 30 e < 35,Média Inferior
Feminino 2-5 anos,EscoreGeral,136,> 30 e < 35,Média Inferior
Feminino 2-5 anos,EscoreGeral,136.8,35,Média Inferior
Feminino 2-5 anos,EscoreGeral,137,> 35 e < 40,Média Inferior
Feminino 2-5 anos,EscoreGeral,138,> 35 e < 40,Média Inferior
Feminino 2-5 anos,EscoreGeral,139,> 35 e < 40,Média Inferior
Feminino 2-5 anos,EscoreGeral,139.6,40,Média Inferior
Feminino 2-5 anos,EscoreGeral,140,> 40 e < 45,Média Inferior
Feminino 2-5 anos,EscoreGeral,141,> 40 e < 45,Média Inferior
Feminino 2-5 anos,EscoreGeral,142,> 40 e < 45,Média Inferior
Feminino 2-5 anos,EscoreGeral,143,> 40 e < 45,Média Inferior
Feminino 2-5 anos,EscoreGeral,144,> 40 e < 45,Média Inferior
Feminino 2-5 anos,EscoreGeral,145,> 40 e < 45,Média Inferior
Feminino 2-5 anos,EscoreGeral,146,> 40 e < 45,Média Inferior
Feminino 2-5 anos,EscoreGeral,147,> 40 e < 45,Média Inferior
Feminino 2-5 anos,EscoreGeral,148,> 40 e < 45,Média Inferior
Feminino 2-5 anos,EscoreGeral,149,> 40 e < 45,Média Inferior
Feminino 2-5 anos,EscoreGeral,150,> 40 e < 45,Média Inferior
Feminino 2-5 anos,EscoreGeral,151,> 40 e < 45,Média Inferior
Feminino 2-5 anos,EscoreGeral,151.7,45,Média
Feminino 2-5 anos,EscoreGeral,152,> 45 e < 50,Média
Feminino 2-5 anos,EscoreGeral,153,> 45 e < 50,Média
Feminino 2-5 anos,EscoreGeral,154,> 45 e < 50,Média
Feminino 2-5 anos,EscoreGeral,155,50,Média
Feminino 2-5 anos,EscoreGeral,156,> 50 e < 55,Média
Feminino 2-5 anos,EscoreGeral,157,> 50 e < 55,Média
Feminino 2-5 anos,EscoreGeral,158,> 50 e < 55,Média
Feminino 2-5 anos,EscoreGeral,159,> 50 e < 55,Média
Feminino 2-5 anos,EscoreGeral,160,> 50 e < 55,Média
Feminino 2-5 anos,EscoreGeral,160.4,55,Média
Feminino 2-5 anos,EscoreGeral,161,> 55 e < 60,Média
Feminino 2-5 anos,EscoreGeral,162,> 55 e < 60,Média
Feminino 2-5 anos,EscoreGeral,163,> 55 e < 60,Média
Feminino 2-5 anos,EscoreGeral,164,> 55 e < 60,Média
Feminino 2-5 anos,EscoreGeral,165,> 55 e < 60,Média
Feminino 2-5 anos,EscoreGeral,166,> 55 e < 60,Média
Feminino 2-5 anos,EscoreGeral,167,> 55 e < 60,Média
Feminino 2-5 anos,EscoreGeral,168,> 55 e < 60,Média
Feminino 2-5 anos,EscoreGeral,169,> 55 e < 60,Média
Feminino 2-5 anos,EscoreGeral,170,> 55 e < 60,Média
Feminino 2-5 anos,EscoreGeral,171,> 55 e < 60,Média
Feminino 2-5 anos,EscoreGeral,172,> 55 e < 60,Média
Feminino 2-5 anos,EscoreGeral,173,> 55 e < 60,Média
Feminino 2-5 anos,EscoreGeral,173.8,60,Média
Feminino 2-5 anos,EscoreGeral,174,> 60 e < 65,Média
Feminino 2-5 anos,EscoreGeral,175,> 60 e < 65,Média
Feminino 2-5 anos,EscoreGeral,176,> 60 e < 65,Média
Feminino 2-5 anos,EscoreGeral,177,> 60 e < 65,Média
Feminino 2-5 anos,EscoreGeral,178,> 60 e < 65,Média
Feminino 2-5 anos,EscoreGeral,179,> 60 e < 65,Média
Feminino 2-5 anos,EscoreGeral,180,> 60 e < 65,Média
Feminino 2-5 anos,EscoreGeral,180.3,65,Média Superior
Feminino 2-5 anos,EscoreGeral,181,> 65 e < 70,Média Superior
Feminino 2-5 anos,EscoreGeral,182,> 65 e < 70,Média Superior
Feminino 2-5 anos,EscoreGeral,183,> 65 e < 70,Média Superior
Feminino 2-5 anos,EscoreGeral,184,> 65 e < 70,Média Superior
Feminino 2-5 anos,EscoreGeral,185,> 65 e < 70,Média Superior
Feminino 2-5 anos,EscoreGeral,186,> 65 e < 70,Média Superior
Feminino 2-5 anos,EscoreGeral,187,> 65 e < 70,Média Superior
Feminino 2-5 anos,EscoreGeral,188,> 65 e < 70,Média Superior
Feminino 2-5 anos,EscoreGeral,189,> 65 e < 70,Média Superior
Feminino 2-5 anos,EscoreGeral,190,> 65 e < 70,Média Superior
Feminino 2-5 anos,EscoreGeral,191,> 65 e < 70,Média Superior
Feminino 2-5 anos,EscoreGeral,191.2,70,Média Superior
Feminino 2-5 anos,EscoreGeral,192,> 70 e < 75,Média Superior
Feminino 2-5 anos,EscoreGeral,193,> 70 e < 75,Média Superior
Feminino 2-5 anos,EscoreGeral,194,> 70 e < 75,Média Superior
Feminino 2-5 anos,EscoreGeral,195,> 70 e < 75,Média Superior
Feminino 2-5 anos,EscoreGeral,196,> 70 e < 75,Média Superior
Feminino 2-5 anos,EscoreGeral,196.5,75,Média superior
Feminino 2-5 anos,EscoreGeral,197,> 75 e < 80,Média superior
Feminino 2-5 anos,EscoreGeral,198,> 75 e < 80,Média superior
Feminino 2-5 anos,EscoreGeral,199,> 75 e < 80,Média superior
Feminino 2-5 anos,EscoreGeral,200,> 75 e < 80,Média superior
Feminino 2-5 anos,EscoreGeral,201,> 75 e < 80,Média superior
Feminino 2-5 anos,EscoreGeral,202,> 75 e < 80,Média superior
Feminino 2-5 anos,EscoreGeral,203,> 75 e < 80,Média superior
Feminino 2-5 anos,EscoreGeral,204,> 75 e < 80,Média superior
Feminino 2-5 anos,EscoreGeral,205,> 75 e < 80,Média superior
Feminino 2-5 anos,EscoreGeral,206,> 75 e < 80,Média superior
Feminino 2-5 anos,EscoreGeral,207,> 75 e < 80,Média superior
Feminino 2-5 anos,EscoreGeral,208,> 75 e < 80,Média superior
Feminino 2-5 anos,EscoreGeral,209,80,Média superior
Feminino 2-5 anos,EscoreGeral,210,> 80 e < 85,Média superior
Feminino 2-5 anos,EscoreGeral,211,> 80 e < 85,Média superior
Feminino 2-5 anos,EscoreGeral,212,> 80 e < 85,Média superior
Feminino 2-5 anos,EscoreGeral,213,> 80 e < 85,Média superior
Feminino 2-5 anos,EscoreGeral,214,> 80 e < 85,Média superior
Feminino 2-5 anos,EscoreGeral,215,> 80 e < 85,Média superior
Feminino 2-5 anos,EscoreGeral,216,> 80 e < 85,Média superior
Feminino 2-5 anos,EscoreGeral,217,85,Superior
Feminino 2-5 anos,EscoreGeral,218,> 85 e < 90,Superior
Feminino 2-5 anos,EscoreGeral,219,> 85 e < 90,Superior
Feminino 2-5 anos,EscoreGeral,220,> 85 e < 90,Superior
Feminino 2-5 anos,EscoreGeral,221,> 85 e < 90,Superior
Feminino 2-5 anos,EscoreGeral,222,> 85 e < 90,Superior
Feminino 2-5 anos,EscoreGeral,223,> 85 e < 90,Superior
Feminino 2-5 anos,EscoreGeral,224,> 85 e < 90,Superior
Feminino 2-5 anos,EscoreGeral,225,> 85 e < 90,Superior
Feminino 2-5 anos,EscoreGeral,226,> 85 e < 90,Superior
Feminino 2-5 anos,EscoreGeral,227,> 85 e < 90,Superior
Feminino 2-5 anos,EscoreGeral,228,> 85 e < 90,Superior
Feminino 2-5 anos,EscoreGeral,229,> 85 e < 90,Superior
Feminino 2-5 anos,EscoreGeral,230,> 85 e < 90,Superior
Feminino 2-5 anos,EscoreGeral,231,> 85 e < 90,Superior
Feminino 2-5 anos,EscoreGeral,232,> 85 e < 90,Superior
Feminino 2-5 anos,EscoreGeral,233,> 85 e < 90,Superior
Feminino 2-5 anos,EscoreGeral,234,> 85 e < 90,Superior
Feminino 2-5 anos,EscoreGeral,235,> 85 e < 90,Superior
Feminino 2-5 anos,EscoreGeral,236,> 85 e < 90,Superior
Feminino 2-5 anos,EscoreGeral,237,> 85 e < 90,Superior
Feminino 2-5 anos,EscoreGeral,238,> 85 e < 90,Superior
Feminino 2-5 anos,EscoreGeral,239,> 85 e < 90,Superior
Feminino 2-5 anos,EscoreGeral,240,> 85 e < 90,Superior
Feminino 2-5 anos,EscoreGeral,241,> 85 e < 90,Superior
Feminino 2-5 anos,EscoreGeral,242,> 85 e < 90,Superior
Feminino 2-5 anos,EscoreGeral,243,> 85 e < 90,Superior
Feminino 2-5 anos,EscoreGeral,244,> 85 e < 90,Superior
Feminino 2-5 anos,EscoreGeral,244.2,90,Superior
Feminino 2-5 anos,EscoreGeral,245,> 90 e < 95,Superior
Feminino 2-5 anos,EscoreGeral,246,> 90 e < 95,Superior
Feminino 2-5 anos,EscoreGeral,247,> 90 e < 95,Superior
Feminino 2-5 anos,EscoreGeral,248,> 90 e < 95,Superior
Feminino 2-5 anos,EscoreGeral,249,> 90 e < 95,Superior
Feminino 2-5 anos,EscoreGeral,250,> 90 e < 95,Superior
Feminino 2-5 anos,EscoreGeral,251,> 90 e < 95,Superior
Feminino 2-5 anos,EscoreGeral,252,> 90 e < 95,Superior
Feminino 2-5 anos,EscoreGeral,252.8,95,Superior
Feminino 2-5 anos,EscoreGeral,253,> 95 e < 99,Superior
Feminino 2-5 anos,EscoreGeral,254,> 95 e < 99,Superior
Feminino 2-5 anos,EscoreGeral,255,> 95 e < 99,Superior
Feminino 2-5 anos,EscoreGeral,256,> 95 e < 99,Superior
Feminino 2-5 anos,EscoreGeral,257,> 95 e < 99,Superior
Feminino 2-5 anos,EscoreGeral,258,> 95 e < 99,Superior
Feminino 2-5 anos,EscoreGeral,259,> 95 e < 99,Superior
Feminino 2-5 anos,EscoreGeral,260,> 95 e < 99,Superior
Feminino 2-5 anos,EscoreGeral,261,> 95 e < 99,Superior
Feminino 2-5 anos,EscoreGeral,262,> 95 e < 99,Superior
Feminino 2-5 anos,EscoreGeral,263,> 95 e < 99,Superior
Feminino 2-5 anos,EscoreGeral,264,> 95 e < 99,Superior
Feminino 2-5 anos,EscoreGeral,265,> 95 e < 99,Superior
Feminino 2-5 anos,EscoreGeral,266,> 95 e < 99,Superior
Feminino 2-5 anos,EscoreGeral,267,> 95 e < 99,Superior
Feminino 2-5 anos,EscoreGeral,268,> 95 e < 99,Superior
Feminino 2-5 anos,EscoreGeral,269,> 95 e < 99,Superior
Feminino 2-5 anos,EscoreGeral,270,> 95 e < 99,Superior
Feminino 2-5 anos,EscoreGeral,271,> 95 e < 99,Superior
Feminino 2-5 anos,EscoreGeral,272,> 95 e < 99,Superior
Feminino 2-5 anos,EscoreGeral,273,> 95 e < 99,Superior
Feminino 2-5 anos,EscoreGeral,274,> 95 e < 99,Superior
Feminino 2-5 anos,EscoreGeral,275,> 95 e < 99,Superior
Feminino 2-5 anos,EscoreGeral,276,> 95 e < 99,Superior
Feminino 2-5 anos,EscoreGeral,277,> 95 e < 99,Superior
Feminino 2-5 anos,EscoreGeral,278,> 95 e < 99,Superior
Feminino 2-5 anos,EscoreGeral,279,> 95 e < 99,Superior
Feminino 2-5 anos,EscoreGeral,280,> 95 e < 99,Superior
Feminino 2-5 anos,EscoreGeral,281,> 95 e < 99,Superior
Feminino 2-5 anos,EscoreGeral,282,> 95 e < 99,Superior
Feminino 2-5 anos,EscoreGeral,283,> 95 e < 99,Superior
Feminino 2-5 anos,EscoreGeral,284,> 95 e < 99,Superior
Feminino 2-5 anos,EscoreGeral,285,> 95 e < 99,Superior
Feminino 2-5 anos,EscoreGeral,286,> 95 e < 99,Superior
Feminino 2-5 anos,EscoreGeral,287,> 95 e < 99,Superior
Feminino 2-5 anos,EscoreGeral,288,> 95 e < 99,Superior
Feminino 2-5 anos,EscoreGeral,289,> 95 e < 99,Superior
Feminino 2-5 anos,EscoreGeral,290,> 95 e < 99,Superior
Feminino 2-5 anos,EscoreGeral,291,> 95 e < 99,Superior
Feminino 2-5 anos,EscoreGeral,292,> 95 e < 99,Superior
Feminino 2-5 anos,EscoreGeral,293,> 95 e < 99,Superior
Feminino 2-5 anos,EscoreGeral,294,> 95 e < 99,Superior
Feminino 2-5 anos,EscoreGeral,295,> 95 e < 99,Superior
Feminino 2-5 anos,EscoreGeral,296,> 95 e < 99,Superior
Feminino 2-5 anos,EscoreGeral,297,> 95 e < 99,Superior
Feminino 2-5 anos,EscoreGeral,298,> 95 e < 99,Superior
Feminino 2-5 anos,EscoreGeral,299,> 95 e < 99,Superior
Feminino 2-5 anos,EscoreGeral,300,> 95 e < 99,Superior
Feminino 2-5 anos,EscoreGeral,301,> 95 e < 99,Superior
Feminino 2-5 anos,EscoreGeral,302,> 95 e < 99,Superior
Feminino 2-5 anos,EscoreGeral,303,> 95 e < 99,Superior
Feminino 2-5 anos,EscoreGeral,304,> 95 e < 99,Superior
Feminino 2-5 anos,EscoreGeral,305,> 95 e < 99,Superior
Feminino 2-5 anos,EscoreGeral,306,> 95 e < 99,Superior
Feminino 2-5 anos,EscoreGeral,307,> 95 e < 99,Superior
Feminino 2-5 anos,EscoreGeral,308,> 95 e < 99,Superior
Feminino 2-5 anos,EscoreGeral,309,> 95 e < 99,Superior
Feminino 2-5 anos,EscoreGeral,310,> 95 e < 99,Superior
Feminino 2-5 anos,EscoreGeral,311,> 95 e < 99,Superior
Feminino 2-5 anos,EscoreGeral,312,> 95 e < 99,Superior
Feminino 2-5 anos,EscoreGeral,313,> 95 e < 99,Superior
Feminino 2-5 anos,EscoreGeral,314,> 95 e < 99,Superior
Feminino 2-5 anos,EscoreGeral,315,> 95 e < 99,Superior
Feminino 2-5 anos,EscoreGeral,316,> 95 e < 99,Superior
Feminino 2-5 anos,EscoreGeral,317,> 95 e < 99,Superior
Feminino 2-5 anos,EscoreGeral,318,> 95 e < 99,Superior
Feminino 2-5 anos,EscoreGeral,319,> 95 e < 99,Superior
Feminino 2-5 anos,EscoreGeral,320,> 95 e < 99,Superior
Feminino 2-5 anos,EscoreGeral,321,> 95 e < 99,Superior
Feminino 2-5 anos,EscoreGeral,322,> 95 e < 99,Superior
Feminino 2-5 anos,EscoreGeral,323,> 95 e < 99,Superior
Feminino 2-5 anos,EscoreGeral,324,> 95 e < 99,Superior
Feminino 2-5 anos,EscoreGeral,325,> 95 e < 99,Superior
Feminino 2-5 anos,EscoreGeral,326,> 95 e < 99,Superior
Feminino 2-5 anos,EscoreGeral,327,> 95 e < 99,Superior
Feminino 2-5 anos,EscoreGeral,328,> 95 e < 99,Superior
Feminino 2-5 anos,EscoreGeral,329,> 95 e < 99,Superior
Feminino 2-5 anos,EscoreGeral,330,> 95 e < 99,Superior
Feminino 2-5 anos,EscoreGeral,331,> 95 e < 99,Superior
Feminino 2-5 anos,EscoreGeral,332,> 95 e < 99,Superior
Feminino 2-5 anos,EscoreGeral,333,> 95 e < 99,Superior
Feminino 2-5 anos,EscoreGeral,334,> 95 e < 99,Superior
Feminino 2-5 anos,EscoreGeral,335,> 95 e < 99,Superior
Feminino 2-5 anos,EscoreGeral,336,> 95 e < 99,Superior
Feminino 2-5 anos,EscoreGeral,337,> 95 e < 99,Superior
Feminino 2-5 anos,EscoreGeral,338,> 95 e < 99,Superior
Feminino 2-5 anos,EscoreGeral,339,> 95 e < 99,Superior
Feminino 2-5 anos,EscoreGeral,340,> 95 e < 99,Superior
Feminino 2-5 anos,EscoreGeral,341,> 95 e < 99,Superior
Feminino 2-5 anos,EscoreGeral,342,> 95 e < 99,Superior
Feminino 2-5 anos,EscoreGeral,343,> 95 e < 99,Superior
Feminino 2-5 anos,EscoreGeral,344,> 95 e < 99,Superior
Feminino 2-5 anos,EscoreGeral,345,> 95 e < 99,Superior
Feminino 2-5 anos,EscoreGeral,346,> 95 e < 99,Superior
Feminino 2-5 anos,EscoreGeral,347,> 95 e < 99,Superior
Feminino 2-5 anos,EscoreGeral,348,> 95 e < 99,Superior
Feminino 2-5 anos,F1_RegulacaoEmocional,1,< 1,Inferior
Feminino 2-5 anos,F1_RegulacaoEmocional,2,< 1,Inferior
Feminino 2-5 anos,F1_RegulacaoEmocional,3,< 1,Inferior
Feminino 2-5 anos,F1_RegulacaoEmocional,4,< 1,Inferior
Feminino 2-5 anos,F1_RegulacaoEmocional,5,< 1,Inferior
Feminino 2-5 anos,F1_RegulacaoEmocional,6,< 1,Inferior
Feminino 2-5 anos,F1_RegulacaoEmocional,7,< 1,Inferior
Feminino 2-5 anos,F1_RegulacaoEmocional,8,< 1,Inferior
Feminino 2-5 anos,F1_RegulacaoEmocional,9,< 1,Inferior
Feminino 2-5 anos,F1_RegulacaoEmocional,10,< 1,Inferior
Feminino 2-5 anos,F1_RegulacaoEmocional,11,< 1,Inferior
Feminino 2-5 anos,F1_RegulacaoEmocional,12,< 1,Inferior
Feminino 2-5 anos,F1_RegulacaoEmocional,13,< 1,Inferior
Feminino 2-5 anos,F1_RegulacaoEmocional,14,< 1,Inferior
Feminino 2-5 anos,F1_RegulacaoEmocional,15,< 1,Inferior
Feminino 2-5 anos,F1_RegulacaoEmocional,16,< 1,Inferior
Feminino 2-5 anos,F1_RegulacaoEmocional,17,< 1,Inferior
Feminino 2-5 anos,F1_RegulacaoEmocional,18,< 1,Inferior
Feminino 2-5 anos,F1_RegulacaoEmocional,19,< 1,Inferior
Feminino 2-5 anos,F1_RegulacaoEmocional,20,< 1,Inferior
Feminino 2-5 anos,F1_RegulacaoEmocional,21,< 1,Inferior
Feminino 2-5 anos,F1_RegulacaoEmocional,22,< 1,Inferior
Feminino 2-5 anos,F1_RegulacaoEmocional,23,1,Inferior
Feminino 2-5 anos,F1_RegulacaoEmocional,23.9,5,Inferior
Feminino 2-5 anos,F1_RegulacaoEmocional,24,> 5 e < 10,Inferior
Feminino 2-5 anos,F1_RegulacaoEmocional,25,> 5 e < 10,Inferior
Feminino 2-5 anos,F1_RegulacaoEmocional,26,> 5 e < 10,Inferior
Feminino 2-5 anos,F1_RegulacaoEmocional,27,> 5 e < 10,Inferior
Feminino 2-5 anos,F1_RegulacaoEmocional,28,> 5 e < 10,Inferior
Feminino 2-5 anos,F1_RegulacaoEmocional,29,> 5 e < 10,Inferior
Feminino 2-5 anos,F1_RegulacaoEmocional,30,> 5 e < 10,Inferior
Feminino 2-5 anos,F1_RegulacaoEmocional,31,> 5 e < 10,Inferior
Feminino 2-5 anos,F1_RegulacaoEmocional,32,> 5 e < 10,Inferior
Feminino 2-5 anos,F1_RegulacaoEmocional,32.6,10,Inferior
Feminino 2-5 anos,F1_RegulacaoEmocional,33,> 10 e < 15,Inferior
Feminino 2-5 anos,F1_RegulacaoEmocional,34,> 10 e < 15,Inferior
Feminino 2-5 anos,F1_RegulacaoEmocional,35,> 10 e < 15,Inferior
Feminino 2-5 anos,F1_RegulacaoEmocional,35.3,15,Inferior
Feminino 2-5 anos,F1_RegulacaoEmocional,36,20,Inferior
Feminino 2-5 anos,F1_RegulacaoEmocional,36.5,25,Média Inferior
Feminino 2-5 anos,F1_RegulacaoEmocional,37,> 25 e < 30,Média Inferior
Feminino 2-5 anos,F1_RegulacaoEmocional,38,> 25 e < 30,Média Inferior
Feminino 2-5 anos,F1_RegulacaoEmocional,38.8,30,Média Inferior
Feminino 2-5 anos,F1_RegulacaoEmocional,39,> 30 e < 35,Média Inferior
Feminino 2-5 anos,F1_RegulacaoEmocional,40,> 30 e < 35,Média Inferior
Feminino 2-5 anos,F1_RegulacaoEmocional,40.7,35,Média Inferior
Feminino 2-5 anos,F1_RegulacaoEmocional,41,> 35 e < 40,Média Inferior
Feminino 2-5 anos,F1_RegulacaoEmocional,41.8,40,Média Inferior
Feminino 2-5 anos,F1_RegulacaoEmocional,42,> 40 e < 45,Média Inferior
Feminino 2-5 anos,F1_RegulacaoEmocional,43,> 40 e < 45,Média Inferior
Feminino 2-5 anos,F1_RegulacaoEmocional,44,> 40 e < 45,Média Inferior
Feminino 2-5 anos,F1_RegulacaoEmocional,44.7,45,Média
Feminino 2-5 anos,F1_RegulacaoEmocional,45,> 45 e < 50,Média
Feminino 2-5 anos,F1_RegulacaoEmocional,46,> 45 e < 50,Média
Feminino 2-5 anos,F1_RegulacaoEmocional,47,50,Média
Feminino 2-5 anos,F1_RegulacaoEmocional,48,> 50 e < 55,Média
Feminino 2-5 anos,F1_RegulacaoEmocional,49,> 50 e < 55,Média
Feminino 2-5 anos,F1_RegulacaoEmocional,49.4,55,Média
Feminino 2-5 anos,F1_RegulacaoEmocional,50,> 55 e < 60,Média
Feminino 2-5 anos,F1_RegulacaoEmocional,51,> 55 e < 60,Média
Feminino 2-5 anos,F1_RegulacaoEmocional,52,> 55 e < 60,Média
Feminino 2-5 anos,F1_RegulacaoEmocional,53,60,Média
Feminino 2-5 anos,F1_RegulacaoEmocional,53.5,75,Média superior
Feminino 2-5 anos,F1_RegulacaoEmocional,54,> 75 e < 80,Média superior
Feminino 2-5 anos,F1_RegulacaoEmocional,55,> 75 e < 80,Média superior
Feminino 2-5 anos,F1_RegulacaoEmocional,56,> 75 e < 80,Média superior
Feminino 2-5 anos,F1_RegulacaoEmocional,57,> 75 e < 80,Média superior
Feminino 2-5 anos,F1_RegulacaoEmocional,57.6,80,Média superior
Feminino 2-5 anos,F1_RegulacaoEmocional,58,> 80 e < 85,Média superior
Feminino 2-5 anos,F1_RegulacaoEmocional,59,> 80 e < 85,Média superior
Feminino 2-5 anos,F1_RegulacaoEmocional,60,> 80 e < 85,Média superior
Feminino 2-5 anos,F1_RegulacaoEmocional,61,> 80 e < 85,Média superior
Feminino 2-5 anos,F1_RegulacaoEmocional,62,> 80 e < 85,Média superior
Feminino 2-5 anos,F1_RegulacaoEmocional,62.1,85,Superior
Feminino 2-5 anos,F1_RegulacaoEmocional,63,> 85 e < 90,Superior
Feminino 2-5 anos,F1_RegulacaoEmocional,64,> 85 e < 90,Superior
Feminino 2-5 anos,F1_RegulacaoEmocional,65,> 85 e < 90,Superior
Feminino 2-5 anos,F1_RegulacaoEmocional,65.4,90,Superior
Feminino 2-5 anos,F1_RegulacaoEmocional,66,> 90 e < 95,Superior
Feminino 2-5 anos,F1_RegulacaoEmocional,67,> 90 e < 95,Superior
Feminino 2-5 anos,F1_RegulacaoEmocional,68,> 90 e < 95,Superior
Feminino 2-5 anos,F1_RegulacaoEmocional,69,> 90 e < 95,Superior
Feminino 2-5 anos,F1_RegulacaoEmocional,70,> 90 e < 95,Superior
Feminino 2-5 anos,F1_RegulacaoEmocional,71,> 90 e < 95,Superior
Feminino 2-5 anos,F1_RegulacaoEmocional,72,> 90 e < 95,Superior
Feminino 2-5 anos,F1_RegulacaoEmocional,73,> 90 e < 95,Superior
Feminino 2-5 anos,F1_RegulacaoEmocional,74,> 90 e < 95,Superior
Feminino 2-5 anos,F1_RegulacaoEmocional,75,> 90 e < 95,Superior
Feminino 2-5 anos,F1_RegulacaoEmocional,76,> 90 e < 95,Superior
Feminino 2-5 anos,F1_RegulacaoEmocional,76.8,95,Superior
Feminino 2-5 anos,F1_RegulacaoEmocional,77,> 95 e < 99,Superior
Feminino 2-5 anos,F1_RegulacaoEmocional,78,> 95 e < 99,Superior
Feminino 2-5 anos,F1_RegulacaoEmocional,79,> 95 e < 99,Superior
Feminino 2-5 anos,F1_RegulacaoEmocional,80,> 95 e < 99,Superior
Feminino 2-5 anos,F1_RegulacaoEmocional,81,> 95 e < 99,Superior
Feminino 2-5 anos,F1_RegulacaoEmocional,82,> 95 e < 99,Superior
Feminino 2-5 anos,F1_RegulacaoEmocional,83,> 95 e < 99,Superior
Feminino 2-5 anos,F1_RegulacaoEmocional,84,> 95 e < 99,Superior
Feminino 2-5 anos,F1_RegulacaoEmocional,85,> 95 e < 99,Superior
Feminino 2-5 anos,F1_RegulacaoEmocional,86,> 95 e < 99,Superior
Feminino 2-5 anos,F1_RegulacaoEmocional,87,> 95 e < 99,Superior
Feminino 2-5 anos,F1_RegulacaoEmocional,88,> 95 e < 99,Superior
Feminino 2-5 anos,F1_RegulacaoEmocional,89,> 95 e < 99,Superior
Feminino 2-5 anos,F1_RegulacaoEmocional,90,> 95 e < 99,Superior
Feminino 2-5 anos,F1_RegulacaoEmocional,91,> 95 e < 99,Superior
Feminino 2-5 anos,F1_RegulacaoEmocional,92,> 95 e < 99,Superior
Feminino 2-5 anos,F1_RegulacaoEmocional,93,> 95 e < 99,Superior
Feminino 2-5 anos,F1_RegulacaoEmocional,94,> 95 e < 99,Superior
Feminino 2-5 anos,F1_RegulacaoEmocional,95,> 95 e < 99,Superior
Feminino 2-5 anos,F1_RegulacaoEmocional,96,> 95 e < 99,Superior
Feminino 2-5 anos,F1_RegulacaoEmocional,97,> 95 e < 99,Superior
Feminino 2-5 anos,F1_RegulacaoEmocional,98,> 95 e < 99,Superior
Feminino 2-5 anos,F1_RegulacaoEmocional,99,> 95 e < 99,Superior
Feminino 2-5 anos,F1_RegulacaoEmocional,100,> 95 e < 99,Superior
Feminino 2-5 anos,F1_RegulacaoEmocional,101,> 95 e < 99,Superior
Feminino 2-5 anos,F1_RegulacaoEmocional,102,> 95 e < 99,Superior
Feminino 2-5 anos,F1_RegulacaoEmocional,103,> 95 e < 99,Superior
Feminino 2-5 anos,F1_RegulacaoEmocional,104,> 95 e < 99,Superior
Feminino 2-5 anos,F1_RegulacaoEmocional,105,> 95 e < 99,Superior
Feminino 2-5 anos,F1_RegulacaoEmocional,106,> 95 e < 99,Superior
Feminino 2-5 anos,F1_RegulacaoEmocional,107,> 95 e < 99,Superior
Feminino 2-5 anos,F1_RegulacaoEmocional,108,> 95 e < 99,Superior
Feminino 2-5 anos,F1_RegulacaoEmocional,109,> 95 e < 99,Superior
Feminino 2-5 anos,F1_RegulacaoEmocional,110,> 95 e < 99,Superior
Feminino 2-5 anos,F1_RegulacaoEmocional,111,> 95 e < 99,Superior
Feminino 2-5 anos,F1_RegulacaoEmocional,112,> 95 e < 99,Superior
Feminino 2-5 anos,F1_RegulacaoEmocional,113,> 95 e < 99,Superior
Feminino 2-5 anos,F1_RegulacaoEmocional,114,> 95 e < 99,Superior
Feminino 2-5 anos,F1_RegulacaoEmocional,115,> 95 e < 99,Superior
Feminino 2-5 anos,F1_RegulacaoEmocional,116,> 95 e < 99,Superior
Feminino 2-5 anos,F1_RegulacaoEmocional,117,> 95 e < 99,Superior
Feminino 2-5 anos,F1_RegulacaoEmocional,118,> 95 e < 99,Superior
Feminino 2-5 anos,F1_RegulacaoEmocional,119,> 95 e < 99,Superior
Feminino 2-5 anos,F1_RegulacaoEmocional,120,> 95 e < 99,Superior
Feminino 2-5 anos,F2_HiperatividadeImpulsividade,1,< 1,Inferior
Feminino 2-5 anos,F2_HiperatividadeImpulsividade,2,< 1,Inferior
Feminino 2-5 anos,F2_HiperatividadeImpulsividade,3,< 1,Inferior
Feminino 2-5 anos,F2_HiperatividadeImpulsividade,4,< 1,Inferior
Feminino 2-5 anos,F2_HiperatividadeImpulsividade,5,< 1,Inferior
Feminino 2-5 anos,F2_HiperatividadeImpulsividade,6,< 1,Inferior
Feminino 2-5 anos,F2_HiperatividadeImpulsividade,7,< 1,Inferior
Feminino 2-5 anos,F2_HiperatividadeImpulsividade,8,< 1,Inferior
Feminino 2-5 anos,F2_HiperatividadeImpulsividade,9,< 1,Inferior
Feminino 2-5 anos,F2_HiperatividadeImpulsividade,10,< 1,Inferior
Feminino 2-5 anos,F2_HiperatividadeImpulsividade,11,< 1,Inferior
Feminino 2-5 anos,F2_HiperatividadeImpulsividade,12,< 1,Inferior
Feminino 2-5 anos,F2_HiperatividadeImpulsividade,13,< 1,Inferior
Feminino 2-5 anos,F2_HiperatividadeImpulsividade,14,< 1,Inferior
Feminino 2-5 anos,F2_HiperatividadeImpulsividade,15,< 1,Inferior
Feminino 2-5 anos,F2_HiperatividadeImpulsividade,16,< 1,Inferior
Feminino 2-5 anos,F2_HiperatividadeImpulsividade,17,< 1,Inferior
Feminino 2-5 anos,F2_HiperatividadeImpulsividade,18,< 1,Inferior
Feminino 2-5 anos,F2_HiperatividadeImpulsividade,19,< 1,Inferior
Feminino 2-5 anos,F2_HiperatividadeImpulsividade,20,< 1,Inferior
Feminino 2-5 anos,F2_HiperatividadeImpulsividade,21,1,Inferior
Feminino 2-5 anos,F2_HiperatividadeImpulsividade,21.6,10,Inferior
Feminino 2-5 anos,F2_HiperatividadeImpulsividade,22,> 10 e < 15,Inferior
Feminino 2-5 anos,F2_HiperatividadeImpulsividade,23,> 10 e < 15,Inferior
Feminino 2-5 anos,F2_HiperatividadeImpulsividade,24,> 10 e < 15,Inferior
Feminino 2-5 anos,F2_HiperatividadeImpulsividade,24.3,15,Inferior
Feminino 2-5 anos,F2_HiperatividadeImpulsividade,25,> 15 e < 20,Inferior
Feminino 2-5 anos,F2_HiperatividadeImpulsividade,25.4,20,Inferior
Feminino 2-5 anos,F2_HiperatividadeImpulsividade,26,> 20 e < 25,Inferior
Feminino 2-5 anos,F2_HiperatividadeImpulsividade,27,> 20 e < 25,Inferior
Feminino 2-5 anos,F2_HiperatividadeImpulsividade,27.5,25,Média Inferior
Feminino 2-5 anos,F2_HiperatividadeImpulsividade,28,> 25 e < 30,Média Inferior
Feminino 2-5 anos,F2_HiperatividadeImpulsividade,29,30,Média Inferior
Feminino 2-5 anos,F2_HiperatividadeImpulsividade,29.7,35,Média Inferior
Feminino 2-5 anos,F2_HiperatividadeImpulsividade,30,> 35 e < 40,Média Inferior
Feminino 2-5 anos,F2_HiperatividadeImpulsividade,30.8,40,Média Inferior
Feminino 2-5 anos,F2_HiperatividadeImpulsividade,31,> 40 e < 45,Média Inferior
Feminino 2-5 anos,F2_HiperatividadeImpulsividade,32,> 40 e < 45,Média Inferior
Feminino 2-5 anos,F2_HiperatividadeImpulsividade,32.8,45,Média
Feminino 2-5 anos,F2_HiperatividadeImpulsividade,33,> 45 e < 50,Média
Feminino 2-5 anos,F2_HiperatividadeImpulsividade,34,50,Média
Feminino 2-5 anos,F2_HiperatividadeImpulsividade,34.1,55,Média
Feminino 2-5 anos,F2_HiperatividadeImpulsividade,35,> 55 e < 60,Média
Feminino 2-5 anos,F2_HiperatividadeImpulsividade,35.2,60,Média
Feminino 2-5 anos,F2_HiperatividadeImpulsividade,36,> 60 e < 65,Média
Feminino 2-5 anos,F2_HiperatividadeImpulsividade,37,> 60 e < 65,Média
Feminino 2-5 anos,F2_HiperatividadeImpulsividade,37.8,65,Média Superior
Feminino 2-5 anos,F2_HiperatividadeImpulsividade,38,> 65 e < 70,Média Superior
Feminino 2-5 anos,F2_HiperatividadeImpulsividade,39,> 65 e < 70,Média Superior
Feminino 2-5 anos,F2_HiperatividadeImpulsividade,40,> 65 e < 70,Média Superior
Feminino 2-5 anos,F2_HiperatividadeImpulsividade,41,> 65 e < 70,Média Superior
Feminino 2-5 anos,F2_HiperatividadeImpulsividade,42,70,Média Superior
Feminino 2-5 anos,F2_HiperatividadeImpulsividade,43,> 70 e < 75,Média Superior
Feminino 2-5 anos,F2_HiperatividadeImpulsividade,44,> 70 e < 75,Média Superior
Feminino 2-5 anos,F2_HiperatividadeImpulsividade,45,> 70 e < 75,Média Superior
Feminino 2-5 anos,F2_HiperatividadeImpulsividade,46,> 70 e < 75,Média Superior
Feminino 2-5 anos,F2_HiperatividadeImpulsividade,47,> 70 e < 75,Média Superior
Feminino 2-5 anos,F2_HiperatividadeImpulsividade,48,> 70 e < 75,Média Superior
Feminino 2-5 anos,F2_HiperatividadeImpulsividade,49,> 70 e < 75,Média Superior
Feminino 2-5 anos,F2_HiperatividadeImpulsividade,50,> 70 e < 75,Média Superior
Feminino 2-5 anos,F2_HiperatividadeImpulsividade,51,> 70 e < 75,Média Superior
Feminino 2-5 anos,F2_HiperatividadeImpulsividade,52,> 70 e < 75,Média Superior
Feminino 2-5 anos,F2_HiperatividadeImpulsividade,53,> 70 e < 75,Média Superior
Feminino 2-5 anos,F2_HiperatividadeImpulsividade,53.5,75,Média superior
Feminino 2-5 anos,F2_HiperatividadeImpulsividade,54,> 75 e < 80,Média superior
Feminino 2-5 anos,F2_HiperatividadeImpulsividade,55,> 75 e < 80,Média superior
Feminino 2-5 anos,F2_HiperatividadeImpulsividade,56,> 75 e < 80,Média superior
Feminino 2-5 anos,F2_HiperatividadeImpulsividade,57,> 75 e < 80,Média superior
Feminino 2-5 anos,F2_HiperatividadeImpulsividade,58,> 75 e < 80,Média superior
Feminino 2-5 anos,F2_HiperatividadeImpulsividade,59,> 75 e < 80,Média superior
Feminino 2-5 anos,F2_HiperatividadeImpulsividade,60,> 75 e < 80,Média superior
Feminino 2-5 anos,F2_HiperatividadeImpulsividade,61,> 75 e < 80,Média superior
Feminino 2-5 anos,F2_HiperatividadeImpulsividade,62,> 75 e < 80,Média superior
Feminino 2-5 anos,F2_HiperatividadeImpulsividade,63,> 75 e < 80,Média superior
Feminino 2-5 anos,F2_HiperatividadeImpulsividade,64,> 75 e < 80,Média superior
Feminino 2-5 anos,F2_HiperatividadeImpulsividade,65,> 75 e < 80,Média superior
Feminino 2-5 anos,F2_HiperatividadeImpulsividade,66,> 75 e < 80,Média superior
Feminino 2-5 anos,F2_HiperatividadeImpulsividade,67,> 75 e < 80,Média superior
Feminino 2-5 anos,F2_HiperatividadeImpulsividade,67.4,80,Média superior
Feminino 2-5 anos,F2_HiperatividadeImpulsividade,68,> 80 e < 85,Média superior
Feminino 2-5 anos,F2_HiperatividadeImpulsividade,69,> 80 e < 85,Média superior
Feminino 2-5 anos,F2_HiperatividadeImpulsividade,70,> 80 e < 85,Média superior
Feminino 2-5 anos,F2_HiperatividadeImpulsividade,71,> 80 e < 85,Média superior
Feminino 2-5 anos,F2_HiperatividadeImpulsividade,72,> 80 e < 85,Média superior
Feminino 2-5 anos,F2_HiperatividadeImpulsividade,72.5,85,Superior
Feminino 2-5 anos,F2_HiperatividadeImpulsividade,73,> 85 e < 90,Superior
Feminino 2-5 anos,F2_HiperatividadeImpulsividade,74,95,Superior
Feminino 2-5 anos,F2_HiperatividadeImpulsividade,75,> 95 e < 99,Superior
Feminino 2-5 anos,F2_HiperatividadeImpulsividade,76,> 95 e < 99,Superior
Feminino 2-5 anos,F2_HiperatividadeImpulsividade,77,> 95 e < 99,Superior
Feminino 2-5 anos,F2_HiperatividadeImpulsividade,78,> 95 e < 99,Superior
Feminino 2-5 anos,F2_HiperatividadeImpulsividade,79,> 95 e < 99,Superior
Feminino 2-5 anos,F2_HiperatividadeImpulsividade,80,> 95 e < 99,Superior
Feminino 2-5 anos,F3_ComportamentoAdaptativo,1,< 1,Inferior
Feminino 2-5 anos,F3_ComportamentoAdaptativo,2,< 1,Inferior
Feminino 2-5 anos,F3_ComportamentoAdaptativo,3,< 1,Inferior
Feminino 2-5 anos,F3_ComportamentoAdaptativo,4,< 1,Inferior
Feminino 2-5 anos,F3_ComportamentoAdaptativo,5,< 1,Inferior
Feminino 2-5 anos,F3_ComportamentoAdaptativo,6,< 1,Inferior
Feminino 2-5 anos,F3_ComportamentoAdaptativo,7,< 1,Inferior
Feminino 2-5 anos,F3_ComportamentoAdaptativo,8,< 1,Inferior
Feminino 2-5 anos,F3_ComportamentoAdaptativo,9,< 1,Inferior
Feminino 2-5 anos,F3_ComportamentoAdaptativo,10,< 1,Inferior
Feminino 2-5 anos,F3_ComportamentoAdaptativo,11,< 1,Inferior
Feminino 2-5 anos,F3_ComportamentoAdaptativo,12,< 1,Inferior
Feminino 2-5 anos,F3_ComportamentoAdaptativo,13,< 1,Inferior
Feminino 2-5 anos,F3_ComportamentoAdaptativo,14,< 1,Inferior
Feminino 2-5 anos,F3_ComportamentoAdaptativo,15,< 1,Inferior
Feminino 2-5 anos,F3_ComportamentoAdaptativo,16,< 1,Inferior
Feminino 2-5 anos,F3_ComportamentoAdaptativo,17,< 1,Inferior
Feminino 2-5 anos,F3_ComportamentoAdaptativo,18,< 1,Inferior
Feminino 2-5 anos,F3_ComportamentoAdaptativo,19,< 1,Inferior
Feminino 2-5 anos,F3_ComportamentoAdaptativo,20,< 1,Inferior
Feminino 2-5 anos,F3_ComportamentoAdaptativo,20,1,Inferior
Feminino 2-5 anos,F3_ComportamentoAdaptativo,20.7,5,Inferior
Feminino 2-5 anos,F3_ComportamentoAdaptativo,21,> 5 e < 10,Inferior
Feminino 2-5 anos,F3_ComportamentoAdaptativo,22,> 5 e < 10,Inferior
Feminino 2-5 anos,F3_ComportamentoAdaptativo,23,> 5 e < 10,Inferior
Feminino 2-5 anos,F3_ComportamentoAdaptativo,24,> 5 e < 10,Inferior
Feminino 2-5 anos,F3_ComportamentoAdaptativo,25,> 5 e < 10,Inferior
Feminino 2-5 anos,F3_ComportamentoAdaptativo,26,> 5 e < 10,Inferior
Feminino 2-5 anos,F3_ComportamentoAdaptativo,27,> 5 e < 10,Inferior
Feminino 2-5 anos,F3_ComportamentoAdaptativo,28,> 5 e < 10,Inferior
Feminino 2-5 anos,F3_ComportamentoAdaptativo,29,10,Inferior
Feminino 2-5 anos,F3_ComportamentoAdaptativo,30,> 10 e < 15,Inferior
Feminino 2-5 anos,F3_ComportamentoAdaptativo,31,> 10 e < 15,Inferior
Feminino 2-5 anos,F3_ComportamentoAdaptativo,32,> 10 e < 15,Inferior
Feminino 2-5 anos,F3_ComportamentoAdaptativo,33,> 10 e < 15,Inferior
Feminino 2-5 anos,F3_ComportamentoAdaptativo,34,> 10 e < 15,Inferior
Feminino 2-5 anos,F3_ComportamentoAdaptativo,35,> 10 e < 15,Inferior
Feminino 2-5 anos,F3_ComportamentoAdaptativo,36,> 10 e < 15,Inferior
Feminino 2-5 anos,F3_ComportamentoAdaptativo,37,15,Inferior
Feminino 2-5 anos,F3_ComportamentoAdaptativo,38,25,Média Inferior
Feminino 2-5 anos,F3_ComportamentoAdaptativo,39,> 25 e < 30,Média Inferior
Feminino 2-5 anos,F3_ComportamentoAdaptativo,40,> 25 e < 30,Média Inferior
Feminino 2-5 anos,F3_ComportamentoAdaptativo,40.2,30,Média Inferior
Feminino 2-5 anos,F3_ComportamentoAdaptativo,41,> 30 e < 35,Média Inferior
Feminino 2-5 anos,F3_ComportamentoAdaptativo,42,> 30 e < 35,Média Inferior
Feminino 2-5 anos,F3_ComportamentoAdaptativo,43,> 30 e < 35,Média Inferior
Feminino 2-5 anos,F3_ComportamentoAdaptativo,44,> 30 e < 35,Média Inferior
Feminino 2-5 anos,F3_ComportamentoAdaptativo,44.5,35,Média Inferior
Feminino 2-5 anos,F3_ComportamentoAdaptativo,45,> 35 e < 40,Média Inferior
Feminino 2-5 anos,F3_ComportamentoAdaptativo,46,40,Média Inferior
Feminino 2-5 anos,F3_ComportamentoAdaptativo,47,50,Média
Feminino 2-5 anos,F3_ComportamentoAdaptativo,48,> 50 e < 55,Média
Feminino 2-5 anos,F3_ComportamentoAdaptativo,48.1,55,Média
Feminino 2-5 anos,F3_ComportamentoAdaptativo,49,> 55 e < 60,Média
Feminino 2-5 anos,F3_ComportamentoAdaptativo,50,> 55 e < 60,Média
Feminino 2-5 anos,F3_ComportamentoAdaptativo,51,60,Média
Feminino 2-5 anos,F3_ComportamentoAdaptativo,52,> 60 e < 65,Média
Feminino 2-5 anos,F3_ComportamentoAdaptativo,53,> 60 e < 65,Média
Feminino 2-5 anos,F3_ComportamentoAdaptativo,54,> 60 e < 65,Média
Feminino 2-5 anos,F3_ComportamentoAdaptativo,55,> 60 e < 65,Média
Feminino 2-5 anos,F3_ComportamentoAdaptativo,56,> 60 e < 65,Média
Feminino 2-5 anos,F3_ComportamentoAdaptativo,57,> 60 e < 65,Média
Feminino 2-5 anos,F3_ComportamentoAdaptativo,58,> 60 e < 65,Média
Feminino 2-5 anos,F3_ComportamentoAdaptativo,59,65,Média Superior
Feminino 2-5 anos,F3_ComportamentoAdaptativo,59.8,70,Média Superior
Feminino 2-5 anos,F3_ComportamentoAdaptativo,60,> 70 e < 75,Média Superior
Feminino 2-5 anos,F3_ComportamentoAdaptativo,61,75,Média superior
Feminino 2-5 anos,F3_ComportamentoAdaptativo,62,> 75 e < 80,Média superior
Feminino 2-5 anos,F3_ComportamentoAdaptativo,63,> 75 e < 80,Média superior
Feminino 2-5 anos,F3_ComportamentoAdaptativo,63.4,80,Média superior
Feminino 2-5 anos,F3_ComportamentoAdaptativo,64,> 80 e < 85,Média superior
Feminino 2-5 anos,F3_ComportamentoAdaptativo,65,> 80 e < 85,Média superior
Feminino 2-5 anos,F3_ComportamentoAdaptativo,66,> 80 e < 85,Média superior
Feminino 2-5 anos,F3_ComportamentoAdaptativo,66.4,85,Superior
Feminino 2-5 anos,F3_ComportamentoAdaptativo,67,> 85 e < 90,Superior
Feminino 2-5 anos,F3_ComportamentoAdaptativo,68,> 85 e < 90,Superior
Feminino 2-5 anos,F3_ComportamentoAdaptativo,69,> 85 e < 90,Superior
Feminino 2-5 anos,F3_ComportamentoAdaptativo,70,> 85 e < 90,Superior
Feminino 2-5 anos,F3_ComportamentoAdaptativo,71,> 85 e < 90,Superior
Feminino 2-5 anos,F3_ComportamentoAdaptativo,71.8,90,Superior
Feminino 2-5 anos,F3_ComportamentoAdaptativo,72,> 90 e < 95,Superior
Feminino 2-5 anos,F3_ComportamentoAdaptativo,73,> 90 e < 95,Superior
Feminino 2-5 anos,F3_ComportamentoAdaptativo,74,> 90 e < 95,Superior
Feminino 2-5 anos,F3_ComportamentoAdaptativo,75,> 90 e < 95,Superior
Feminino 2-5 anos,F3_ComportamentoAdaptativo,76,> 90 e < 95,Superior
Feminino 2-5 anos,F3_ComportamentoAdaptativo,77,> 90 e < 95,Superior
Feminino 2-5 anos,F3_ComportamentoAdaptativo,78,> 90 e < 95,Superior
Feminino 2-5 anos,F3_ComportamentoAdaptativo,78.4,95,Superior
Feminino 2-5 anos,F3_ComportamentoAdaptativo,79,> 95 e < 99,Superior
Feminino 2-5 anos,F3_ComportamentoAdaptativo,80,> 95 e < 99,Superior
Feminino 2-5 anos,F3_ComportamentoAdaptativo,81,> 95 e < 99,Superior
Feminino 2-5 anos,F3_ComportamentoAdaptativo,82,> 95 e < 99,Superior
Feminino 2-5 anos,F3_ComportamentoAdaptativo,83,> 95 e < 99,Superior
Feminino 2-5 anos,F3_ComportamentoAdaptativo,84,> 95 e < 99,Superior
Feminino 2-5 anos,F3_ComportamentoAdaptativo,85,> 95 e < 99,Superior
Feminino 2-5 anos,F3_ComportamentoAdaptativo,86,> 95 e < 99,Superior
Feminino 2-5 anos,F3_ComportamentoAdaptativo,87,> 95 e < 99,Superior
Feminino 2-5 anos,F3_ComportamentoAdaptativo,88,> 95 e < 99,Superior
Feminino 2-5 anos,F3_ComportamentoAdaptativo,89,> 95 e < 99,Superior
Feminino 2-5 anos,F3_ComportamentoAdaptativo,90,> 95 e < 99,Superior
Feminino 2-5 anos,F4_Atencao,1,< 1,Inferior
Feminino 2-5 anos,F4_Atencao,2,< 1,Inferior
Feminino 2-5 anos,F4_Atencao,3,< 1,Inferior
Feminino 2-5 anos,F4_Atencao,4,< 1,Inferior
Feminino 2-5 anos,F4_Atencao,5,< 1,Inferior
Feminino 2-5 anos,F4_Atencao,6,< 1,Inferior
Feminino 2-5 anos,F4_Atencao,7,< 1,Inferior
Feminino 2-5 anos,F4_Atencao,8,< 1,Inferior
Feminino 2-5 anos,F4_Atencao,9,< 1,Inferior
Feminino 2-5 anos,F4_Atencao,10,< 1,Inferior
Feminino 2-5 anos,F4_Atencao,11,< 1,Inferior
Feminino 2-5 anos,F4_Atencao,12,< 1,Inferior
Feminino 2-5 anos,F4_Atencao,13,1,Inferior
Feminino 2-5 anos,F4_Atencao,13.4,10,Inferior
Feminino 2-5 anos,F4_Atencao,14,> 10 e < 15,Inferior
Feminino 2-5 anos,F4_Atencao,15,> 10 e < 15,Inferior
Feminino 2-5 anos,F4_Atencao,15.9,15,Inferior
Feminino 2-5 anos,F4_Atencao,16,> 15 e < 20,Inferior
Feminino 2-5 anos,F4_Atencao,17,> 15 e < 20,Inferior
Feminino 2-5 anos,F4_Atencao,18,> 15 e < 20,Inferior
Feminino 2-5 anos,F4_Atencao,18.8,20,Inferior
Feminino 2-5 anos,F4_Atencao,19,> 20 e < 25,Inferior
Feminino 2-5 anos,F4_Atencao,20,25,Média Inferior
Feminino 2-5 anos,F4_Atencao,20.6,30,Média Inferior
Feminino 2-5 anos,F4_Atencao,21,35,Média Inferior
Feminino 2-5 anos,F4_Atencao,22,> 35 e < 40,Média Inferior
Feminino 2-5 anos,F4_Atencao,23,> 35 e < 40,Média Inferior
Feminino 2-5 anos,F4_Atencao,23.4,40,Média Inferior
Feminino 2-5 anos,F4_Atencao,24,45,Média
Feminino 2-5 anos,F4_Atencao,25,50,Média
Feminino 2-5 anos,F4_Atencao,26,> 50 e < 55,Média
Feminino 2-5 anos,F4_Atencao,26.2,55,Média
Feminino 2-5 anos,F4_Atencao,27,> 55 e < 60,Média
Feminino 2-5 anos,F4_Atencao,28,> 55 e < 60,Média
Feminino 2-5 anos,F4_Atencao,28.2,60,Média
Feminino 2-5 anos,F4_Atencao,29,> 60 e < 65,Média
Feminino 2-5 anos,F4_Atencao,29.3,65,Média Superior
Feminino 2-5 anos,F4_Atencao,30,70,Média Superior
Feminino 2-5 anos,F4_Atencao,31,75,Média superior
Feminino 2-5 anos,F4_Atencao,32,> 75 e < 80,Média superior
Feminino 2-5 anos,F4_Atencao,33,> 75 e < 80,Média superior
Feminino 2-5 anos,F4_Atencao,34,> 75 e < 80,Média superior
Feminino 2-5 anos,F4_Atencao,35,> 75 e < 80,Média superior
Feminino 2-5 anos,F4_Atencao,35.6,80,Média superior
Feminino 2-5 anos,F4_Atencao,36,> 80 e < 85,Média superior
Feminino 2-5 anos,F4_Atencao,37,> 80 e < 85,Média superior
Feminino 2-5 anos,F4_Atencao,38,> 80 e < 85,Média superior
Feminino 2-5 anos,F4_Atencao,39,> 80 e < 85,Média superior
Feminino 2-5 anos,F4_Atencao,40,> 80 e < 85,Média superior
Feminino 2-5 anos,F4_Atencao,41,> 80 e < 85,Média superior
Feminino 2-5 anos,F4_Atencao,42,> 80 e < 85,Média superior
Feminino 2-5 anos,F4_Atencao,43,> 80 e < 85,Média superior
Feminino 2-5 anos,F4_Atencao,44,> 80 e < 85,Média superior
Feminino 2-5 anos,F4_Atencao,45,> 80 e < 85,Média superior
Feminino 2-5 anos,F4_Atencao,46,> 80 e < 85,Média superior
Feminino 2-5 anos,F4_Atencao,47,> 80 e < 85,Média superior
Feminino 2-5 anos,F4_Atencao,48,> 80 e < 85,Média superior
Feminino 2-5 anos,F4_Atencao,48.5,85,Superior
Feminino 2-5 anos,F4_Atencao,49,> 85 e < 90,Superior
Feminino 2-5 anos,F4_Atencao,50,> 85 e < 90,Superior
Feminino 2-5 anos,F4_Atencao,51,> 85 e < 90,Superior
Feminino 2-5 anos,F4_Atencao,52,> 85 e < 90,Superior
Feminino 2-5 anos,F4_Atencao,53,95,Superior
Feminino 2-5 anos,F4_Atencao,54,> 95 e < 99,Superior
Feminino 2-5 anos,F4_Atencao,55,> 95 e < 99,Superior
Feminino 2-5 anos,F4_Atencao,56,> 95 e < 99,Superior
Feminino 2-5 anos,F4_Atencao,57,> 95 e < 99,Superior
Feminino 2-5 anos,F4_Atencao,58,> 95 e < 99,Superior
Feminino 2-5 anos,F4_Atencao,59,> 95 e < 99,Superior
Feminino 2-5 anos,F4_Atencao,60,> 95 e < 99,Superior
Feminino 2-5 anos,F4_Atencao,61,> 95 e < 99,Superior
Feminino 2-5 anos,F4_Atencao,62,> 95 e < 99,Superior
Feminino 2-5 anos,F4_Atencao,63,> 95 e < 99,Superior
Feminino 2-5 anos,F4_Atencao,64,> 95 e < 99,Superior
Feminino 2-5 anos,F4_Atencao,65,> 95 e < 99,Superior
Feminino 2-5 anos,F4_Atencao,66,> 95 e < 99,Superior
Feminino 2-5 anos,F4_Atencao,67,> 95 e < 99,Superior
Feminino 2-5 anos,F4_Atencao,68,> 95 e < 99,Superior
Feminino 2-5 anos,F4_Atencao,69,> 95 e < 99,Superior
Feminino 2-5 anos,F4_Atencao,70,> 95 e < 99,Superior
Feminino 2-5 anos,F4_Atencao,71,> 95 e < 99,Superior
Feminino 2-5 anos,F4_Atencao,72,> 95 e < 99,Superior
Feminino 6-9 anos,EscoreGeral,34,< 1,Inferior
Feminino 6-9 anos,EscoreGeral,35,< 1,Inferior
Feminino 6-9 anos,EscoreGeral,36,< 1,Inferior
Feminino 6-9 anos,EscoreGeral,37,< 1,Inferior
Feminino 6-9 anos,EscoreGeral,38,< 1,Inferior
Feminino 6-9 anos,EscoreGeral,39,< 1,Inferior
Feminino 6-9 anos,EscoreGeral,40,< 1,Inferior
Feminino 6-9 anos,EscoreGeral,41,< 1,Inferior
Feminino 6-9 anos,EscoreGeral,42,< 1,Inferior
Feminino 6-9 anos,EscoreGeral,43,< 1,Inferior
Feminino 6-9 anos,EscoreGeral,44,< 1,Inferior
Feminino 6-9 anos,EscoreGeral,45,< 1,Inferior
Feminino 6-9 anos,EscoreGeral,46,< 1,Inferior
Feminino 6-9 anos,EscoreGeral,47,< 1,Inferior
Feminino 6-9 anos,EscoreGeral,48,< 1,Inferior
Feminino 6-9 anos,EscoreGeral,49,< 1,Inferior
Feminino 6-9 anos,EscoreGeral,50,< 1,Inferior
Feminino 6-9 anos,EscoreGeral,51,< 1,Inferior
Feminino 6-9 anos,EscoreGeral,52,< 1,Inferior
Feminino 6-9 anos,EscoreGeral,53,< 1,Inferior
Feminino 6-9 anos,EscoreGeral,54,< 1,Inferior
Feminino 6-9 anos,EscoreGeral,55,< 1,Inferior
Feminino 6-9 anos,EscoreGeral,56,< 1,Inferior
Feminino 6-9 anos,EscoreGeral,57,< 1,Inferior
Feminino 6-9 anos,EscoreGeral,58,< 1,Inferior
Feminino 6-9 anos,EscoreGeral,59,< 1,Inferior
Feminino 6-9 anos,EscoreGeral,60,< 1,Inferior
Feminino 6-9 anos,EscoreGeral,61,< 1,Inferior
Feminino 6-9 anos,EscoreGeral,62,< 1,Inferior
Feminino 6-9 anos,EscoreGeral,63,< 1,Inferior
Feminino 6-9 anos,EscoreGeral,64,< 1,Inferior
Feminino 6-9 anos,EscoreGeral,65,< 1,Inferior
Feminino 6-9 anos,EscoreGeral,66,< 1,Inferior
Feminino 6-9 anos,EscoreGeral,67,< 1,Inferior
Feminino 6-9 anos,EscoreGeral,68,< 1,Inferior
Feminino 6-9 anos,EscoreGeral,69,< 1,Inferior
Feminino 6-9 anos,EscoreGeral,70,< 1,Inferior
Feminino 6-9 anos,EscoreGeral,71,< 1,Inferior
Feminino 6-9 anos,EscoreGeral,72,< 1,Inferior
Feminino 6-9 anos,EscoreGeral,73,< 1,Inferior
Feminino 6-9 anos,EscoreGeral,74,< 1,Inferior
Feminino 6-9 anos,EscoreGeral,75,< 1,Inferior
Feminino 6-9 anos,EscoreGeral,76,< 1,Inferior
Feminino 6-9 anos,EscoreGeral,77,< 1,Inferior
Feminino 6-9 anos,EscoreGeral,78,< 1,Inferior
Feminino 6-9 anos,EscoreGeral,79,< 1,Inferior
Feminino 6-9 anos,EscoreGeral,80,< 1,Inferior
Feminino 6-9 anos,EscoreGeral,81,< 1,Inferior
Feminino 6-9 anos,EscoreGeral,82,< 1,Inferior
Feminino 6-9 anos,EscoreGeral,83,< 1,Inferior
Feminino 6-9 anos,EscoreGeral,84,< 1,Inferior
Feminino 6-9 anos,EscoreGeral,85,< 1,Inferior
Feminino 6-9 anos,EscoreGeral,86,< 1,Inferior
Feminino 6-9 anos,EscoreGeral,87,< 1,Inferior
Feminino 6-9 anos,EscoreGeral,88,1,Inferior
Feminino 6-9 anos,EscoreGeral,89,> 1 e < 5,Inferior
Feminino 6-9 anos,EscoreGeral,90,> 1 e < 5,Inferior
Feminino 6-9 anos,EscoreGeral,91,> 1 e < 5,Inferior
Feminino 6-9 anos,EscoreGeral,92,> 1 e < 5,Inferior
Feminino 6-9 anos,EscoreGeral,93,> 1 e < 5,Inferior
Feminino 6-9 anos,EscoreGeral,94,> 1 e < 5,Inferior
Feminino 6-9 anos,EscoreGeral,95,> 1 e < 5,Inferior
Feminino 6-9 anos,EscoreGeral,95.65,5,Inferior
Feminino 6-9 anos,EscoreGeral,96,> 5 e < 10,Inferior
Feminino 6-9 anos,EscoreGeral,97,> 5 e < 10,Inferior
Feminino 6-9 anos,EscoreGeral,98,> 5 e < 10,Inferior
Feminino 6-9 anos,EscoreGeral,99,> 5 e < 10,Inferior
Feminino 6-9 anos,EscoreGeral,100,> 5 e < 10,Inferior
Feminino 6-9 anos,EscoreGeral,101,> 5 e < 10,Inferior
Feminino 6-9 anos,EscoreGeral,102,> 5 e < 10,Inferior
Feminino 6-9 anos,EscoreGeral,103,> 5 e < 10,Inferior
Feminino 6-9 anos,EscoreGeral,104,> 5 e < 10,Inferior
Feminino 6-9 anos,EscoreGeral,105,> 5 e < 10,Inferior
Feminino 6-9 anos,EscoreGeral,106,> 5 e < 10,Inferior
Feminino 6-9 anos,EscoreGeral,107,> 5 e < 10,Inferior
Feminino 6-9 anos,EscoreGeral,107.7,10,Inferior
Feminino 6-9 anos,EscoreGeral,108,> 10 e < 15,Inferior
Feminino 6-9 anos,EscoreGeral,109,> 10 e < 15,Inferior
Feminino 6-9 anos,EscoreGeral,110,> 10 e < 15,Inferior
Feminino 6-9 anos,EscoreGeral,111,> 10 e < 15,Inferior
Feminino 6-9 anos,EscoreGeral,112,> 10 e < 15,Inferior
Feminino 6-9 anos,EscoreGeral,112.8,15,Inferior
Feminino 6-9 anos,EscoreGeral,113,> 15 e < 20,Inferior
Feminino 6-9 anos,EscoreGeral,114,> 15 e < 20,Inferior
Feminino 6-9 anos,EscoreGeral,115,> 15 e < 20,Inferior
Feminino 6-9 anos,EscoreGeral,116,> 15 e < 20,Inferior
Feminino 6-9 anos,EscoreGeral,117,> 15 e < 20,Inferior
Feminino 6-9 anos,EscoreGeral,118,> 15 e < 20,Inferior
Feminino 6-9 anos,EscoreGeral,119,> 15 e < 20,Inferior
Feminino 6-9 anos,EscoreGeral,120,> 15 e < 20,Inferior
Feminino 6-9 anos,EscoreGeral,121,> 15 e < 20,Inferior
Feminino 6-9 anos,EscoreGeral,122,> 15 e < 20,Inferior
Feminino 6-9 anos,EscoreGeral,123,> 15 e < 20,Inferior
Feminino 6-9 anos,EscoreGeral,124,> 15 e < 20,Inferior
Feminino 6-9 anos,EscoreGeral,124.4,20,Inferior
Feminino 6-9 anos,EscoreGeral,125,> 20 e < 25,Inferior
Feminino 6-9 anos,EscoreGeral,126,> 20 e < 25,Inferior
Feminino 6-9 anos,EscoreGeral,127,> 20 e < 25,Inferior
Feminino 6-9 anos,EscoreGeral,128,25,Média Inferior
Feminino 6-9 anos,EscoreGeral,129,> 25 e < 30,Média Inferior
Feminino 6-9 anos,EscoreGeral,130,> 25 e < 30,Média Inferior
Feminino 6-9 anos,EscoreGeral,131,> 25 e < 30,Média Inferior
Feminino 6-9 anos,EscoreGeral,132,> 25 e < 30,Média Inferior
Feminino 6-9 anos,EscoreGeral,133,> 25 e < 30,Média Inferior
Feminino 6-9 anos,EscoreGeral,134,> 25 e < 30,Média Inferior
Feminino 6-9 anos,EscoreGeral,134.5,30,Média Inferior
Feminino 6-9 anos,EscoreGeral,135,> 30 e < 35,Média Inferior
Feminino 6-9 anos,EscoreGeral,136,> 30 e < 35,Média Inferior
Feminino 6-9 anos,EscoreGeral,137,> 30 e < 35,Média Inferior
Feminino 6-9 anos,EscoreGeral,137.2,35,Média Inferior
Feminino 6-9 anos,EscoreGeral,138,> 35 e < 40,Média Inferior
Feminino 6-9 anos,EscoreGeral,139,> 35 e < 40,Média Inferior
Feminino 6-9 anos,EscoreGeral,140,> 35 e < 40,Média Inferior
Feminino 6-9 anos,EscoreGeral,141,> 35 e < 40,Média Inferior
Feminino 6-9 anos,EscoreGeral,142,> 35 e < 40,Média Inferior
Feminino 6-9 anos,EscoreGeral,143,> 35 e < 40,Média Inferior
Feminino 6-9 anos,EscoreGeral,144,40,Média Inferior
Feminino 6-9 anos,EscoreGeral,145,> 40 e < 45,Média Inferior
Feminino 6-9 anos,EscoreGeral,145.55,45,Média
Feminino 6-9 anos,EscoreGeral,146,> 45 e < 50,Média
Feminino 6-9 anos,EscoreGeral,147,> 45 e < 50,Média
Feminino 6-9 anos,EscoreGeral,148,> 45 e < 50,Média
Feminino 6-9 anos,EscoreGeral,149,> 45 e < 50,Média
Feminino 6-9 anos,EscoreGeral,150,> 45 e < 50,Média
Feminino 6-9 anos,EscoreGeral,151,> 45 e < 50,Média
Feminino 6-9 anos,EscoreGeral,152,> 45 e < 50,Média
Feminino 6-9 anos,EscoreGeral,153,> 45 e < 50,Média
Feminino 6-9 anos,EscoreGeral,154,> 45 e < 50,Média
Feminino 6-9 anos,EscoreGeral,155,> 45 e < 50,Média
Feminino 6-9 anos,EscoreGeral,156,> 45 e < 50,Média
Feminino 6-9 anos,EscoreGeral,157,> 45 e < 50,Média
Feminino 6-9 anos,EscoreGeral,158,> 45 e < 50,Média
Feminino 6-9 anos,EscoreGeral,159,> 45 e < 50,Média
Feminino 6-9 anos,EscoreGeral,160,> 45 e < 50,Média
Feminino 6-9 anos,EscoreGeral,161,> 45 e < 50,Média
Feminino 6-9 anos,EscoreGeral,162,50,Média
Feminino 6-9 anos,EscoreGeral,163,> 50 e < 55,Média
Feminino 6-9 anos,EscoreGeral,164,> 50 e < 55,Média
Feminino 6-9 anos,EscoreGeral,165,> 50 e < 55,Média
Feminino 6-9 anos,EscoreGeral,166,> 50 e < 55,Média
Feminino 6-9 anos,EscoreGeral,167,> 50 e < 55,Média
Feminino 6-9 anos,EscoreGeral,168,> 50 e < 55,Média
Feminino 6-9 anos,EscoreGeral,169,> 50 e < 55,Média
Feminino 6-9 anos,EscoreGeral,169.9,55,Média
Feminino 6-9 anos,EscoreGeral,170,> 55 e < 60,Média
Feminino 6-9 anos,EscoreGeral,171,> 55 e < 60,Média
Feminino 6-9 anos,EscoreGeral,172,> 55 e < 60,Média
Feminino 6-9 anos,EscoreGeral,173,> 55 e < 60,Média
Feminino 6-9 anos,EscoreGeral,174,> 55 e < 60,Média
Feminino 6-9 anos,EscoreGeral,175,> 55 e < 60,Média
Feminino 6-9 anos,EscoreGeral,176,60,Média
Feminino 6-9 anos,EscoreGeral,177,> 60 e < 65,Média
Feminino 6-9 anos,EscoreGeral,178,> 60 e < 65,Média
Feminino 6-9 anos,EscoreGeral,179,> 60 e < 65,Média
Feminino 6-9 anos,EscoreGeral,180,> 60 e < 65,Média
Feminino 6-9 anos,EscoreGeral,181,> 60 e < 65,Média
Feminino 6-9 anos,EscoreGeral,182,> 60 e < 65,Média
Feminino 6-9 anos,EscoreGeral,183,> 60 e < 65,Média
Feminino 6-9 anos,EscoreGeral,184,> 60 e < 65,Média
Feminino 6-9 anos,EscoreGeral,185,65,Média Superior
Feminino 6-9 anos,EscoreGeral,186,> 65 e < 70,Média Superior
Feminino 6-9 anos,EscoreGeral,187,70,Média Superior
Feminino 6-9 anos,EscoreGeral,188,> 70 e < 75,Média Superior
Feminino 6-9 anos,EscoreGeral,189,> 70 e < 75,Média Superior
Feminino 6-9 anos,EscoreGeral,190,> 70 e < 75,Média Superior
Feminino 6-9 anos,EscoreGeral,190.75,75,Média superior
Feminino 6-9 anos,EscoreGeral,191,> 75 e < 80,Média superior
Feminino 6-9 anos,EscoreGeral,192,> 75 e < 80,Média superior
Feminino 6-9 anos,EscoreGeral,192.8,80,Média superior
Feminino 6-9 anos,EscoreGeral,193,> 80 e < 85,Média superior
Feminino 6-9 anos,EscoreGeral,194,> 80 e < 85,Média superior
Feminino 6-9 anos,EscoreGeral,195,> 80 e < 85,Média superior
Feminino 6-9 anos,EscoreGeral,196,85,Superior
Feminino 6-9 anos,EscoreGeral,197,> 85 e < 90,Superior
Feminino 6-9 anos,EscoreGeral,198,> 85 e < 90,Superior
Feminino 6-9 anos,EscoreGeral,199,> 85 e < 90,Superior
Feminino 6-9 anos,EscoreGeral,200,> 85 e < 90,Superior
Feminino 6-9 anos,EscoreGeral,201,> 85 e < 90,Superior
Feminino 6-9 anos,EscoreGeral,202,> 85 e < 90,Superior
Feminino 6-9 anos,EscoreGeral,203,> 85 e < 90,Superior
Feminino 6-9 anos,EscoreGeral,204,> 85 e < 90,Superior
Feminino 6-9 anos,EscoreGeral,205,> 85 e < 90,Superior
Feminino 6-9 anos,EscoreGeral,206,> 85 e < 90,Superior
Feminino 6-9 anos,EscoreGeral,207,> 85 e < 90,Superior
Feminino 6-9 anos,EscoreGeral,208,> 85 e < 90,Superior
Feminino 6-9 anos,EscoreGeral,209,> 85 e < 90,Superior
Feminino 6-9 anos,EscoreGeral,210,> 85 e < 90,Superior
Feminino 6-9 anos,EscoreGeral,210.6,90,Superior
Feminino 6-9 anos,EscoreGeral,211,> 90 e < 95,Superior
Feminino 6-9 anos,EscoreGeral,212,> 90 e < 95,Superior
Feminino 6-9 anos,EscoreGeral,213,> 90 e < 95,Superior
Feminino 6-9 anos,EscoreGeral,214,> 90 e < 95,Superior
Feminino 6-9 anos,EscoreGeral,215,> 90 e < 95,Superior
Feminino 6-9 anos,EscoreGeral,216,> 90 e < 95,Superior
Feminino 6-9 anos,EscoreGeral,217,> 90 e < 95,Superior
Feminino 6-9 anos,EscoreGeral,218,> 90 e < 95,Superior
Feminino 6-9 anos,EscoreGeral,219,> 90 e < 95,Superior
Feminino 6-9 anos,EscoreGeral,220,> 90 e < 95,Superior
Feminino 6-9 anos,EscoreGeral,221,> 90 e < 95,Superior
Feminino 6-9 anos,EscoreGeral,222,> 90 e < 95,Superior
Feminino 6-9 anos,EscoreGeral,223,> 90 e < 95,Superior
Feminino 6-9 anos,EscoreGeral,224,> 90 e < 95,Superior
Feminino 6-9 anos,EscoreGeral,225,> 90 e < 95,Superior
Feminino 6-9 anos,EscoreGeral,226,> 90 e < 95,Superior
Feminino 6-9 anos,EscoreGeral,227,> 90 e < 95,Superior
Feminino 6-9 anos,EscoreGeral,227.55,95,Superior
Feminino 6-9 anos,EscoreGeral,228,> 95 e < 99,Superior
Feminino 6-9 anos,EscoreGeral,229,> 95 e < 99,Superior
Feminino 6-9 anos,EscoreGeral,230,> 95 e < 99,Superior
Feminino 6-9 anos,EscoreGeral,231,> 95 e < 99,Superior
Feminino 6-9 anos,EscoreGeral,232,> 95 e < 99,Superior
Feminino 6-9 anos,EscoreGeral,233,> 95 e < 99,Superior
Feminino 6-9 anos,EscoreGeral,234,> 95 e < 99,Superior
Feminino 6-9 anos,EscoreGeral,235,> 95 e < 99,Superior
Feminino 6-9 anos,EscoreGeral,236,> 95 e < 99,Superior
Feminino 6-9 anos,EscoreGeral,237,> 95 e < 99,Superior
Feminino 6-9 anos,EscoreGeral,238,> 95 e < 99,Superior
Feminino 6-9 anos,EscoreGeral,239,> 95 e < 99,Superior
Feminino 6-9 anos,EscoreGeral,240,> 95 e < 99,Superior
Feminino 6-9 anos,EscoreGeral,241,> 95 e < 99,Superior
Feminino 6-9 anos,EscoreGeral,242,> 95 e < 99,Superior
Feminino 6-9 anos,EscoreGeral,243,> 95 e < 99,Superior
Feminino 6-9 anos,EscoreGeral,244,> 95 e < 99,Superior
Feminino 6-9 anos,EscoreGeral,245,> 95 e < 99,Superior
Feminino 6-9 anos,EscoreGeral,246,> 95 e < 99,Superior
Feminino 6-9 anos,EscoreGeral,247,> 95 e < 99,Superior
Feminino 6-9 anos,EscoreGeral,248,> 95 e < 99,Superior
Feminino 6-9 anos,EscoreGeral,249,> 95 e < 99,Superior
Feminino 6-9 anos,EscoreGeral,250,> 95 e < 99,Superior
Feminino 6-9 anos,EscoreGeral,251,> 95 e < 99,Superior
Feminino 6-9 anos,EscoreGeral,252,> 95 e < 99,Superior
Feminino 6-9 anos,EscoreGeral,253,> 95 e < 99,Superior
Feminino 6-9 anos,EscoreGeral,254,> 95 e < 99,Superior
Feminino 6-9 anos,EscoreGeral,255,> 95 e < 99,Superior
Feminino 6-9 anos,EscoreGeral,256,> 95 e < 99,Superior
Feminino 6-9 anos,EscoreGeral,257,> 95 e < 99,Superior
Feminino 6-9 anos,EscoreGeral,258,> 95 e < 99,Superior
Feminino 6-9 anos,EscoreGeral,259,> 95 e < 99,Superior
Feminino 6-9 anos,EscoreGeral,260,> 95 e < 99,Superior
Feminino 6-9 anos,EscoreGeral,261,> 95 e < 99,Superior
Feminino 6-9 anos,EscoreGeral,262,> 95 e < 99,Superior
Feminino 6-9 anos,EscoreGeral,263,> 95 e < 99,Superior
Feminino 6-9 anos,EscoreGeral,264,> 95 e < 99,Superior
Feminino 6-9 anos,EscoreGeral,265,> 95 e < 99,Superior
Feminino 6-9 anos,EscoreGeral,266,> 95 e < 99,Superior
Feminino 6-9 anos,EscoreGeral,267,> 95 e < 99,Superior
Feminino 6-9 anos,EscoreGeral,268,> 95 e < 99,Superior
Feminino 6-9 anos,EscoreGeral,269,> 95 e < 99,Superior
Feminino 6-9 anos,EscoreGeral,270,> 95 e < 99,Superior
Feminino 6-9 anos,EscoreGeral,271,> 95 e < 99,Superior
Feminino 6-9 anos,EscoreGeral,272,> 95 e < 99,Superior
Feminino 6-9 anos,EscoreGeral,273,> 95 e < 99,Superior
Feminino 6-9 anos,EscoreGeral,274,> 95 e < 99,Superior
Feminino 6-9 anos,EscoreGeral,275,> 95 e < 99,Superior
Feminino 6-9 anos,EscoreGeral,276,> 95 e < 99,Superior
Feminino 6-9 anos,EscoreGeral,277,> 95 e < 99,Superior
Feminino 6-9 anos,EscoreGeral,278,> 95 e < 99,Superior
Feminino 6-9 anos,EscoreGeral,279,> 95 e < 99,Superior
Feminino 6-9 anos,EscoreGeral,280,> 95 e < 99,Superior
Feminino 6-9 anos,EscoreGeral,281,> 95 e < 99,Superior
Feminino 6-9 anos,EscoreGeral,282,> 95 e < 99,Superior
Feminino 6-9 anos,EscoreGeral,283,> 95 e < 99,Superior
Feminino 6-9 anos,EscoreGeral,284,> 95 e < 99,Superior
Feminino 6-9 anos,EscoreGeral,285,> 95 e < 99,Superior
Feminino 6-9 anos,EscoreGeral,286,> 95 e < 99,Superior
Feminino 6-9 anos,EscoreGeral,287,> 95 e < 99,Superior
Feminino 6-9 anos,EscoreGeral,288,> 95 e < 99,Superior
Feminino 6-9 anos,EscoreGeral,289,> 95 e < 99,Superior
Feminino 6-9 anos,EscoreGeral,290,> 95 e < 99,Superior
Feminino 6-9 anos,EscoreGeral,291,> 95 e < 99,Superior
Feminino 6-9 anos,EscoreGeral,292,> 95 e < 99,Superior
Feminino 6-9 anos,EscoreGeral,293,> 95 e < 99,Superior
Feminino 6-9 anos,EscoreGeral,294,> 95 e < 99,Superior
Feminino 6-9 anos,EscoreGeral,295,> 95 e < 99,Superior
Feminino 6-9 anos,EscoreGeral,296,> 95 e < 99,Superior
Feminino 6-9 anos,EscoreGeral,297,> 95 e < 99,Superior
Feminino 6-9 anos,EscoreGeral,298,> 95 e < 99,Superior
Feminino 6-9 anos,EscoreGeral,299,> 95 e < 99,Superior
Feminino 6-9 anos,EscoreGeral,300,> 95 e < 99,Superior
Feminino 6-9 anos,EscoreGeral,301,> 95 e < 99,Superior
Feminino 6-9 anos,EscoreGeral,302,> 95 e < 99,Superior
Feminino 6-9 anos,EscoreGeral,303,> 95 e < 99,Superior
Feminino 6-9 anos,EscoreGeral,304,> 95 e < 99,Superior
Feminino 6-9 anos,EscoreGeral,305,> 95 e < 99,Superior
Feminino 6-9 anos,EscoreGeral,306,> 95 e < 99,Superior
Feminino 6-9 anos,EscoreGeral,307,> 95 e < 99,Superior
Feminino 6-9 anos,EscoreGeral,308,> 95 e < 99,Superior
Feminino 6-9 anos,EscoreGeral,309,> 95 e < 99,Superior
Feminino 6-9 anos,EscoreGeral,310,> 95 e < 99,Superior
Feminino 6-9 anos,EscoreGeral,311,> 95 e < 99,Superior
Feminino 6-9 anos,EscoreGeral,312,> 95 e < 99,Superior
Feminino 6-9 anos,EscoreGeral,313,> 95 e < 99,Superior
Feminino 6-9 anos,EscoreGeral,314,> 95 e < 99,Superior
Feminino 6-9 anos,EscoreGeral,315,> 95 e < 99,Superior
Feminino 6-9 anos,EscoreGeral,316,> 95 e < 99,Superior
Feminino 6-9 anos,EscoreGeral,317,> 95 e < 99,Superior
Feminino 6-9 anos,EscoreGeral,318,> 95 e < 99,Superior
Feminino 6-9 anos,EscoreGeral,319,> 95 e < 99,Superior
Feminino 6-9 anos,EscoreGeral,320,> 95 e < 99,Superior
Feminino 6-9 anos,EscoreGeral,321,> 95 e < 99,Superior
Feminino 6-9 anos,EscoreGeral,322,> 95 e < 99,Superior
Feminino 6-9 anos,EscoreGeral,323,> 95 e < 99,Superior
Feminino 6-9 anos,EscoreGeral,324,99,Superior
Feminino 6-9 anos,EscoreGeral,325,> 99,Superior
Feminino 6-9 anos,EscoreGeral,326,> 99,Superior
Feminino 6-9 anos,EscoreGeral,327,> 99,Superior
Feminino 6-9 anos,EscoreGeral,328,> 99,Superior
Feminino 6-9 anos,EscoreGeral,329,> 99,Superior
Feminino 6-9 anos,EscoreGeral,330,> 99,Superior
Feminino 6-9 anos,EscoreGeral,331,> 99,Superior
Feminino 6-9 anos,EscoreGeral,332,> 99,Superior
Feminino 6-9 anos,EscoreGeral,333,> 99,Superior
Feminino 6-9 anos,EscoreGeral,334,> 99,Superior
Feminino 6-9 anos,EscoreGeral,335,> 99,Superior
Feminino 6-9 anos,EscoreGeral,336,> 99,Superior
Feminino 6-9 anos,EscoreGeral,337,> 99,Superior
Feminino 6-9 anos,EscoreGeral,338,> 99,Superior
Feminino 6-9 anos,EscoreGeral,339,> 99,Superior
Feminino 6-9 anos,EscoreGeral,340,> 99,Superior
Feminino 6-9 anos,EscoreGeral,341,> 99,Superior
Feminino 6-9 anos,EscoreGeral,342,> 99,Superior
Feminino 6-9 anos,EscoreGeral,343,> 99,Superior
Feminino 6-9 anos,EscoreGeral,344,> 99,Superior
Feminino 6-9 anos,EscoreGeral,345,> 99,Superior
Feminino 6-9 anos,EscoreGeral,346,> 99,Superior
Feminino 6-9 anos,EscoreGeral,347,> 99,Superior
Feminino 6-9 anos,EscoreGeral,348,> 99,Superior
Feminino 6-9 anos,F1_RegulacaoEmocional,1,< 1,Inferior
Feminino 6-9 anos,F1_RegulacaoEmocional,2,< 1,Inferior
Feminino 6-9 anos,F1_RegulacaoEmocional,3,< 1,Inferior
Feminino 6-9 anos,F1_RegulacaoEmocional,4,< 1,Inferior
Feminino 6-9 anos,F1_RegulacaoEmocional,5,< 1,Inferior
Feminino 6-9 anos,F1_RegulacaoEmocional,6,< 1,Inferior
Feminino 6-9 anos,F1_RegulacaoEmocional,7,< 1,Inferior
Feminino 6-9 anos,F1_RegulacaoEmocional,8,< 1,Inferior
Feminino 6-9 anos,F1_RegulacaoEmocional,9,< 1,Inferior
Feminino 6-9 anos,F1_RegulacaoEmocional,10,< 1,Inferior
Feminino 6-9 anos,F1_RegulacaoEmocional,11,< 1,Inferior
Feminino 6-9 anos,F1_RegulacaoEmocional,12,< 1,Inferior
Feminino 6-9 anos,F1_RegulacaoEmocional,13,< 1,Inferior
Feminino 6-9 anos,F1_RegulacaoEmocional,14,< 1,Inferior
Feminino 6-9 anos,F1_RegulacaoEmocional,15,< 1,Inferior
Feminino 6-9 anos,F1_RegulacaoEmocional,16,< 1,Inferior
Feminino 6-9 anos,F1_RegulacaoEmocional,17,< 1,Inferior
Feminino 6-9 anos,F1_RegulacaoEmocional,18,< 1,Inferior
Feminino 6-9 anos,F1_RegulacaoEmocional,19,< 1,Inferior
Feminino 6-9 anos,F1_RegulacaoEmocional,20,< 1,Inferior
Feminino 6-9 anos,F1_RegulacaoEmocional,21,< 1,Inferior
Feminino 6-9 anos,F1_RegulacaoEmocional,22,< 1,Inferior
Feminino 6-9 anos,F1_RegulacaoEmocional,23,1,Inferior
Feminino 6-9 anos,F1_RegulacaoEmocional,24,> 1 e < 5,Inferior
Feminino 6-9 anos,F1_RegulacaoEmocional,24.8,5,Inferior
Feminino 6-9 anos,F1_RegulacaoEmocional,25,> 5 e < 10,Inferior
Feminino 6-9 anos,F1_RegulacaoEmocional,26,> 5 e < 10,Inferior
Feminino 6-9 anos,F1_RegulacaoEmocional,27,> 5 e < 10,Inferior
Feminino 6-9 anos,F1_RegulacaoEmocional,28,> 5 e < 10,Inferior
Feminino 6-9 anos,F1_RegulacaoEmocional,29,> 5 e < 10,Inferior
Feminino 6-9 anos,F1_RegulacaoEmocional,29.7,10,Inferior
Feminino 6-9 anos,F1_RegulacaoEmocional,30,> 10 e < 15,Inferior
Feminino 6-9 anos,F1_RegulacaoEmocional,31,> 10 e < 15,Inferior
Feminino 6-9 anos,F1_RegulacaoEmocional,32,> 10 e < 15,Inferior
Feminino 6-9 anos,F1_RegulacaoEmocional,32.05,15,Inferior
Feminino 6-9 anos,F1_RegulacaoEmocional,33,> 15 e < 20,Inferior
Feminino 6-9 anos,F1_RegulacaoEmocional,34,> 15 e < 20,Inferior
Feminino 6-9 anos,F1_RegulacaoEmocional,34.8,20,Inferior
Feminino 6-9 anos,F1_RegulacaoEmocional,35,> 20 e < 25,Inferior
Feminino 6-9 anos,F1_RegulacaoEmocional,36,> 20 e < 25,Inferior
Feminino 6-9 anos,F1_RegulacaoEmocional,36.75,25,Média Inferior
Feminino 6-9 anos,F1_RegulacaoEmocional,37,> 25 e < 30,Média Inferior
Feminino 6-9 anos,F1_RegulacaoEmocional,38,> 25 e < 30,Média Inferior
Feminino 6-9 anos,F1_RegulacaoEmocional,39,> 25 e < 30,Média Inferior
Feminino 6-9 anos,F1_RegulacaoEmocional,40,> 25 e < 30,Média Inferior
Feminino 6-9 anos,F1_RegulacaoEmocional,41,> 25 e < 30,Média Inferior
Feminino 6-9 anos,F1_RegulacaoEmocional,42,> 25 e < 30,Média Inferior
Feminino 6-9 anos,F1_RegulacaoEmocional,42.5,30,Média Inferior
Feminino 6-9 anos,F1_RegulacaoEmocional,43,> 30 e < 35,Média Inferior
Feminino 6-9 anos,F1_RegulacaoEmocional,44,> 30 e < 35,Média Inferior
Feminino 6-9 anos,F1_RegulacaoEmocional,44.15,35,Média Inferior
Feminino 6-9 anos,F1_RegulacaoEmocional,45,40,Média Inferior
Feminino 6-9 anos,F1_RegulacaoEmocional,45.5,50,Média
Feminino 6-9 anos,F1_RegulacaoEmocional,46,> 50 e < 55,Média
Feminino 6-9 anos,F1_RegulacaoEmocional,46.95,55,Média
Feminino 6-9 anos,F1_RegulacaoEmocional,47,> 55 e < 60,Média
Feminino 6-9 anos,F1_RegulacaoEmocional,48,> 55 e < 60,Média
Feminino 6-9 anos,F1_RegulacaoEmocional,49,> 55 e < 60,Média
Feminino 6-9 anos,F1_RegulacaoEmocional,49.4,60,Média
Feminino 6-9 anos,F1_RegulacaoEmocional,50,> 60 e < 65,Média
Feminino 6-9 anos,F1_RegulacaoEmocional,51,> 60 e < 65,Média
Feminino 6-9 anos,F1_RegulacaoEmocional,52,> 60 e < 65,Média
Feminino 6-9 anos,F1_RegulacaoEmocional,53,> 60 e < 65,Média
Feminino 6-9 anos,F1_RegulacaoEmocional,54,> 60 e < 65,Média
Feminino 6-9 anos,F1_RegulacaoEmocional,54.7,65,Média Superior
Feminino 6-9 anos,F1_RegulacaoEmocional,55,70,Média Superior
Feminino 6-9 anos,F1_RegulacaoEmocional,56,> 70 e < 75,Média Superior
Feminino 6-9 anos,F1_RegulacaoEmocional,57,> 70 e < 75,Média Superior
Feminino 6-9 anos,F1_RegulacaoEmocional,57.25,75,Média superior
Feminino 6-9 anos,F1_RegulacaoEmocional,58,> 75 e < 80,Média superior
Feminino 6-9 anos,F1_RegulacaoEmocional,59,> 75 e < 80,Média superior
Feminino 6-9 anos,F1_RegulacaoEmocional,60,> 75 e < 80,Média superior
Feminino 6-9 anos,F1_RegulacaoEmocional,61,80,Média superior
Feminino 6-9 anos,F1_RegulacaoEmocional,62,> 80 e < 85,Média superior
Feminino 6-9 anos,F1_RegulacaoEmocional,63,> 80 e < 85,Média superior
Feminino 6-9 anos,F1_RegulacaoEmocional,64,> 80 e < 85,Média superior
Feminino 6-9 anos,F1_RegulacaoEmocional,65,85,Superior
Feminino 6-9 anos,F1_RegulacaoEmocional,65.6,90,Superior
Feminino 6-9 anos,F1_RegulacaoEmocional,66,> 90 e < 95,Superior
Feminino 6-9 anos,F1_RegulacaoEmocional,67,> 90 e < 95,Superior
Feminino 6-9 anos,F1_RegulacaoEmocional,68,> 90 e < 95,Superior
Feminino 6-9 anos,F1_RegulacaoEmocional,69,> 90 e < 95,Superior
Feminino 6-9 anos,F1_RegulacaoEmocional,70,> 90 e < 95,Superior
Feminino 6-9 anos,F1_RegulacaoEmocional,71,> 90 e < 95,Superior
Feminino 6-9 anos,F1_RegulacaoEmocional,72,> 90 e < 95,Superior
Feminino 6-9 anos,F1_RegulacaoEmocional,73,> 90 e < 95,Superior
Feminino 6-9 anos,F1_RegulacaoEmocional,74,> 90 e < 95,Superior
Feminino 6-9 anos,F1_RegulacaoEmocional,75,> 90 e < 95,Superior
Feminino 6-9 anos,F1_RegulacaoEmocional,76,> 90 e < 95,Superior
Feminino 6-9 anos,F1_RegulacaoEmocional,77,> 90 e < 95,Superior
Feminino 6-9 anos,F1_RegulacaoEmocional,77.05,95,Superior
Feminino 6-9 anos,F1_RegulacaoEmocional,78,> 95 e < 99,Superior
Feminino 6-9 anos,F1_RegulacaoEmocional,79,> 95 e < 99,Superior
Feminino 6-9 anos,F1_RegulacaoEmocional,80,> 95 e < 99,Superior
Feminino 6-9 anos,F1_RegulacaoEmocional,81,> 95 e < 99,Superior
Feminino 6-9 anos,F1_RegulacaoEmocional,82,> 95 e < 99,Superior
Feminino 6-9 anos,F1_RegulacaoEmocional,83,> 95 e < 99,Superior
Feminino 6-9 anos,F1_RegulacaoEmocional,84,> 95 e < 99,Superior
Feminino 6-9 anos,F1_RegulacaoEmocional,85,> 95 e < 99,Superior
Feminino 6-9 anos,F1_RegulacaoEmocional,86,> 95 e < 99,Superior
Feminino 6-9 anos,F1_RegulacaoEmocional,87,> 95 e < 99,Superior
Feminino 6-9 anos,F1_RegulacaoEmocional,88,> 95 e < 99,Superior
Feminino 6-9 anos,F1_RegulacaoEmocional,89,> 95 e < 99,Superior
Feminino 6-9 anos,F1_RegulacaoEmocional,90,> 95 e < 99,Superior
Feminino 6-9 anos,F1_RegulacaoEmocional,91,> 95 e < 99,Superior
Feminino 6-9 anos,F1_RegulacaoEmocional,92,> 95 e < 99,Superior
Feminino 6-9 anos,F1_RegulacaoEmocional,93,> 95 e < 99,Superior
Feminino 6-9 anos,F1_RegulacaoEmocional,94,> 95 e < 99,Superior
Feminino 6-9 anos,F1_RegulacaoEmocional,95,> 95 e < 99,Superior
Feminino 6-9 anos,F1_RegulacaoEmocional,96,> 95 e < 99,Superior
Feminino 6-9 anos,F1_RegulacaoEmocional,97,> 95 e < 99,Superior
Feminino 6-9 anos,F1_RegulacaoEmocional,98,> 95 e < 99,Superior
Feminino 6-9 anos,F1_RegulacaoEmocional,99,> 95 e < 99,Superior
Feminino 6-9 anos,F1_RegulacaoEmocional,100,> 95 e < 99,Superior
Feminino 6-9 anos,F1_RegulacaoEmocional,101,> 95 e < 99,Superior
Feminino 6-9 anos,F1_RegulacaoEmocional,102,> 95 e < 99,Superior
Feminino 6-9 anos,F1_RegulacaoEmocional,103,> 95 e < 99,Superior
Feminino 6-9 anos,F1_RegulacaoEmocional,104,> 95 e < 99,Superior
Feminino 6-9 anos,F1_RegulacaoEmocional,105,> 95 e < 99,Superior
Feminino 6-9 anos,F1_RegulacaoEmocional,106,> 95 e < 99,Superior
Feminino 6-9 anos,F1_RegulacaoEmocional,107,> 95 e < 99,Superior
Feminino 6-9 anos,F1_RegulacaoEmocional,108,> 95 e < 99,Superior
Feminino 6-9 anos,F1_RegulacaoEmocional,109,> 95 e < 99,Superior
Feminino 6-9 anos,F1_RegulacaoEmocional,110,> 95 e < 99,Superior
Feminino 6-9 anos,F1_RegulacaoEmocional,111,> 95 e < 99,Superior
Feminino 6-9 anos,F1_RegulacaoEmocional,112,> 95 e < 99,Superior
Feminino 6-9 anos,F1_RegulacaoEmocional,113,> 95 e < 99,Superior
Feminino 6-9 anos,F1_RegulacaoEmocional,114,> 95 e < 99,Superior
Feminino 6-9 anos,F1_RegulacaoEmocional,115,> 95 e < 99,Superior
Feminino 6-9 anos,F1_RegulacaoEmocional,116,> 95 e < 99,Superior
Feminino 6-9 anos,F1_RegulacaoEmocional,117,> 95 e < 99,Superior
Feminino 6-9 anos,F1_RegulacaoEmocional,118,> 95 e < 99,Superior
Feminino 6-9 anos,F1_RegulacaoEmocional,119,> 95 e < 99,Superior
Feminino 6-9 anos,F1_RegulacaoEmocional,120,> 95 e < 99,Superior
Feminino 6-9 anos,F2_HiperatividadeImpulsividade,1,< 1,Inferior
Feminino 6-9 anos,F2_HiperatividadeImpulsividade,2,< 1,Inferior
Feminino 6-9 anos,F2_HiperatividadeImpulsividade,3,< 1,Inferior
Feminino 6-9 anos,F2_HiperatividadeImpulsividade,4,< 1,Inferior
Feminino 6-9 anos,F2_HiperatividadeImpulsividade,5,< 1,Inferior
Feminino 6-9 anos,F2_HiperatividadeImpulsividade,6,< 1,Inferior
Feminino 6-9 anos,F2_HiperatividadeImpulsividade,7,< 1,Inferior
Feminino 6-9 anos,F2_HiperatividadeImpulsividade,8,< 1,Inferior
Feminino 6-9 anos,F2_HiperatividadeImpulsividade,9,< 1,Inferior
Feminino 6-9 anos,F2_HiperatividadeImpulsividade,10,< 1,Inferior
Feminino 6-9 anos,F2_HiperatividadeImpulsividade,11,< 1,Inferior
Feminino 6-9 anos,F2_HiperatividadeImpulsividade,12,< 1,Inferior
Feminino 6-9 anos,F2_HiperatividadeImpulsividade,13,< 1,Inferior
Feminino 6-9 anos,F2_HiperatividadeImpulsividade,14,< 1,Inferior
Feminino 6-9 anos,F2_HiperatividadeImpulsividade,15,< 1,Inferior
Feminino 6-9 anos,F2_HiperatividadeImpulsividade,16,< 1,Inferior
Feminino 6-9 anos,F2_HiperatividadeImpulsividade,17,< 1,Inferior
Feminino 6-9 anos,F2_HiperatividadeImpulsividade,18,1,Inferior
Feminino 6-9 anos,F2_HiperatividadeImpulsividade,18.45,5,Inferior
Feminino 6-9 anos,F2_HiperatividadeImpulsividade,19,> 5 e < 10,Inferior
Feminino 6-9 anos,F2_HiperatividadeImpulsividade,19.9,10,Inferior
Feminino 6-9 anos,F2_HiperatividadeImpulsividade,20,> 10 e < 15,Inferior
Feminino 6-9 anos,F2_HiperatividadeImpulsividade,21,> 10 e < 15,Inferior
Feminino 6-9 anos,F2_HiperatividadeImpulsividade,22,> 10 e < 15,Inferior
Feminino 6-9 anos,F2_HiperatividadeImpulsividade,23,> 10 e < 15,Inferior
Feminino 6-9 anos,F2_HiperatividadeImpulsividade,23.7,15,Inferior
Feminino 6-9 anos,F2_HiperatividadeImpulsividade,24,> 15 e < 20,Inferior
Feminino 6-9 anos,F2_HiperatividadeImpulsividade,25,20,Inferior
Feminino 6-9 anos,F2_HiperatividadeImpulsividade,26,> 20 e < 25,Inferior
Feminino 6-9 anos,F2_HiperatividadeImpulsividade,27,25,Média Inferior
Feminino 6-9 anos,F2_HiperatividadeImpulsividade,27.15,35,Média Inferior
Feminino 6-9 anos,F2_HiperatividadeImpulsividade,28,> 35 e < 40,Média Inferior
Feminino 6-9 anos,F2_HiperatividadeImpulsividade,29,> 35 e < 40,Média Inferior
Feminino 6-9 anos,F2_HiperatividadeImpulsividade,29.2,40,Média Inferior
Feminino 6-9 anos,F2_HiperatividadeImpulsividade,30,45,Média
Feminino 6-9 anos,F2_HiperatividadeImpulsividade,30.5,50,Média
Feminino 6-9 anos,F2_HiperatividadeImpulsividade,31,> 50 e < 55,Média
Feminino 6-9 anos,F2_HiperatividadeImpulsividade,32,> 50 e < 55,Média
Feminino 6-9 anos,F2_HiperatividadeImpulsividade,32.9,55,Média
Feminino 6-9 anos,F2_HiperatividadeImpulsividade,33,> 55 e < 60,Média
Feminino 6-9 anos,F2_HiperatividadeImpulsividade,34,60,Média
Feminino 6-9 anos,F2_HiperatividadeImpulsividade,35,> 65 e < 70,Média Superior
Feminino 6-9 anos,F2_HiperatividadeImpulsividade,36,> 65 e < 70,Média Superior
Feminino 6-9 anos,F2_HiperatividadeImpulsividade,37,> 65 e < 70,Média Superior
Feminino 6-9 anos,F2_HiperatividadeImpulsividade,38,> 65 e < 70,Média Superior
Feminino 6-9 anos,F2_HiperatividadeImpulsividade,39,> 65 e < 70,Média Superior
Feminino 6-9 anos,F2_HiperatividadeImpulsividade,40,> 65 e < 70,Média Superior
Feminino 6-9 anos,F2_HiperatividadeImpulsividade,41,> 65 e < 70,Média Superior
Feminino 6-9 anos,F2_HiperatividadeImpulsividade,42,> 65 e < 70,Média Superior
Feminino 6-9 anos,F2_HiperatividadeImpulsividade,43,70,Média Superior
Feminino 6-9 anos,F2_HiperatividadeImpulsividade,44,> 70 e < 75,Média Superior
Feminino 6-9 anos,F2_HiperatividadeImpulsividade,45,> 70 e < 75,Média Superior
Feminino 6-9 anos,F2_HiperatividadeImpulsividade,46,> 70 e < 75,Média Superior
Feminino 6-9 anos,F2_HiperatividadeImpulsividade,46.75,75,Média superior
Feminino 6-9 anos,F2_HiperatividadeImpulsividade,47,> 75 e < 80,Média superior
Feminino 6-9 anos,F2_HiperatividadeImpulsividade,48,> 75 e < 80,Média superior
Feminino 6-9 anos,F2_HiperatividadeImpulsividade,49,> 75 e < 80,Média superior
Feminino 6-9 anos,F2_HiperatividadeImpulsividade,50,> 75 e < 80,Média superior
Feminino 6-9 anos,F2_HiperatividadeImpulsividade,50.6,80,Média superior
Feminino 6-9 anos,F2_HiperatividadeImpulsividade,51,> 80 e < 85,Média superior
Feminino 6-9 anos,F2_HiperatividadeImpulsividade,52,> 80 e < 85,Média superior
Feminino 6-9 anos,F2_HiperatividadeImpulsividade,53,85,Superior
Feminino 6-9 anos,F2_HiperatividadeImpulsividade,53.3,90,Superior
Feminino 6-9 anos,F2_HiperatividadeImpulsividade,54,> 90 e < 95,Superior
Feminino 6-9 anos,F2_HiperatividadeImpulsividade,55,> 90 e < 95,Superior
Feminino 6-9 anos,F2_HiperatividadeImpulsividade,56,> 90 e < 95,Superior
Feminino 6-9 anos,F2_HiperatividadeImpulsividade,57,> 90 e < 95,Superior
Feminino 6-9 anos,F2_HiperatividadeImpulsividade,58,> 90 e < 95,Superior
Feminino 6-9 anos,F2_HiperatividadeImpulsividade,58.75,95,Superior
Feminino 6-9 anos,F2_HiperatividadeImpulsividade,59,> 95 e < 99,Superior
Feminino 6-9 anos,F2_HiperatividadeImpulsividade,60,> 95 e < 99,Superior
Feminino 6-9 anos,F2_HiperatividadeImpulsividade,61,> 95 e < 99,Superior
Feminino 6-9 anos,F2_HiperatividadeImpulsividade,62,> 95 e < 99,Superior
Feminino 6-9 anos,F2_HiperatividadeImpulsividade,63,> 95 e < 99,Superior
Feminino 6-9 anos,F2_HiperatividadeImpulsividade,64,> 95 e < 99,Superior
Feminino 6-9 anos,F2_HiperatividadeImpulsividade,65,> 95 e < 99,Superior
Feminino 6-9 anos,F2_HiperatividadeImpulsividade,66,> 95 e < 99,Superior
Feminino 6-9 anos,F2_HiperatividadeImpulsividade,67,> 95 e < 99,Superior
Feminino 6-9 anos,F2_HiperatividadeImpulsividade,68,> 95 e < 99,Superior
Feminino 6-9 anos,F2_HiperatividadeImpulsividade,69,> 95 e < 99,Superior
Feminino 6-9 anos,F2_HiperatividadeImpulsividade,70,> 95 e < 99,Superior
Feminino 6-9 anos,F2_HiperatividadeImpulsividade,71,> 95 e < 99,Superior
Feminino 6-9 anos,F2_HiperatividadeImpulsividade,72,> 95 e < 99,Superior
Feminino 6-9 anos,F2_HiperatividadeImpulsividade,73,> 95 e < 99,Superior
Feminino 6-9 anos,F2_HiperatividadeImpulsividade,74,> 95 e < 99,Superior
Feminino 6-9 anos,F2_HiperatividadeImpulsividade,75,> 95 e < 99,Superior
Feminino 6-9 anos,F2_HiperatividadeImpulsividade,76,> 95 e < 99,Superior
Feminino 6-9 anos,F2_HiperatividadeImpulsividade,77,> 95 e < 99,Superior
Feminino 6-9 anos,F2_HiperatividadeImpulsividade,78,> 95 e < 99,Superior
Feminino 6-9 anos,F2_HiperatividadeImpulsividade,79,> 95 e < 99,Superior
Feminino 6-9 anos,F2_HiperatividadeImpulsividade,80,> 95 e < 99,Superior
Feminino 6-9 anos,F3_ComportamentoAdaptativo,1,< 1,Inferior
Feminino 6-9 anos,F3_ComportamentoAdaptativo,2,< 1,Inferior
Feminino 6-9 anos,F3_ComportamentoAdaptativo,3,< 1,Inferior
Feminino 6-9 anos,F3_ComportamentoAdaptativo,4,< 1,Inferior
Feminino 6-9 anos,F3_ComportamentoAdaptativo,5,< 1,Inferior
Feminino 6-9 anos,F3_ComportamentoAdaptativo,6,< 1,Inferior
Feminino 6-9 anos,F3_ComportamentoAdaptativo,7,< 1,Inferior
Feminino 6-9 anos,F3_ComportamentoAdaptativo,8,< 1,Inferior
Feminino 6-9 anos,F3_ComportamentoAdaptativo,9,< 1,Inferior
Feminino 6-9 anos,F3_ComportamentoAdaptativo,10,< 1,Inferior
Feminino 6-9 anos,F3_ComportamentoAdaptativo,11,< 1,Inferior
Feminino 6-9 anos,F3_ComportamentoAdaptativo,12,< 1,Inferior
Feminino 6-9 anos,F3_ComportamentoAdaptativo,13,< 1,Inferior
Feminino 6-9 anos,F3_ComportamentoAdaptativo,14,< 1,Inferior
Feminino 6-9 anos,F3_ComportamentoAdaptativo,15,< 1,Inferior
Feminino 6-9 anos,F3_ComportamentoAdaptativo,16,< 1,Inferior
Feminino 6-9 anos,F3_ComportamentoAdaptativo,17,< 1,Inferior
Feminino 6-9 anos,F3_ComportamentoAdaptativo,18,< 1,Inferior
Feminino 6-9 anos,F3_ComportamentoAdaptativo,19,< 1,Inferior
Feminino 6-9 anos,F3_ComportamentoAdaptativo,20,< 1,Inferior
Feminino 6-9 anos,F3_ComportamentoAdaptativo,21,1,Inferior
Feminino 6-9 anos,F3_ComportamentoAdaptativo,22,> 1 e < 5,Inferior
Feminino 6-9 anos,F3_ComportamentoAdaptativo,22.35,5,Inferior
Feminino 6-9 anos,F3_ComportamentoAdaptativo,23,> 5 e < 10,Inferior
Feminino 6-9 anos,F3_ComportamentoAdaptativo,24,> 5 e < 10,Inferior
Feminino 6-9 anos,F3_ComportamentoAdaptativo,25,> 5 e < 10,Inferior
Feminino 6-9 anos,F3_ComportamentoAdaptativo,26,> 5 e < 10,Inferior
Feminino 6-9 anos,F3_ComportamentoAdaptativo,26.7,10,Inferior
Feminino 6-9 anos,F3_ComportamentoAdaptativo,27,> 10 e < 15,Inferior
Feminino 6-9 anos,F3_ComportamentoAdaptativo,28,> 10 e < 15,Inferior
Feminino 6-9 anos,F3_ComportamentoAdaptativo,28.35,15,Inferior
Feminino 6-9 anos,F3_ComportamentoAdaptativo,29,20,Inferior
Feminino 6-9 anos,F3_ComportamentoAdaptativo,30,> 20 e < 25,Inferior
Feminino 6-9 anos,F3_ComportamentoAdaptativo,31,> 20 e < 25,Inferior
Feminino 6-9 anos,F3_ComportamentoAdaptativo,32,> 20 e < 25,Inferior
Feminino 6-9 anos,F3_ComportamentoAdaptativo,33,> 20 e < 25,Inferior
Feminino 6-9 anos,F3_ComportamentoAdaptativo,34,> 20 e < 25,Inferior
Feminino 6-9 anos,F3_ComportamentoAdaptativo,34.5,25,Média Inferior
Feminino 6-9 anos,F3_ComportamentoAdaptativo,35,> 25 e < 30,Média Inferior
Feminino 6-9 anos,F3_ComportamentoAdaptativo,36,> 25 e < 30,Média Inferior
Feminino 6-9 anos,F3_ComportamentoAdaptativo,37,> 25 e < 30,Média Inferior
Feminino 6-9 anos,F3_ComportamentoAdaptativo,38,> 25 e < 30,Média Inferior
Feminino 6-9 anos,F3_ComportamentoAdaptativo,39,> 25 e < 30,Média Inferior
Feminino 6-9 anos,F3_ComportamentoAdaptativo,40,> 25 e < 30,Média Inferior
Feminino 6-9 anos,F3_ComportamentoAdaptativo,40.2,30,Média Inferior
Feminino 6-9 anos,F3_ComportamentoAdaptativo,41,> 30 e < 35,Média Inferior
Feminino 6-9 anos,F3_ComportamentoAdaptativo,42,> 30 e < 35,Média Inferior
Feminino 6-9 anos,F3_ComportamentoAdaptativo,43,> 30 e < 35,Média Inferior
Feminino 6-9 anos,F3_ComportamentoAdaptativo,43.45,35,Média Inferior
Feminino 6-9 anos,F3_ComportamentoAdaptativo,44,> 35 e < 40,Média Inferior
Feminino 6-9 anos,F3_ComportamentoAdaptativo,45,> 35 e < 40,Média Inferior
Feminino 6-9 anos,F3_ComportamentoAdaptativo,46,> 35 e < 40,Média Inferior
Feminino 6-9 anos,F3_ComportamentoAdaptativo,47,> 35 e < 40,Média Inferior
Feminino 6-9 anos,F3_ComportamentoAdaptativo,47.2,40,Média Inferior
Feminino 6-9 anos,F3_ComportamentoAdaptativo,48,> 40 e < 45,Média Inferior
Feminino 6-9 anos,F3_ComportamentoAdaptativo,49,45,Média
Feminino 6-9 anos,F3_ComportamentoAdaptativo,50,> 45 e < 50,Média
Feminino 6-9 anos,F3_ComportamentoAdaptativo,50.5,50,Média
Feminino 6-9 anos,F3_ComportamentoAdaptativo,51,> 50 e < 55,Média
Feminino 6-9 anos,F3_ComportamentoAdaptativo,52,> 50 e < 55,Média
Feminino 6-9 anos,F3_ComportamentoAdaptativo,53,> 50 e < 55,Média
Feminino 6-9 anos,F3_ComportamentoAdaptativo,54,> 50 e < 55,Média
Feminino 6-9 anos,F3_ComportamentoAdaptativo,54.85,55,Média
Feminino 6-9 anos,F3_ComportamentoAdaptativo,55,> 55 e < 60,Média
Feminino 6-9 anos,F3_ComportamentoAdaptativo,55.8,60,Média
Feminino 6-9 anos,F3_ComportamentoAdaptativo,56,> 60 e < 65,Média
Feminino 6-9 anos,F3_ComportamentoAdaptativo,57,65,Média Superior
Feminino 6-9 anos,F3_ComportamentoAdaptativo,58,> 70 e < 75,Média Superior
Feminino 6-9 anos,F3_ComportamentoAdaptativo,58.5,75,Média superior
Feminino 6-9 anos,F3_ComportamentoAdaptativo,59,> 75 e < 80,Média superior
Feminino 6-9 anos,F3_ComportamentoAdaptativo,60,> 75 e < 80,Média superior
Feminino 6-9 anos,F3_ComportamentoAdaptativo,60.2,80,Média superior
Feminino 6-9 anos,F3_ComportamentoAdaptativo,61,85,Superior
Feminino 6-9 anos,F3_ComportamentoAdaptativo,61,> 85 e < 90,Superior
Feminino 6-9 anos,F3_ComportamentoAdaptativo,62,> 85 e < 90,Superior
Feminino 6-9 anos,F3_ComportamentoAdaptativo,63,> 85 e < 90,Superior
Feminino 6-9 anos,F3_ComportamentoAdaptativo,65,> 85 e < 90,Superior
Feminino 6-9 anos,F3_ComportamentoAdaptativo,65.3,90,Superior
Feminino 6-9 anos,F3_ComportamentoAdaptativo,66,> 90 e < 95,Superior
Feminino 6-9 anos,F3_ComportamentoAdaptativo,67,> 90 e < 95,Superior
Feminino 6-9 anos,F3_ComportamentoAdaptativo,68,> 90 e < 95,Superior
Feminino 6-9 anos,F3_ComportamentoAdaptativo,69,> 90 e < 95,Superior
Feminino 6-9 anos,F3_ComportamentoAdaptativo,70,> 90 e < 95,Superior
Feminino 6-9 anos,F3_ComportamentoAdaptativo,71,> 90 e < 95,Superior
Feminino 6-9 anos,F3_ComportamentoAdaptativo,71.3,95,Superior
Feminino 6-9 anos,F3_ComportamentoAdaptativo,72,> 95 e < 99,Superior
Feminino 6-9 anos,F3_ComportamentoAdaptativo,73,> 95 e < 99,Superior
Feminino 6-9 anos,F3_ComportamentoAdaptativo,74,> 95 e < 99,Superior
Feminino 6-9 anos,F3_ComportamentoAdaptativo,75,> 95 e < 99,Superior
Feminino 6-9 anos,F3_ComportamentoAdaptativo,76,> 95 e < 99,Superior
Feminino 6-9 anos,F3_ComportamentoAdaptativo,77,> 95 e < 99,Superior
Feminino 6-9 anos,F3_ComportamentoAdaptativo,78,> 95 e < 99,Superior
Feminino 6-9 anos,F3_ComportamentoAdaptativo,79,> 95 e < 99,Superior
Feminino 6-9 anos,F3_ComportamentoAdaptativo,80,> 95 e < 99,Superior
Feminino 6-9 anos,F3_ComportamentoAdaptativo,81,> 95 e < 99,Superior
Feminino 6-9 anos,F3_ComportamentoAdaptativo,82,> 95 e < 99,Superior
Feminino 6-9 anos,F3_ComportamentoAdaptativo,83,> 95 e < 99,Superior
Feminino 6-9 anos,F3_ComportamentoAdaptativo,84,> 95 e < 99,Superior
Feminino 6-9 anos,F3_ComportamentoAdaptativo,85,> 95 e < 99,Superior
Feminino 6-9 anos,F3_ComportamentoAdaptativo,86,> 95 e < 99,Superior
Feminino 6-9 anos,F3_ComportamentoAdaptativo,87,> 95 e < 99,Superior
Feminino 6-9 anos,F3_ComportamentoAdaptativo,88,> 95 e < 99,Superior
Feminino 6-9 anos,F3_ComportamentoAdaptativo,89,> 95 e < 99,Superior
Feminino 6-9 anos,F3_ComportamentoAdaptativo,90,> 95 e < 99,Superior
Feminino 6-9 anos,F4_Atencao,1,< 1,Inferior
Feminino 6-9 anos,F4_Atencao,2,< 1,Inferior
Feminino 6-9 anos,F4_Atencao,3,< 1,Inferior
Feminino 6-9 anos,F4_Atencao,4,< 1,Inferior
Feminino 6-9 anos,F4_Atencao,5,< 1,Inferior
Feminino 6-9 anos,F4_Atencao,6,< 1,Inferior
Feminino 6-9 anos,F4_Atencao,7,< 1,Inferior
Feminino 6-9 anos,F4_Atencao,8,< 1,Inferior
Feminino 6-9 anos,F4_Atencao,9,< 1,Inferior
Feminino 6-9 anos,F4_Atencao,10,< 1,Inferior
Feminino 6-9 anos,F4_Atencao,11,< 1,Inferior
Feminino 6-9 anos,F4_Atencao,12,< 1,Inferior
Feminino 6-9 anos,F4_Atencao,13,< 1,Inferior
Feminino 6-9 anos,F4_Atencao,14,< 1,Inferior
Feminino 6-9 anos,F4_Atencao,15,1,Inferior
Feminino 6-9 anos,F4_Atencao,16,> 1 e < 5,Inferior
Feminino 6-9 anos,F4_Atencao,16.35,5,Inferior
Feminino 6-9 anos,F4_Atencao,17,> 5 e < 10,Inferior
Feminino 6-9 anos,F4_Atencao,18,10,Inferior
Feminino 6-9 anos,F4_Atencao,19,> 10 e < 15,Inferior
Feminino 6-9 anos,F4_Atencao,20,> 10 e < 15,Inferior
Feminino 6-9 anos,F4_Atencao,21,> 10 e < 15,Inferior
Feminino 6-9 anos,F4_Atencao,22,15,Inferior
Feminino 6-9 anos,F4_Atencao,22.8,20,Inferior
Feminino 6-9 anos,F4_Atencao,23,> 20 e < 25,Inferior
Feminino 6-9 anos,F4_Atencao,24,25,Média Inferior
Feminino 6-9 anos,F4_Atencao,25,> 30 e < 35,Média Inferior
Feminino 6-9 anos,F4_Atencao,26,35,Média Inferior
Feminino 6-9 anos,F4_Atencao,26.05,45,Média
Feminino 6-9 anos,F4_Atencao,27,50,Média
Feminino 6-9 anos,F4_Atencao,28,> 55 e < 60,Média
Feminino 6-9 anos,F4_Atencao,29,> 55 e < 60,Média
Feminino 6-9 anos,F4_Atencao,29.6,60,Média
Feminino 6-9 anos,F4_Atencao,30,> 60 e < 65,Média
Feminino 6-9 anos,F4_Atencao,31,> 60 e < 65,Média
Feminino 6-9 anos,F4_Atencao,32,65,Média Superior
Feminino 6-9 anos,F4_Atencao,32.3,70,Média Superior
Feminino 6-9 anos,F4_Atencao,33,75,Média superior
Feminino 6-9 anos,F4_Atencao,34,> 75 e < 80,Média superior
Feminino 6-9 anos,F4_Atencao,35,80,Média superior
Feminino 6-9 anos,F4_Atencao,36,> 85 e < 90,Superior
Feminino 6-9 anos,F4_Atencao,37,> 85 e < 90,Superior
Feminino 6-9 anos,F4_Atencao,37.2,90,Superior
Feminino 6-9 anos,F4_Atencao,38,> 90 e < 95,Superior
Feminino 6-9 anos,F4_Atencao,39,> 90 e < 95,Superior
Feminino 6-9 anos,F4_Atencao,40,> 90 e < 95,Superior
Feminino 6-9 anos,F4_Atencao,41,> 90 e < 95,Superior
Feminino 6-9 anos,F4_Atencao,42,> 90 e < 95,Superior
Feminino 6-9 anos,F4_Atencao,43,> 90 e < 95,Superior
Feminino 6-9 anos,F4_Atencao,43.4,95,Superior
Feminino 6-9 anos,F4_Atencao,44,> 95 e < 99,Superior
Feminino 6-9 anos,F4_Atencao,45,> 95 e < 99,Superior
Feminino 6-9 anos,F4_Atencao,46,> 95 e < 99,Superior
Feminino 6-9 anos,F4_Atencao,47,> 95 e < 99,Superior
Feminino 6-9 anos,F4_Atencao,48,> 95 e < 99,Superior
Feminino 6-9 anos,F4_Atencao,49,> 95 e < 99,Superior
Feminino 6-9 anos,F4_Atencao,50,> 95 e < 99,Superior
Feminino 6-9 anos,F4_Atencao,51,> 95 e < 99,Superior
Feminino 6-9 anos,F4_Atencao,52,> 95 e < 99,Superior
Feminino 6-9 anos,F4_Atencao,53,> 95 e < 99,Superior
Feminino 6-9 anos,F4_Atencao,54,> 95 e < 99,Superior
Feminino 6-9 anos,F4_Atencao,55,> 95 e < 99,Superior
Feminino 6-9 anos,F4_Atencao,56,> 95 e < 99,Superior
Feminino 6-9 anos,F4_Atencao,57,> 95 e < 99,Superior
Feminino 6-9 anos,F4_Atencao,58,> 95 e < 99,Superior
Feminino 6-9 anos,F4_Atencao,59,> 95 e < 99,Superior
Feminino 6-9 anos,F4_Atencao,60,> 95 e < 99,Superior
Feminino 6-9 anos,F4_Atencao,61,> 95 e < 99,Superior
Feminino 6-9 anos,F4_Atencao,62,> 95 e < 99,Superior
Feminino 6-9 anos,F4_Atencao,63,> 95 e < 99,Superior
Feminino 6-9 anos,F4_Atencao,64,> 95 e < 99,Superior
Feminino 6-9 anos,F4_Atencao,65,> 95 e < 99,Superior
Feminino 6-9 anos,F4_Atencao,66,> 95 e < 99,Superior
Feminino 6-9 anos,F4_Atencao,67,> 95 e < 99,Superior
Feminino 6-9 anos,F4_Atencao,68,> 95 e < 99,Superior
Feminino 6-9 anos,F4_Atencao,69,> 95 e < 99,Superior
Feminino 6-9 anos,F4_Atencao,70,> 95 e < 99,Superior
Feminino 6-9 anos,F4_Atencao,71,> 95 e < 99,Superior
Feminino 6-9 anos,F4_Atencao,72,> 95 e < 99,Superior
Feminino 6-9 anos,F4_Atencao,73,> 95 e < 99,Superior
Feminino 6-9 anos,F4_Atencao,74,> 95 e < 99,Superior
Feminino 6-9 anos,F4_Atencao,75,> 95 e < 99,Superior
Feminino 10-13 anos,EscoreGeral,25,< 1,Inferior
Feminino 10-13 anos,EscoreGeral,26,< 1,Inferior
Feminino 10-13 anos,EscoreGeral,27,< 1,Inferior
Feminino 10-13 anos,EscoreGeral,28,< 1,Inferior
Feminino 10-13 anos,EscoreGeral,29,< 1,Inferior
Feminino 10-13 anos,EscoreGeral,30,< 1,Inferior
Feminino 10-13 anos,EscoreGeral,31,< 1,Inferior
Feminino 10-13 anos,EscoreGeral,32,< 1,Inferior
Feminino 10-13 anos,EscoreGeral,33,< 1,Inferior
Feminino 10-13 anos,EscoreGeral,34,< 1,Inferior
Feminino 10-13 anos,EscoreGeral,35,< 1,Inferior
Feminino 10-13 anos,EscoreGeral,36,< 1,Inferior
Feminino 10-13 anos,EscoreGeral,37,< 1,Inferior
Feminino 10-13 anos,EscoreGeral,38,< 1,Inferior
Feminino 10-13 anos,EscoreGeral,39,< 1,Inferior
Feminino 10-13 anos,EscoreGeral,40,< 1,Inferior
Feminino 10-13 anos,EscoreGeral,41,< 1,Inferior
Feminino 10-13 anos,EscoreGeral,42,< 1,Inferior
Feminino 10-13 anos,EscoreGeral,43,< 1,Inferior
Feminino 10-13 anos,EscoreGeral,44,< 1,Inferior
Feminino 10-13 anos,EscoreGeral,45,< 1,Inferior
Feminino 10-13 anos,EscoreGeral,46,< 1,Inferior
Feminino 10-13 anos,EscoreGeral,47,< 1,Inferior
Feminino 10-13 anos,EscoreGeral,48,< 1,Inferior
Feminino 10-13 anos,EscoreGeral,49,< 1,Inferior
Feminino 10-13 anos,EscoreGeral,50,< 1,Inferior
Feminino 10-13 anos,EscoreGeral,51,< 1,Inferior
Feminino 10-13 anos,EscoreGeral,52,< 1,Inferior
Feminino 10-13 anos,EscoreGeral,53,< 1,Inferior
Feminino 10-13 anos,EscoreGeral,54,< 1,Inferior
Feminino 10-13 anos,EscoreGeral,55,< 1,Inferior
Feminino 10-13 anos,EscoreGeral,56,< 1,Inferior
Feminino 10-13 anos,EscoreGeral,57,< 1,Inferior
Feminino 10-13 anos,EscoreGeral,58,< 1,Inferior
Feminino 10-13 anos,EscoreGeral,59,< 1,Inferior
Feminino 10-13 anos,EscoreGeral,60,< 1,Inferior
Feminino 10-13 anos,EscoreGeral,61,< 1,Inferior
Feminino 10-13 anos,EscoreGeral,62,< 1,Inferior
Feminino 10-13 anos,EscoreGeral,63,< 1,Inferior
Feminino 10-13 anos,EscoreGeral,64,< 1,Inferior
Feminino 10-13 anos,EscoreGeral,65,< 1,Inferior
Feminino 10-13 anos,EscoreGeral,66,< 1,Inferior
Feminino 10-13 anos,EscoreGeral,67,< 1,Inferior
Feminino 10-13 anos,EscoreGeral,68,< 1,Inferior
Feminino 10-13 anos,EscoreGeral,69,< 1,Inferior
Feminino 10-13 anos,EscoreGeral,70,< 1,Inferior
Feminino 10-13 anos,EscoreGeral,71,< 1,Inferior
Feminino 10-13 anos,EscoreGeral,72,< 1,Inferior
Feminino 10-13 anos,EscoreGeral,73,< 1,Inferior
Feminino 10-13 anos,EscoreGeral,74,< 1,Inferior
Feminino 10-13 anos,EscoreGeral,75,< 1,Inferior
Feminino 10-13 anos,EscoreGeral,76,< 1,Inferior
Feminino 10-13 anos,EscoreGeral,77,< 1,Inferior
Feminino 10-13 anos,EscoreGeral,78,< 1,Inferior
Feminino 10-13 anos,EscoreGeral,79,< 1,Inferior
Feminino 10-13 anos,EscoreGeral,80,1,Inferior
Feminino 10-13 anos,EscoreGeral,81,> 1 e < 5,Inferior
Feminino 10-13 anos,EscoreGeral,82,> 1 e < 5,Inferior
Feminino 10-13 anos,EscoreGeral,83,> 1 e < 5,Inferior
Feminino 10-13 anos,EscoreGeral,84,> 1 e < 5,Inferior
Feminino 10-13 anos,EscoreGeral,85,> 1 e < 5,Inferior
Feminino 10-13 anos,EscoreGeral,86,> 1 e < 5,Inferior
Feminino 10-13 anos,EscoreGeral,86.6,5,Inferior
Feminino 10-13 anos,EscoreGeral,87,> 5 e < 10,Inferior
Feminino 10-13 anos,EscoreGeral,88,> 5 e < 10,Inferior
Feminino 10-13 anos,EscoreGeral,89,> 5 e < 10,Inferior
Feminino 10-13 anos,EscoreGeral,90,> 5 e < 10,Inferior
Feminino 10-13 anos,EscoreGeral,91,> 5 e < 10,Inferior
Feminino 10-13 anos,EscoreGeral,92,> 5 e < 10,Inferior
Feminino 10-13 anos,EscoreGeral,93,> 5 e < 10,Inferior
Feminino 10-13 anos,EscoreGeral,94,> 5 e < 10,Inferior
Feminino 10-13 anos,EscoreGeral,95,> 5 e < 10,Inferior
Feminino 10-13 anos,EscoreGeral,96,> 5 e < 10,Inferior
Feminino 10-13 anos,EscoreGeral,97,> 5 e < 10,Inferior
Feminino 10-13 anos,EscoreGeral,97.4,10,Inferior
Feminino 10-13 anos,EscoreGeral,98,> 10 e < 15,Inferior
Feminino 10-13 anos,EscoreGeral,99,> 10 e < 15,Inferior
Feminino 10-13 anos,EscoreGeral,100,> 10 e < 15,Inferior
Feminino 10-13 anos,EscoreGeral,101,15,Inferior
Feminino 10-13 anos,EscoreGeral,102,> 15 e < 20,Inferior
Feminino 10-13 anos,EscoreGeral,103,> 15 e < 20,Inferior
Feminino 10-13 anos,EscoreGeral,104,> 15 e < 20,Inferior
Feminino 10-13 anos,EscoreGeral,105,> 15 e < 20,Inferior
Feminino 10-13 anos,EscoreGeral,106,20,Inferior
Feminino 10-13 anos,EscoreGeral,107,> 20 e < 25,Inferior
Feminino 10-13 anos,EscoreGeral,108,> 20 e < 25,Inferior
Feminino 10-13 anos,EscoreGeral,109,> 20 e < 25,Inferior
Feminino 10-13 anos,EscoreGeral,110,> 20 e < 25,Inferior
Feminino 10-13 anos,EscoreGeral,111,> 20 e < 25,Inferior
Feminino 10-13 anos,EscoreGeral,112,> 20 e < 25,Inferior
Feminino 10-13 anos,EscoreGeral,113,> 20 e < 25,Inferior
Feminino 10-13 anos,EscoreGeral,114,> 20 e < 25,Inferior
Feminino 10-13 anos,EscoreGeral,115,> 20 e < 25,Inferior
Feminino 10-13 anos,EscoreGeral,116,> 20 e < 25,Inferior
Feminino 10-13 anos,EscoreGeral,116.5,25,Média Inferior
Feminino 10-13 anos,EscoreGeral,117,> 25 e < 30,Média Inferior
Feminino 10-13 anos,EscoreGeral,118,> 25 e < 30,Média Inferior
Feminino 10-13 anos,EscoreGeral,119,> 25 e < 30,Média Inferior
Feminino 10-13 anos,EscoreGeral,120,> 25 e < 30,Média Inferior
Feminino 10-13 anos,EscoreGeral,121,> 25 e < 30,Média Inferior
Feminino 10-13 anos,EscoreGeral,122,> 25 e < 30,Média Inferior
Feminino 10-13 anos,EscoreGeral,122.8,30,Média Inferior
Feminino 10-13 anos,EscoreGeral,123,> 30 e < 35,Média Inferior
Feminino 10-13 anos,EscoreGeral,124,> 30 e < 35,Média Inferior
Feminino 10-13 anos,EscoreGeral,125,> 30 e < 35,Média Inferior
Feminino 10-13 anos,EscoreGeral,126,> 30 e < 35,Média Inferior
Feminino 10-13 anos,EscoreGeral,127,> 30 e < 35,Média Inferior
Feminino 10-13 anos,EscoreGeral,128,> 30 e < 35,Média Inferior
Feminino 10-13 anos,EscoreGeral,128.7,35,Média Inferior
Feminino 10-13 anos,EscoreGeral,129,> 35 e < 40,Média Inferior
Feminino 10-13 anos,EscoreGeral,130,> 35 e < 40,Média Inferior
Feminino 10-13 anos,EscoreGeral,131,> 35 e < 40,Média Inferior
Feminino 10-13 anos,EscoreGeral,132,> 35 e < 40,Média Inferior
Feminino 10-13 anos,EscoreGeral,133,> 35 e < 40,Média Inferior
Feminino 10-13 anos,EscoreGeral,134,> 35 e < 40,Média Inferior
Feminino 10-13 anos,EscoreGeral,134.8,40,Média Inferior
Feminino 10-13 anos,EscoreGeral,135,> 40 e < 45,Média Inferior
Feminino 10-13 anos,EscoreGeral,136,> 40 e < 45,Média Inferior
Feminino 10-13 anos,EscoreGeral,137,> 40 e < 45,Média Inferior
Feminino 10-13 anos,EscoreGeral,138,> 40 e < 45,Média Inferior
Feminino 10-13 anos,EscoreGeral,139,45,Média
Feminino 10-13 anos,EscoreGeral,140,> 45 e < 50,Média
Feminino 10-13 anos,EscoreGeral,141,> 45 e < 50,Média
Feminino 10-13 anos,EscoreGeral,142,> 45 e < 50,Média
Feminino 10-13 anos,EscoreGeral,142.5,50,Média
Feminino 10-13 anos,EscoreGeral,143,> 50 e < 55,Média
Feminino 10-13 anos,EscoreGeral,144,> 50 e < 55,Média
Feminino 10-13 anos,EscoreGeral,145,> 50 e < 55,Média
Feminino 10-13 anos,EscoreGeral,145.4,55,Média
Feminino 10-13 anos,EscoreGeral,146,> 55 e < 60,Média
Feminino 10-13 anos,EscoreGeral,147,> 55 e < 60,Média
Feminino 10-13 anos,EscoreGeral,148,> 55 e < 60,Média
Feminino 10-13 anos,EscoreGeral,149,> 55 e < 60,Média
Feminino 10-13 anos,EscoreGeral,150,> 55 e < 60,Média
Feminino 10-13 anos,EscoreGeral,151,> 55 e < 60,Média
Feminino 10-13 anos,EscoreGeral,152,> 55 e < 60,Média
Feminino 10-13 anos,EscoreGeral,153,> 55 e < 60,Média
Feminino 10-13 anos,EscoreGeral,154,> 55 e < 60,Média
Feminino 10-13 anos,EscoreGeral,155,> 55 e < 60,Média
Feminino 10-13 anos,EscoreGeral,156,60,Média
Feminino 10-13 anos,EscoreGeral,157,> 60 e < 65,Média
Feminino 10-13 anos,EscoreGeral,158,> 60 e < 65,Média
Feminino 10-13 anos,EscoreGeral,159,> 60 e < 65,Média
Feminino 10-13 anos,EscoreGeral,159.45,65,Média Superior
Feminino 10-13 anos,EscoreGeral,160,> 65 e < 70,Média Superior
Feminino 10-13 anos,EscoreGeral,161,> 65 e < 70,Média Superior
Feminino 10-13 anos,EscoreGeral,162,> 65 e < 70,Média Superior
Feminino 10-13 anos,EscoreGeral,163,> 65 e < 70,Média Superior
Feminino 10-13 anos,EscoreGeral,164,> 65 e < 70,Média Superior
Feminino 10-13 anos,EscoreGeral,165,> 65 e < 70,Média Superior
Feminino 10-13 anos,EscoreGeral,166,> 65 e < 70,Média Superior
Feminino 10-13 anos,EscoreGeral,167,> 65 e < 70,Média Superior
Feminino 10-13 anos,EscoreGeral,168,> 65 e < 70,Média Superior
Feminino 10-13 anos,EscoreGeral,169,> 65 e < 70,Média Superior
Feminino 10-13 anos,EscoreGeral,170,> 65 e < 70,Média Superior
Feminino 10-13 anos,EscoreGeral,171,> 65 e < 70,Média Superior
Feminino 10-13 anos,EscoreGeral,172,> 65 e < 70,Média Superior
Feminino 10-13 anos,EscoreGeral,173,> 65 e < 70,Média Superior
Feminino 10-13 anos,EscoreGeral,174,> 65 e < 70,Média Superior
Feminino 10-13 anos,EscoreGeral,175,> 65 e < 70,Média Superior
Feminino 10-13 anos,EscoreGeral,176,70,Média Superior
Feminino 10-13 anos,EscoreGeral,177,> 70 e < 75,Média Superior
Feminino 10-13 anos,EscoreGeral,178,> 70 e < 75,Média Superior
Feminino 10-13 anos,EscoreGeral,179,> 70 e < 75,Média Superior
Feminino 10-13 anos,EscoreGeral,180,> 70 e < 75,Média Superior
Feminino 10-13 anos,EscoreGeral,181,> 70 e < 75,Média Superior
Feminino 10-13 anos,EscoreGeral,182,> 70 e < 75,Média Superior
Feminino 10-13 anos,EscoreGeral,183,> 70 e < 75,Média Superior
Feminino 10-13 anos,EscoreGeral,184,> 70 e < 75,Média Superior
Feminino 10-13 anos,EscoreGeral,185,> 70 e < 75,Média Superior
Feminino 10-13 anos,EscoreGeral,186,> 70 e < 75,Média Superior
Feminino 10-13 anos,EscoreGeral,187,> 70 e < 75,Média Superior
Feminino 10-13 anos,EscoreGeral,188,> 70 e < 75,Média Superior
Feminino 10-13 anos,EscoreGeral,189,> 70 e < 75,Média Superior
Feminino 10-13 anos,EscoreGeral,190,75,Média superior
Feminino 10-13 anos,EscoreGeral,191,> 75 e < 80,Média superior
Feminino 10-13 anos,EscoreGeral,192,> 75 e < 80,Média superior
Feminino 10-13 anos,EscoreGeral,193,> 75 e < 80,Média superior
Feminino 10-13 anos,EscoreGeral,194,> 75 e < 80,Média superior
Feminino 10-13 anos,EscoreGeral,194.6,80,Média superior
Feminino 10-13 anos,EscoreGeral,195,> 80 e < 85,Média superior
Feminino 10-13 anos,EscoreGeral,196,> 80 e < 85,Média superior
Feminino 10-13 anos,EscoreGeral,197,> 80 e < 85,Média superior
Feminino 10-13 anos,EscoreGeral,198,> 80 e < 85,Média superior
Feminino 10-13 anos,EscoreGeral,198.75,85,Superior
Feminino 10-13 anos,EscoreGeral,199,> 85 e < 90,Superior
Feminino 10-13 anos,EscoreGeral,200,> 85 e < 90,Superior
Feminino 10-13 anos,EscoreGeral,201,> 85 e < 90,Superior
Feminino 10-13 anos,EscoreGeral,202,> 85 e < 90,Superior
Feminino 10-13 anos,EscoreGeral,203,> 85 e < 90,Superior
Feminino 10-13 anos,EscoreGeral,204,> 85 e < 90,Superior
Feminino 10-13 anos,EscoreGeral,205,> 85 e < 90,Superior
Feminino 10-13 anos,EscoreGeral,206,> 85 e < 90,Superior
Feminino 10-13 anos,EscoreGeral,207,> 85 e < 90,Superior
Feminino 10-13 anos,EscoreGeral,208,> 85 e < 90,Superior
Feminino 10-13 anos,EscoreGeral,208.3,90,Superior
Feminino 10-13 anos,EscoreGeral,209,> 90 e < 95,Superior
Feminino 10-13 anos,EscoreGeral,210,> 90 e < 95,Superior
Feminino 10-13 anos,EscoreGeral,211,> 90 e < 95,Superior
Feminino 10-13 anos,EscoreGeral,212,> 90 e < 95,Superior
Feminino 10-13 anos,EscoreGeral,213,> 90 e < 95,Superior
Feminino 10-13 anos,EscoreGeral,214,> 90 e < 95,Superior
Feminino 10-13 anos,EscoreGeral,215,> 90 e < 95,Superior
Feminino 10-13 anos,EscoreGeral,216,> 90 e < 95,Superior
Feminino 10-13 anos,EscoreGeral,217,> 90 e < 95,Superior
Feminino 10-13 anos,EscoreGeral,218,> 90 e < 95,Superior
Feminino 10-13 anos,EscoreGeral,219,> 90 e < 95,Superior
Feminino 10-13 anos,EscoreGeral,220,> 90 e < 95,Superior
Feminino 10-13 anos,EscoreGeral,221,> 90 e < 95,Superior
Feminino 10-13 anos,EscoreGeral,222,> 90 e < 95,Superior
Feminino 10-13 anos,EscoreGeral,223,> 90 e < 95,Superior
Feminino 10-13 anos,EscoreGeral,224,> 90 e < 95,Superior
Feminino 10-13 anos,EscoreGeral,225,> 90 e < 95,Superior
Feminino 10-13 anos,EscoreGeral,226,> 90 e < 95,Superior
Feminino 10-13 anos,EscoreGeral,227,> 90 e < 95,Superior
Feminino 10-13 anos,EscoreGeral,228,> 90 e < 95,Superior
Feminino 10-13 anos,EscoreGeral,229,> 90 e < 95,Superior
Feminino 10-13 anos,EscoreGeral,230,> 90 e < 95,Superior
Feminino 10-13 anos,EscoreGeral,231,> 90 e < 95,Superior
Feminino 10-13 anos,EscoreGeral,232,> 90 e < 95,Superior
Feminino 10-13 anos,EscoreGeral,233,> 90 e < 95,Superior
Feminino 10-13 anos,EscoreGeral,234,> 90 e < 95,Superior
Feminino 10-13 anos,EscoreGeral,235,> 90 e < 95,Superior
Feminino 10-13 anos,EscoreGeral,236,> 90 e < 95,Superior
Feminino 10-13 anos,EscoreGeral,237,> 90 e < 95,Superior
Feminino 10-13 anos,EscoreGeral,238,> 90 e < 95,Superior
Feminino 10-13 anos,EscoreGeral,238.65,95,Superior
Feminino 10-13 anos,EscoreGeral,239,> 95 e < 99,Superior
Feminino 10-13 anos,EscoreGeral,240,> 95 e < 99,Superior
Feminino 10-13 anos,EscoreGeral,241,> 95 e < 99,Superior
Feminino 10-13 anos,EscoreGeral,242,> 95 e < 99,Superior
Feminino 10-13 anos,EscoreGeral,243,> 95 e < 99,Superior
Feminino 10-13 anos,EscoreGeral,244,> 95 e < 99,Superior
Feminino 10-13 anos,EscoreGeral,245,> 95 e < 99,Superior
Feminino 10-13 anos,EscoreGeral,246,> 95 e < 99,Superior
Feminino 10-13 anos,EscoreGeral,247,> 95 e < 99,Superior
Feminino 10-13 anos,EscoreGeral,248,> 95 e < 99,Superior
Feminino 10-13 anos,EscoreGeral,249,> 95 e < 99,Superior
Feminino 10-13 anos,EscoreGeral,250,> 95 e < 99,Superior
Feminino 10-13 anos,EscoreGeral,251,> 95 e < 99,Superior
Feminino 10-13 anos,EscoreGeral,252,> 95 e < 99,Superior
Feminino 10-13 anos,EscoreGeral,253,> 95 e < 99,Superior
Feminino 10-13 anos,EscoreGeral,254,> 95 e < 99,Superior
Feminino 10-13 anos,EscoreGeral,255,> 95 e < 99,Superior
Feminino 10-13 anos,EscoreGeral,256,> 95 e < 99,Superior
Feminino 10-13 anos,EscoreGeral,257,> 95 e < 99,Superior
Feminino 10-13 anos,EscoreGeral,258,> 95 e < 99,Superior
Feminino 10-13 anos,EscoreGeral,259,> 95 e < 99,Superior
Feminino 10-13 anos,EscoreGeral,260,> 95 e < 99,Superior
Feminino 10-13 anos,EscoreGeral,261,> 95 e < 99,Superior
Feminino 10-13 anos,EscoreGeral,262,> 95 e < 99,Superior
Feminino 10-13 anos,EscoreGeral,263,> 95 e < 99,Superior
Feminino 10-13 anos,EscoreGeral,264,> 95 e < 99,Superior
Feminino 10-13 anos,EscoreGeral,265,> 95 e < 99,Superior
Feminino 10-13 anos,EscoreGeral,266,> 95 e < 99,Superior
Feminino 10-13 anos,EscoreGeral,267,> 95 e < 99,Superior
Feminino 10-13 anos,EscoreGeral,268,> 95 e < 99,Superior
Feminino 10-13 anos,EscoreGeral,269,> 95 e < 99,Superior
Feminino 10-13 anos,EscoreGeral,270,> 95 e < 99,Superior
Feminino 10-13 anos,EscoreGeral,271,> 95 e < 99,Superior
Feminino 10-13 anos,EscoreGeral,272,> 95 e < 99,Superior
Feminino 10-13 anos,EscoreGeral,273,> 95 e < 99,Superior
Feminino 10-13 anos,EscoreGeral,274,> 95 e < 99,Superior
Feminino 10-13 anos,EscoreGeral,275,> 95 e < 99,Superior
Feminino 10-13 anos,EscoreGeral,276,> 95 e < 99,Superior
Feminino 10-13 anos,EscoreGeral,277,> 95 e < 99,Superior
Feminino 10-13 anos,EscoreGeral,278,> 95 e < 99,Superior
Feminino 10-13 anos,EscoreGeral,279,> 95 e < 99,Superior
Feminino 10-13 anos,EscoreGeral,280,> 95 e < 99,Superior
Feminino 10-13 anos,EscoreGeral,281,> 95 e < 99,Superior
Feminino 10-13 anos,EscoreGeral,282,> 95 e < 99,Superior
Feminino 10-13 anos,EscoreGeral,283,> 95 e < 99,Superior
Feminino 10-13 anos,EscoreGeral,284,> 95 e < 99,Superior
Feminino 10-13 anos,EscoreGeral,285,> 95 e < 99,Superior
Feminino 10-13 anos,EscoreGeral,286,> 95 e < 99,Superior
Feminino 10-13 anos,EscoreGeral,287,> 95 e < 99,Superior
Feminino 10-13 anos,EscoreGeral,288,> 95 e < 99,Superior
Feminino 10-13 anos,EscoreGeral,289,> 95 e < 99,Superior
Feminino 10-13 anos,EscoreGeral,290,> 95 e < 99,Superior
Feminino 10-13 anos,EscoreGeral,291,> 95 e < 99,Superior
Feminino 10-13 anos,EscoreGeral,292,> 95 e < 99,Superior
Feminino 10-13 anos,EscoreGeral,293,> 95 e < 99,Superior
Feminino 10-13 anos,EscoreGeral,294,> 95 e < 99,Superior
Feminino 10-13 anos,EscoreGeral,295,> 95 e < 99,Superior
Feminino 10-13 anos,EscoreGeral,296,> 95 e < 99,Superior
Feminino 10-13 anos,EscoreGeral,297,> 95 e < 99,Superior
Feminino 10-13 anos,EscoreGeral,298,> 95 e < 99,Superior
Feminino 10-13 anos,EscoreGeral,299,> 95 e < 99,Superior
Feminino 10-13 anos,EscoreGeral,300,> 95 e < 99,Superior
Feminino 10-13 anos,EscoreGeral,301,> 95 e < 99,Superior
Feminino 10-13 anos,EscoreGeral,302,> 95 e < 99,Superior
Feminino 10-13 anos,EscoreGeral,303,> 95 e < 99,Superior
Feminino 10-13 anos,EscoreGeral,304,> 95 e < 99,Superior
Feminino 10-13 anos,EscoreGeral,305,> 95 e < 99,Superior
Feminino 10-13 anos,EscoreGeral,306,> 95 e < 99,Superior
Feminino 10-13 anos,EscoreGeral,307,> 95 e < 99,Superior
Feminino 10-13 anos,EscoreGeral,308,> 95 e < 99,Superior
Feminino 10-13 anos,EscoreGeral,309,> 95 e < 99,Superior
Feminino 10-13 anos,EscoreGeral,310,> 95 e < 99,Superior
Feminino 10-13 anos,EscoreGeral,311,> 95 e < 99,Superior
Feminino 10-13 anos,EscoreGeral,312,> 95 e < 99,Superior
Feminino 10-13 anos,EscoreGeral,313,> 95 e < 99,Superior
Feminino 10-13 anos,EscoreGeral,314,> 95 e < 99,Superior
Feminino 10-13 anos,EscoreGeral,315,> 95 e < 99,Superior
Feminino 10-13 anos,EscoreGeral,316,> 95 e < 99,Superior
Feminino 10-13 anos,EscoreGeral,317,> 95 e < 99,Superior
Feminino 10-13 anos,EscoreGeral,318,> 95 e < 99,Superior
Feminino 10-13 anos,EscoreGeral,319,> 95 e < 99,Superior
Feminino 10-13 anos,EscoreGeral,320,> 95 e < 99,Superior
Feminino 10-13 anos,EscoreGeral,321,> 95 e < 99,Superior
Feminino 10-13 anos,EscoreGeral,322,> 95 e < 99,Superior
Feminino 10-13 anos,EscoreGeral,323,> 95 e < 99,Superior
Feminino 10-13 anos,EscoreGeral,324,> 95 e < 99,Superior
Feminino 10-13 anos,EscoreGeral,325,> 95 e < 99,Superior
Feminino 10-13 anos,EscoreGeral,326,> 95 e < 99,Superior
Feminino 10-13 anos,EscoreGeral,327,> 95 e < 99,Superior
Feminino 10-13 anos,EscoreGeral,328,> 95 e < 99,Superior
Feminino 10-13 anos,EscoreGeral,329,> 95 e < 99,Superior
Feminino 10-13 anos,EscoreGeral,330,> 95 e < 99,Superior
Feminino 10-13 anos,EscoreGeral,331,> 95 e < 99,Superior
Feminino 10-13 anos,EscoreGeral,332,> 95 e < 99,Superior
Feminino 10-13 anos,EscoreGeral,333,> 95 e < 99,Superior
Feminino 10-13 anos,EscoreGeral,334,> 95 e < 99,Superior
Feminino 10-13 anos,EscoreGeral,335,99,Superior
Feminino 10-13 anos,EscoreGeral,336,> 99,Superior
Feminino 10-13 anos,EscoreGeral,337,> 99,Superior
Feminino 10-13 anos,EscoreGeral,338,> 99,Superior
Feminino 10-13 anos,EscoreGeral,339,> 99,Superior
Feminino 10-13 anos,EscoreGeral,340,> 99,Superior
Feminino 10-13 anos,EscoreGeral,341,> 99,Superior
Feminino 10-13 anos,EscoreGeral,342,> 99,Superior
Feminino 10-13 anos,EscoreGeral,343,> 99,Superior
Feminino 10-13 anos,EscoreGeral,344,> 99,Superior
Feminino 10-13 anos,EscoreGeral,345,> 99,Superior
Feminino 10-13 anos,EscoreGeral,346,> 99,Superior
Feminino 10-13 anos,EscoreGeral,347,> 99,Superior
Feminino 10-13 anos,EscoreGeral,348,> 99,Superior
Feminino 10-13 anos,F1_RegulacaoEmocional,1,< 1,Inferior
Feminino 10-13 anos,F1_RegulacaoEmocional,2,< 1,Inferior
Feminino 10-13 anos,F1_RegulacaoEmocional,3,< 1,Inferior
Feminino 10-13 anos,F1_RegulacaoEmocional,4,< 1,Inferior
Feminino 10-13 anos,F1_RegulacaoEmocional,5,< 1,Inferior
Feminino 10-13 anos,F1_RegulacaoEmocional,6,< 1,Inferior
Feminino 10-13 anos,F1_RegulacaoEmocional,7,< 1,Inferior
Feminino 10-13 anos,F1_RegulacaoEmocional,8,< 1,Inferior
Feminino 10-13 anos,F1_RegulacaoEmocional,9,< 1,Inferior
Feminino 10-13 anos,F1_RegulacaoEmocional,10,< 1,Inferior
Feminino 10-13 anos,F1_RegulacaoEmocional,11,< 1,Inferior
Feminino 10-13 anos,F1_RegulacaoEmocional,12,< 1,Inferior
Feminino 10-13 anos,F1_RegulacaoEmocional,13,< 1,Inferior
Feminino 10-13 anos,F1_RegulacaoEmocional,14,< 1,Inferior
Feminino 10-13 anos,F1_RegulacaoEmocional,15,< 1,Inferior
Feminino 10-13 anos,F1_RegulacaoEmocional,16,< 1,Inferior
Feminino 10-13 anos,F1_RegulacaoEmocional,17,< 1,Inferior
Feminino 10-13 anos,F1_RegulacaoEmocional,18,< 1,Inferior
Feminino 10-13 anos,F1_RegulacaoEmocional,19,< 1,Inferior
Feminino 10-13 anos,F1_RegulacaoEmocional,20,1,Inferior
Feminino 10-13 anos,F1_RegulacaoEmocional,21,> 1 e < 5,Inferior
Feminino 10-13 anos,F1_RegulacaoEmocional,22,> 1 e < 5,Inferior
Feminino 10-13 anos,F1_RegulacaoEmocional,22.2,5,Inferior
Feminino 10-13 anos,F1_RegulacaoEmocional,23,> 5 e < 10,Inferior
Feminino 10-13 anos,F1_RegulacaoEmocional,24,> 5 e < 10,Inferior
Feminino 10-13 anos,F1_RegulacaoEmocional,25,> 5 e < 10,Inferior
Feminino 10-13 anos,F1_RegulacaoEmocional,26,> 5 e < 10,Inferior
Feminino 10-13 anos,F1_RegulacaoEmocional,27,> 5 e < 10,Inferior
Feminino 10-13 anos,F1_RegulacaoEmocional,27.2,10,Inferior
Feminino 10-13 anos,F1_RegulacaoEmocional,28,> 10 e < 15,Inferior
Feminino 10-13 anos,F1_RegulacaoEmocional,29,15,Inferior
Feminino 10-13 anos,F1_RegulacaoEmocional,30,20,Inferior
Feminino 10-13 anos,F1_RegulacaoEmocional,31,> 25 e < 30,Média Inferior
Feminino 10-13 anos,F1_RegulacaoEmocional,32,> 25 e < 30,Média Inferior
Feminino 10-13 anos,F1_RegulacaoEmocional,33,> 25 e < 30,Média Inferior
Feminino 10-13 anos,F1_RegulacaoEmocional,34,> 25 e < 30,Média Inferior
Feminino 10-13 anos,F1_RegulacaoEmocional,35,> 25 e < 30,Média Inferior
Feminino 10-13 anos,F1_RegulacaoEmocional,36,> 25 e < 30,Média Inferior
Feminino 10-13 anos,F1_RegulacaoEmocional,36.3,30,Média Inferior
Feminino 10-13 anos,F1_RegulacaoEmocional,37,> 30 e < 35,Média Inferior
Feminino 10-13 anos,F1_RegulacaoEmocional,38,> 30 e < 35,Média Inferior
Feminino 10-13 anos,F1_RegulacaoEmocional,38.7,35,Média Inferior
Feminino 10-13 anos,F1_RegulacaoEmocional,39,40,Média Inferior
Feminino 10-13 anos,F1_RegulacaoEmocional,40,> 40 e < 45,Média Inferior
Feminino 10-13 anos,F1_RegulacaoEmocional,40.9,45,Média
Feminino 10-13 anos,F1_RegulacaoEmocional,41,50,Média
Feminino 10-13 anos,F1_RegulacaoEmocional,42,> 50 e < 55,Média
Feminino 10-13 anos,F1_RegulacaoEmocional,43,> 50 e < 55,Média
Feminino 10-13 anos,F1_RegulacaoEmocional,43.2,55,Média
Feminino 10-13 anos,F1_RegulacaoEmocional,44,> 55 e < 60,Média
Feminino 10-13 anos,F1_RegulacaoEmocional,45,> 55 e < 60,Média
Feminino 10-13 anos,F1_RegulacaoEmocional,46,> 55 e < 60,Média
Feminino 10-13 anos,F1_RegulacaoEmocional,47,> 55 e < 60,Média
Feminino 10-13 anos,F1_RegulacaoEmocional,48,> 55 e < 60,Média
Feminino 10-13 anos,F1_RegulacaoEmocional,48.2,60,Média
Feminino 10-13 anos,F1_RegulacaoEmocional,49,65,Média Superior
Feminino 10-13 anos,F1_RegulacaoEmocional,50,> 65 e < 70,Média Superior
Feminino 10-13 anos,F1_RegulacaoEmocional,51,> 65 e < 70,Média Superior
Feminino 10-13 anos,F1_RegulacaoEmocional,51.1,70,Média Superior
Feminino 10-13 anos,F1_RegulacaoEmocional,52,> 70 e < 75,Média Superior
Feminino 10-13 anos,F1_RegulacaoEmocional,52.75,75,Média superior
Feminino 10-13 anos,F1_RegulacaoEmocional,53,> 75 e < 80,Média superior
Feminino 10-13 anos,F1_RegulacaoEmocional,54,> 75 e < 80,Média superior
Feminino 10-13 anos,F1_RegulacaoEmocional,55,> 75 e < 80,Média superior
Feminino 10-13 anos,F1_RegulacaoEmocional,55.8,80,Média superior
Feminino 10-13 anos,F1_RegulacaoEmocional,56,> 80 e < 85,Média superior
Feminino 10-13 anos,F1_RegulacaoEmocional,57,> 80 e < 85,Média superior
Feminino 10-13 anos,F1_RegulacaoEmocional,58,> 80 e < 85,Média superior
Feminino 10-13 anos,F1_RegulacaoEmocional,59,> 80 e < 85,Média superior
Feminino 10-13 anos,F1_RegulacaoEmocional,60,> 80 e < 85,Média superior
Feminino 10-13 anos,F1_RegulacaoEmocional,61,> 80 e < 85,Média superior
Feminino 10-13 anos,F1_RegulacaoEmocional,62,> 80 e < 85,Média superior
Feminino 10-13 anos,F1_RegulacaoEmocional,63,> 80 e < 85,Média superior
Feminino 10-13 anos,F1_RegulacaoEmocional,64,> 80 e < 85,Média superior
Feminino 10-13 anos,F1_RegulacaoEmocional,65,> 80 e < 85,Média superior
Feminino 10-13 anos,F1_RegulacaoEmocional,65.5,85,Superior
Feminino 10-13 anos,F1_RegulacaoEmocional,66,> 85 e < 90,Superior
Feminino 10-13 anos,F1_RegulacaoEmocional,67,> 85 e < 90,Superior
Feminino 10-13 anos,F1_RegulacaoEmocional,68,> 85 e < 90,Superior
Feminino 10-13 anos,F1_RegulacaoEmocional,69,> 85 e < 90,Superior
Feminino 10-13 anos,F1_RegulacaoEmocional,70,> 85 e < 90,Superior
Feminino 10-13 anos,F1_RegulacaoEmocional,71,> 85 e < 90,Superior
Feminino 10-13 anos,F1_RegulacaoEmocional,72,> 85 e < 90,Superior
Feminino 10-13 anos,F1_RegulacaoEmocional,73,> 85 e < 90,Superior
Feminino 10-13 anos,F1_RegulacaoEmocional,74,> 85 e < 90,Superior
Feminino 10-13 anos,F1_RegulacaoEmocional,75,> 85 e < 90,Superior
Feminino 10-13 anos,F1_RegulacaoEmocional,76,> 85 e < 90,Superior
Feminino 10-13 anos,F1_RegulacaoEmocional,76.5,90,Superior
Feminino 10-13 anos,F1_RegulacaoEmocional,77,> 90 e < 95,Superior
Feminino 10-13 anos,F1_RegulacaoEmocional,78,> 90 e < 95,Superior
Feminino 10-13 anos,F1_RegulacaoEmocional,79,> 90 e < 95,Superior
Feminino 10-13 anos,F1_RegulacaoEmocional,80,> 90 e < 95,Superior
Feminino 10-13 anos,F1_RegulacaoEmocional,81,> 90 e < 95,Superior
Feminino 10-13 anos,F1_RegulacaoEmocional,82,> 90 e < 95,Superior
Feminino 10-13 anos,F1_RegulacaoEmocional,83,> 90 e < 95,Superior
Feminino 10-13 anos,F1_RegulacaoEmocional,83.7,95,Superior
Feminino 10-13 anos,F1_RegulacaoEmocional,84,> 95 e < 99,Superior
Feminino 10-13 anos,F1_RegulacaoEmocional,85,> 95 e < 99,Superior
Feminino 10-13 anos,F1_RegulacaoEmocional,86,> 95 e < 99,Superior
Feminino 10-13 anos,F1_RegulacaoEmocional,87,> 95 e < 99,Superior
Feminino 10-13 anos,F1_RegulacaoEmocional,88,> 95 e < 99,Superior
Feminino 10-13 anos,F1_RegulacaoEmocional,89,> 95 e < 99,Superior
Feminino 10-13 anos,F1_RegulacaoEmocional,90,> 95 e < 99,Superior
Feminino 10-13 anos,F1_RegulacaoEmocional,91,> 95 e < 99,Superior
Feminino 10-13 anos,F1_RegulacaoEmocional,92,> 95 e < 99,Superior
Feminino 10-13 anos,F1_RegulacaoEmocional,93,> 95 e < 99,Superior
Feminino 10-13 anos,F1_RegulacaoEmocional,94,> 95 e < 99,Superior
Feminino 10-13 anos,F1_RegulacaoEmocional,95,> 95 e < 99,Superior
Feminino 10-13 anos,F1_RegulacaoEmocional,96,> 95 e < 99,Superior
Feminino 10-13 anos,F1_RegulacaoEmocional,97,> 95 e < 99,Superior
Feminino 10-13 anos,F1_RegulacaoEmocional,98,> 95 e < 99,Superior
Feminino 10-13 anos,F1_RegulacaoEmocional,99,> 95 e < 99,Superior
Feminino 10-13 anos,F1_RegulacaoEmocional,100,> 95 e < 99,Superior
Feminino 10-13 anos,F1_RegulacaoEmocional,101,> 95 e < 99,Superior
Feminino 10-13 anos,F1_RegulacaoEmocional,102,> 95 e < 99,Superior
Feminino 10-13 anos,F1_RegulacaoEmocional,103,> 95 e < 99,Superior
Feminino 10-13 anos,F1_RegulacaoEmocional,104,> 95 e < 99,Superior
Feminino 10-13 anos,F1_RegulacaoEmocional,105,> 95 e < 99,Superior
Feminino 10-13 anos,F1_RegulacaoEmocional,106,> 95 e < 99,Superior
Feminino 10-13 anos,F1_RegulacaoEmocional,107,> 95 e < 99,Superior
Feminino 10-13 anos,F1_RegulacaoEmocional,108,> 95 e < 99,Superior
Feminino 10-13 anos,F1_RegulacaoEmocional,109,> 95 e < 99,Superior
Feminino 10-13 anos,F1_RegulacaoEmocional,110,> 95 e < 99,Superior
Feminino 10-13 anos,F1_RegulacaoEmocional,111,> 95 e < 99,Superior
Feminino 10-13 anos,F1_RegulacaoEmocional,112,> 95 e < 99,Superior
Feminino 10-13 anos,F1_RegulacaoEmocional,113,> 95 e < 99,Superior
Feminino 10-13 anos,F1_RegulacaoEmocional,114,> 95 e < 99,Superior
Feminino 10-13 anos,F1_RegulacaoEmocional,115,> 95 e < 99,Superior
Feminino 10-13 anos,F1_RegulacaoEmocional,116,> 95 e < 99,Superior
Feminino 10-13 anos,F1_RegulacaoEmocional,117,> 95 e < 99,Superior
Feminino 10-13 anos,F1_RegulacaoEmocional,118,> 95 e < 99,Superior
Feminino 10-13 anos,F1_RegulacaoEmocional,119,> 95 e < 99,Superior
Feminino 10-13 anos,F1_RegulacaoEmocional,120,> 95 e < 99,Superior
Feminino 10-13 anos,F2_HiperatividadeImpulsividade,1,< 1,Inferior
Feminino 10-13 anos,F2_HiperatividadeImpulsividade,2,< 1,Inferior
Feminino 10-13 anos,F2_HiperatividadeImpulsividade,3,< 1,Inferior
Feminino 10-13 anos,F2_HiperatividadeImpulsividade,4,< 1,Inferior
Feminino 10-13 anos,F2_HiperatividadeImpulsividade,5,< 1,Inferior
Feminino 10-13 anos,F2_HiperatividadeImpulsividade,6,< 1,Inferior
Feminino 10-13 anos,F2_HiperatividadeImpulsividade,7,< 1,Inferior
Feminino 10-13 anos,F2_HiperatividadeImpulsividade,8,< 1,Inferior
Feminino 10-13 anos,F2_HiperatividadeImpulsividade,9,< 1,Inferior
Feminino 10-13 anos,F2_HiperatividadeImpulsividade,10,< 1,Inferior
Feminino 10-13 anos,F2_HiperatividadeImpulsividade,11,< 1,Inferior
Feminino 10-13 anos,F2_HiperatividadeImpulsividade,12,< 1,Inferior
Feminino 10-13 anos,F2_HiperatividadeImpulsividade,13,< 1,Inferior
Feminino 10-13 anos,F2_HiperatividadeImpulsividade,14,1,Inferior
Feminino 10-13 anos,F2_HiperatividadeImpulsividade,15,> 1 e < 5,Inferior
Feminino 10-13 anos,F2_HiperatividadeImpulsividade,16,> 1 e < 5,Inferior
Feminino 10-13 anos,F2_HiperatividadeImpulsividade,16.2,5,Inferior
Feminino 10-13 anos,F2_HiperatividadeImpulsividade,17,> 5 e < 10,Inferior
Feminino 10-13 anos,F2_HiperatividadeImpulsividade,18,> 5 e < 10,Inferior
Feminino 10-13 anos,F2_HiperatividadeImpulsividade,18.2,10,Inferior
Feminino 10-13 anos,F2_HiperatividadeImpulsividade,19,> 10 e < 15,Inferior
Feminino 10-13 anos,F2_HiperatividadeImpulsividade,20,15,Inferior
Feminino 10-13 anos,F2_HiperatividadeImpulsividade,20.2,20,Inferior
Feminino 10-13 anos,F2_HiperatividadeImpulsividade,21,> 20 e < 25,Inferior
Feminino 10-13 anos,F2_HiperatividadeImpulsividade,21.75,25,Média Inferior
Feminino 10-13 anos,F2_HiperatividadeImpulsividade,22,> 25 e < 30,Média Inferior
Feminino 10-13 anos,F2_HiperatividadeImpulsividade,22.6,30,Média Inferior
Feminino 10-13 anos,F2_HiperatividadeImpulsividade,23,> 30 e < 35,Média Inferior
Feminino 10-13 anos,F2_HiperatividadeImpulsividade,24,> 30 e < 35,Média Inferior
Feminino 10-13 anos,F2_HiperatividadeImpulsividade,24.85,35,Média Inferior
Feminino 10-13 anos,F2_HiperatividadeImpulsividade,25,40,Média Inferior
Feminino 10-13 anos,F2_HiperatividadeImpulsividade,26,50,Média
Feminino 10-13 anos,F2_HiperatividadeImpulsividade,27,> 50 e < 55,Média
Feminino 10-13 anos,F2_HiperatividadeImpulsividade,27.05,55,Média
Feminino 10-13 anos,F2_HiperatividadeImpulsividade,28,> 55 e < 60,Média
Feminino 10-13 anos,F2_HiperatividadeImpulsividade,28.6,60,Média
Feminino 10-13 anos,F2_HiperatividadeImpulsividade,29,> 60 e < 65,Média
Feminino 10-13 anos,F2_HiperatividadeImpulsividade,29.15,65,Média Superior
Feminino 10-13 anos,F2_HiperatividadeImpulsividade,30,70,Média Superior
Feminino 10-13 anos,F2_HiperatividadeImpulsividade,31,> 70 e < 75,Média Superior
Feminino 10-13 anos,F2_HiperatividadeImpulsividade,32,75,Média superior
Feminino 10-13 anos,F2_HiperatividadeImpulsividade,33,> 75 e < 80,Média superior
Feminino 10-13 anos,F2_HiperatividadeImpulsividade,34,> 75 e < 80,Média superior
Feminino 10-13 anos,F2_HiperatividadeImpulsividade,35,> 75 e < 80,Média superior
Feminino 10-13 anos,F2_HiperatividadeImpulsividade,36,> 75 e < 80,Média superior
Feminino 10-13 anos,F2_HiperatividadeImpulsividade,37,> 75 e < 80,Média superior
Feminino 10-13 anos,F2_HiperatividadeImpulsividade,38,> 75 e < 80,Média superior
Feminino 10-13 anos,F2_HiperatividadeImpulsividade,38.2,80,Média superior
Feminino 10-13 anos,F2_HiperatividadeImpulsividade,39,> 80 e < 85,Média superior
Feminino 10-13 anos,F2_HiperatividadeImpulsividade,40,> 80 e < 85,Média superior
Feminino 10-13 anos,F2_HiperatividadeImpulsividade,41,> 80 e < 85,Média superior
Feminino 10-13 anos,F2_HiperatividadeImpulsividade,42,> 80 e < 85,Média superior
Feminino 10-13 anos,F2_HiperatividadeImpulsividade,43,> 80 e < 85,Média superior
Feminino 10-13 anos,F2_HiperatividadeImpulsividade,44,> 80 e < 85,Média superior
Feminino 10-13 anos,F2_HiperatividadeImpulsividade,44.05,85,Superior
Feminino 10-13 anos,F2_HiperatividadeImpulsividade,45,> 85 e < 90,Superior
Feminino 10-13 anos,F2_HiperatividadeImpulsividade,46,> 85 e < 90,Superior
Feminino 10-13 anos,F2_HiperatividadeImpulsividade,46.9,90,Superior
Feminino 10-13 anos,F2_HiperatividadeImpulsividade,47,> 90 e < 95,Superior
Feminino 10-13 anos,F2_HiperatividadeImpulsividade,48,> 90 e < 95,Superior
Feminino 10-13 anos,F2_HiperatividadeImpulsividade,49,> 90 e < 95,Superior
Feminino 10-13 anos,F2_HiperatividadeImpulsividade,50,> 90 e < 95,Superior
Feminino 10-13 anos,F2_HiperatividadeImpulsividade,51,> 90 e < 95,Superior
Feminino 10-13 anos,F2_HiperatividadeImpulsividade,52,> 90 e < 95,Superior
Feminino 10-13 anos,F2_HiperatividadeImpulsividade,53,> 90 e < 95,Superior
Feminino 10-13 anos,F2_HiperatividadeImpulsividade,54,> 90 e < 95,Superior
Feminino 10-13 anos,F2_HiperatividadeImpulsividade,55,> 90 e < 95,Superior
Feminino 10-13 anos,F2_HiperatividadeImpulsividade,56,> 90 e < 95,Superior
Feminino 10-13 anos,F2_HiperatividadeImpulsividade,57,> 90 e < 95,Superior
Feminino 10-13 anos,F2_HiperatividadeImpulsividade,57.7,95,Superior
Feminino 10-13 anos,F2_HiperatividadeImpulsividade,58,> 95 e < 99,Superior
Feminino 10-13 anos,F2_HiperatividadeImpulsividade,59,> 95 e < 99,Superior
Feminino 10-13 anos,F2_HiperatividadeImpulsividade,60,> 95 e < 99,Superior
Feminino 10-13 anos,F2_HiperatividadeImpulsividade,61,> 95 e < 99,Superior
Feminino 10-13 anos,F2_HiperatividadeImpulsividade,62,> 95 e < 99,Superior
Feminino 10-13 anos,F2_HiperatividadeImpulsividade,63,> 95 e < 99,Superior
Feminino 10-13 anos,F2_HiperatividadeImpulsividade,64,> 95 e < 99,Superior
Feminino 10-13 anos,F2_HiperatividadeImpulsividade,65,> 95 e < 99,Superior
Feminino 10-13 anos,F2_HiperatividadeImpulsividade,66,> 95 e < 99,Superior
Feminino 10-13 anos,F2_HiperatividadeImpulsividade,67,> 95 e < 99,Superior
Feminino 10-13 anos,F2_HiperatividadeImpulsividade,68,> 95 e < 99,Superior
Feminino 10-13 anos,F2_HiperatividadeImpulsividade,69,> 95 e < 99,Superior
Feminino 10-13 anos,F2_HiperatividadeImpulsividade,70,> 95 e < 99,Superior
Feminino 10-13 anos,F2_HiperatividadeImpulsividade,71,> 95 e < 99,Superior
Feminino 10-13 anos,F2_HiperatividadeImpulsividade,72,> 95 e < 99,Superior
Feminino 10-13 anos,F2_HiperatividadeImpulsividade,73,> 95 e < 99,Superior
Feminino 10-13 anos,F2_HiperatividadeImpulsividade,74,> 95 e < 99,Superior
Feminino 10-13 anos,F2_HiperatividadeImpulsividade,75,> 95 e < 99,Superior
Feminino 10-13 anos,F2_HiperatividadeImpulsividade,76,> 95 e < 99,Superior
Feminino 10-13 anos,F2_HiperatividadeImpulsividade,77,> 95 e < 99,Superior
Feminino 10-13 anos,F2_HiperatividadeImpulsividade,78,> 95 e < 99,Superior
Feminino 10-13 anos,F2_HiperatividadeImpulsividade,79,> 95 e < 99,Superior
Feminino 10-13 anos,F2_HiperatividadeImpulsividade,80,> 95 e < 99,Superior
Feminino 10-13 anos,F3_ComportamentoAdaptativo,1,< 1,Inferior
Feminino 10-13 anos,F3_ComportamentoAdaptativo,2,< 1,Inferior
Feminino 10-13 anos,F3_ComportamentoAdaptativo,3,< 1,Inferior
Feminino 10-13 anos,F3_ComportamentoAdaptativo,4,< 1,Inferior
Feminino 10-13 anos,F3_ComportamentoAdaptativo,5,< 1,Inferior
Feminino 10-13 anos,F3_ComportamentoAdaptativo,6,< 1,Inferior
Feminino 10-13 anos,F3_ComportamentoAdaptativo,7,< 1,Inferior
Feminino 10-13 anos,F3_ComportamentoAdaptativo,8,< 1,Inferior
Feminino 10-13 anos,F3_ComportamentoAdaptativo,9,< 1,Inferior
Feminino 10-13 anos,F3_ComportamentoAdaptativo,10,< 1,Inferior
Feminino 10-13 anos,F3_ComportamentoAdaptativo,11,< 1,Inferior
Feminino 10-13 anos,F3_ComportamentoAdaptativo,12,< 1,Inferior
Feminino 10-13 anos,F3_ComportamentoAdaptativo,13,< 1,Inferior
Feminino 10-13 anos,F3_ComportamentoAdaptativo,14,< 1,Inferior
Feminino 10-13 anos,F3_ComportamentoAdaptativo,15,1,Inferior
Feminino 10-13 anos,F3_ComportamentoAdaptativo,16,> 1 e < 5,Inferior
Feminino 10-13 anos,F3_ComportamentoAdaptativo,16.65,5,Inferior
Feminino 10-13 anos,F3_ComportamentoAdaptativo,17,> 5 e < 10,Inferior
Feminino 10-13 anos,F3_ComportamentoAdaptativo,18,> 5 e < 10,Inferior
Feminino 10-13 anos,F3_ComportamentoAdaptativo,19,> 5 e < 10,Inferior
Feminino 10-13 anos,F3_ComportamentoAdaptativo,20,> 5 e < 10,Inferior
Feminino 10-13 anos,F3_ComportamentoAdaptativo,21,> 5 e < 10,Inferior
Feminino 10-13 anos,F3_ComportamentoAdaptativo,22,> 5 e < 10,Inferior
Feminino 10-13 anos,F3_ComportamentoAdaptativo,23,> 5 e < 10,Inferior
Feminino 10-13 anos,F3_ComportamentoAdaptativo,24,> 5 e < 10,Inferior
Feminino 10-13 anos,F3_ComportamentoAdaptativo,25,> 5 e < 10,Inferior
Feminino 10-13 anos,F3_ComportamentoAdaptativo,26,> 5 e < 10,Inferior
Feminino 10-13 anos,F3_ComportamentoAdaptativo,26.1,10,Inferior
Feminino 10-13 anos,F3_ComportamentoAdaptativo,27,> 10 e < 15,Inferior
Feminino 10-13 anos,F3_ComportamentoAdaptativo,28,> 10 e < 15,Inferior
Feminino 10-13 anos,F3_ComportamentoAdaptativo,29,> 10 e < 15,Inferior
Feminino 10-13 anos,F3_ComportamentoAdaptativo,30,> 10 e < 15,Inferior
Feminino 10-13 anos,F3_ComportamentoAdaptativo,30.25,15,Inferior
Feminino 10-13 anos,F3_ComportamentoAdaptativo,31,> 15 e < 20,Inferior
Feminino 10-13 anos,F3_ComportamentoAdaptativo,32,> 15 e < 20,Inferior
Feminino 10-13 anos,F3_ComportamentoAdaptativo,33,> 15 e < 20,Inferior
Feminino 10-13 anos,F3_ComportamentoAdaptativo,33.2,20,Inferior
Feminino 10-13 anos,F3_ComportamentoAdaptativo,34,> 20 e < 25,Inferior
Feminino 10-13 anos,F3_ComportamentoAdaptativo,35,> 20 e < 25,Inferior
Feminino 10-13 anos,F3_ComportamentoAdaptativo,35.5,25,Média Inferior
Feminino 10-13 anos,F3_ComportamentoAdaptativo,36,> 25 e < 30,Média Inferior
Feminino 10-13 anos,F3_ComportamentoAdaptativo,37,> 25 e < 30,Média Inferior
Feminino 10-13 anos,F3_ComportamentoAdaptativo,38,> 25 e < 30,Média Inferior
Feminino 10-13 anos,F3_ComportamentoAdaptativo,38.9,30,Média Inferior
Feminino 10-13 anos,F3_ComportamentoAdaptativo,39,> 30 e < 35,Média Inferior
Feminino 10-13 anos,F3_ComportamentoAdaptativo,40,> 30 e < 35,Média Inferior
Feminino 10-13 anos,F3_ComportamentoAdaptativo,41,> 30 e < 35,Média Inferior
Feminino 10-13 anos,F3_ComportamentoAdaptativo,42,> 30 e < 35,Média Inferior
Feminino 10-13 anos,F3_ComportamentoAdaptativo,42.7,35,Média Inferior
Feminino 10-13 anos,F3_ComportamentoAdaptativo,43,> 35 e < 40,Média Inferior
Feminino 10-13 anos,F3_ComportamentoAdaptativo,43.4,40,Média Inferior
Feminino 10-13 anos,F3_ComportamentoAdaptativo,44,45,Média
Feminino 10-13 anos,F3_ComportamentoAdaptativo,45,> 45 e < 50,Média
Feminino 10-13 anos,F3_ComportamentoAdaptativo,46,> 45 e < 50,Média
Feminino 10-13 anos,F3_ComportamentoAdaptativo,46.5,50,Média
Feminino 10-13 anos,F3_ComportamentoAdaptativo,47,> 50 e < 55,Média
Feminino 10-13 anos,F3_ComportamentoAdaptativo,48,> 50 e < 55,Média
Feminino 10-13 anos,F3_ComportamentoAdaptativo,49,55,Média
Feminino 10-13 anos,F3_ComportamentoAdaptativo,49.6,60,Média
Feminino 10-13 anos,F3_ComportamentoAdaptativo,50,> 60 e < 65,Média
Feminino 10-13 anos,F3_ComportamentoAdaptativo,51,> 60 e < 65,Média
Feminino 10-13 anos,F3_ComportamentoAdaptativo,52,> 60 e < 65,Média
Feminino 10-13 anos,F3_ComportamentoAdaptativo,53,65,Média Superior
Feminino 10-13 anos,F3_ComportamentoAdaptativo,53.7,70,Média Superior
Feminino 10-13 anos,F3_ComportamentoAdaptativo,54,> 70 e < 75,Média Superior
Feminino 10-13 anos,F3_ComportamentoAdaptativo,55,> 70 e < 75,Média Superior
Feminino 10-13 anos,F3_ComportamentoAdaptativo,55.5,75,Média superior
Feminino 10-13 anos,F3_ComportamentoAdaptativo,56,> 75 e < 80,Média superior
Feminino 10-13 anos,F3_ComportamentoAdaptativo,57,80,Média superior
Feminino 10-13 anos,F3_ComportamentoAdaptativo,58,> 80 e < 85,Média superior
Feminino 10-13 anos,F3_ComportamentoAdaptativo,58.7,85,Superior
Feminino 10-13 anos,F3_ComportamentoAdaptativo,59,> 85 e < 90,Superior
Feminino 10-13 anos,F3_ComportamentoAdaptativo,60,90,Superior
Feminino 10-13 anos,F3_ComportamentoAdaptativo,61,> 90 e < 95,Superior
Feminino 10-13 anos,F3_ComportamentoAdaptativo,62,> 90 e < 95,Superior
Feminino 10-13 anos,F3_ComportamentoAdaptativo,63,> 90 e < 95,Superior
Feminino 10-13 anos,F3_ComportamentoAdaptativo,64,> 90 e < 95,Superior
Feminino 10-13 anos,F3_ComportamentoAdaptativo,65,> 90 e < 95,Superior
Feminino 10-13 anos,F3_ComportamentoAdaptativo,66,> 90 e < 95,Superior
Feminino 10-13 anos,F3_ComportamentoAdaptativo,67,> 90 e < 95,Superior
Feminino 10-13 anos,F3_ComportamentoAdaptativo,68,> 90 e < 95,Superior
Feminino 10-13 anos,F3_ComportamentoAdaptativo,69,> 90 e < 95,Superior
Feminino 10-13 anos,F3_ComportamentoAdaptativo,70,> 90 e < 95,Superior
Feminino 10-13 anos,F3_ComportamentoAdaptativo,70.35,95,Superior
Feminino 10-13 anos,F3_ComportamentoAdaptativo,71,> 95 e < 99,Superior
Feminino 10-13 anos,F3_ComportamentoAdaptativo,72,> 95 e < 99,Superior
Feminino 10-13 anos,F3_ComportamentoAdaptativo,73,> 95 e < 99,Superior
Feminino 10-13 anos,F3_ComportamentoAdaptativo,74,> 95 e < 99,Superior
Feminino 10-13 anos,F3_ComportamentoAdaptativo,75,> 95 e < 99,Superior
Feminino 10-13 anos,F3_ComportamentoAdaptativo,76,> 95 e < 99,Superior
Feminino 10-13 anos,F3_ComportamentoAdaptativo,77,> 95 e < 99,Superior
Feminino 10-13 anos,F3_ComportamentoAdaptativo,78,> 95 e < 99,Superior
Feminino 10-13 anos,F3_ComportamentoAdaptativo,79,> 95 e < 99,Superior
Feminino 10-13 anos,F3_ComportamentoAdaptativo,80,> 95 e < 99,Superior
Feminino 10-13 anos,F3_ComportamentoAdaptativo,81,> 95 e < 99,Superior
Feminino 10-13 anos,F3_ComportamentoAdaptativo,82,> 95 e < 99,Superior
Feminino 10-13 anos,F3_ComportamentoAdaptativo,83,> 95 e < 99,Superior
Feminino 10-13 anos,F3_ComportamentoAdaptativo,84,> 95 e < 99,Superior
Feminino 10-13 anos,F3_ComportamentoAdaptativo,85,> 95 e < 99,Superior
Feminino 10-13 anos,F3_ComportamentoAdaptativo,86,> 95 e < 99,Superior
Feminino 10-13 anos,F3_ComportamentoAdaptativo,87,> 95 e < 99,Superior
Feminino 10-13 anos,F3_ComportamentoAdaptativo,88,> 95 e < 99,Superior
Feminino 10-13 anos,F3_ComportamentoAdaptativo,89,> 95 e < 99,Superior
Feminino 10-13 anos,F3_ComportamentoAdaptativo,90,> 95 e < 99,Superior
Feminino 10-13 anos,F4_Atencao,1,< 1,Inferior
Feminino 10-13 anos,F4_Atencao,2,< 1,Inferior
Feminino 10-13 anos,F4_Atencao,3,< 1,Inferior
Feminino 10-13 anos,F4_Atencao,4,< 1,Inferior
Feminino 10-13 anos,F4_Atencao,5,< 1,Inferior
Feminino 10-13 anos,F4_Atencao,6,< 1,Inferior
Feminino 10-13 anos,F4_Atencao,7,< 1,Inferior
Feminino 10-13 anos,F4_Atencao,8,< 1,Inferior
Feminino 10-13 anos,F4_Atencao,9,< 1,Inferior
Feminino 10-13 anos,F4_Atencao,10,< 1,Inferior
Feminino 10-13 anos,F4_Atencao,11,< 1,Inferior
Feminino 10-13 anos,F4_Atencao,12,1,Inferior
Feminino 10-13 anos,F4_Atencao,13,> 5 e < 10,Inferior
Feminino 10-13 anos,F4_Atencao,13.2,10,Inferior
Feminino 10-13 anos,F4_Atencao,14,> 10 e < 15,Inferior
Feminino 10-13 anos,F4_Atencao,15,> 10 e < 15,Inferior
Feminino 10-13 anos,F4_Atencao,16,> 10 e < 15,Inferior
Feminino 10-13 anos,F4_Atencao,16.95,15,Inferior
Feminino 10-13 anos,F4_Atencao,17,> 15 e < 20,Inferior
Feminino 10-13 anos,F4_Atencao,18,> 15 e < 20,Inferior
Feminino 10-13 anos,F4_Atencao,19,> 15 e < 20,Inferior
Feminino 10-13 anos,F4_Atencao,19.4,20,Inferior
Feminino 10-13 anos,F4_Atencao,20,> 20 e < 25,Inferior
Feminino 10-13 anos,F4_Atencao,21,25,Média Inferior
Feminino 10-13 anos,F4_Atencao,21.85,35,Média Inferior
Feminino 10-13 anos,F4_Atencao,22,> 35 e < 40,Média Inferior
Feminino 10-13 anos,F4_Atencao,23,> 35 e < 40,Média Inferior
Feminino 10-13 anos,F4_Atencao,23.4,40,Média Inferior
Feminino 10-13 anos,F4_Atencao,24,> 40 e < 45,Média Inferior
Feminino 10-13 anos,F4_Atencao,24.95,45,Média
Feminino 10-13 anos,F4_Atencao,25,50,Média
Feminino 10-13 anos,F4_Atencao,26,> 50 e < 55,Média
Feminino 10-13 anos,F4_Atencao,26.2,55,Média
Feminino 10-13 anos,F4_Atencao,27,> 55 e < 60,Média
Feminino 10-13 anos,F4_Atencao,28,> 55 e < 60,Média
Feminino 10-13 anos,F4_Atencao,29,> 55 e < 60,Média
Feminino 10-13 anos,F4_Atencao,30,> 55 e < 60,Média
Feminino 10-13 anos,F4_Atencao,31,> 55 e < 60,Média
Feminino 10-13 anos,F4_Atencao,32,> 55 e < 60,Média
Feminino 10-13 anos,F4_Atencao,32.4,60,Média
Feminino 10-13 anos,F4_Atencao,33,> 60 e < 65,Média
Feminino 10-13 anos,F4_Atencao,34,> 60 e < 65,Média
Feminino 10-13 anos,F4_Atencao,34.15,65,Média Superior
Feminino 10-13 anos,F4_Atencao,35,70,Média Superior
Feminino 10-13 anos,F4_Atencao,36,> 70 e < 75,Média Superior
Feminino 10-13 anos,F4_Atencao,37,75,Média superior
Feminino 10-13 anos,F4_Atencao,37,> 75 e < 80,Média superior
Feminino 10-13 anos,F4_Atencao,38,> 75 e < 80,Média superior
Feminino 10-13 anos,F4_Atencao,38.6,80,Média superior
Feminino 10-13 anos,F4_Atencao,39,> 80 e < 85,Média superior
Feminino 10-13 anos,F4_Atencao,40,> 80 e < 85,Média superior
Feminino 10-13 anos,F4_Atencao,41,> 80 e < 85,Média superior
Feminino 10-13 anos,F4_Atencao,42,> 80 e < 85,Média superior
Feminino 10-13 anos,F4_Atencao,43,> 80 e < 85,Média superior
Feminino 10-13 anos,F4_Atencao,44,> 80 e < 85,Média superior
Feminino 10-13 anos,F4_Atencao,45,> 80 e < 85,Média superior
Feminino 10-13 anos,F4_Atencao,46,> 80 e < 85,Média superior
Feminino 10-13 anos,F4_Atencao,46.4,85,Superior
Feminino 10-13 anos,F4_Atencao,47,> 85 e < 90,Superior
Feminino 10-13 anos,F4_Atencao,48,> 85 e < 90,Superior
Feminino 10-13 anos,F4_Atencao,49,> 85 e < 90,Superior
Feminino 10-13 anos,F4_Atencao,50,> 85 e < 90,Superior
Feminino 10-13 anos,F4_Atencao,51,> 85 e < 90,Superior
Feminino 10-13 anos,F4_Atencao,52,> 85 e < 90,Superior
Feminino 10-13 anos,F4_Atencao,52.6,90,Superior
Feminino 10-13 anos,F4_Atencao,53,> 90 e < 95,Superior
Feminino 10-13 anos,F4_Atencao,54,> 90 e < 95,Superior
Feminino 10-13 anos,F4_Atencao,55,> 90 e < 95,Superior
Feminino 10-13 anos,F4_Atencao,56,> 90 e < 95,Superior
Feminino 10-13 anos,F4_Atencao,57,> 90 e < 95,Superior
Feminino 10-13 anos,F4_Atencao,58,> 90 e < 95,Superior
Feminino 10-13 anos,F4_Atencao,59,> 90 e < 95,Superior
Feminino 10-13 anos,F4_Atencao,59.6,95,Superior
Feminino 10-13 anos,F4_Atencao,60,> 95 e < 99,Superior
Feminino 10-13 anos,F4_Atencao,61,> 95 e < 99,Superior
Feminino 10-13 anos,F4_Atencao,62,> 95 e < 99,Superior
Feminino 10-13 anos,F4_Atencao,63,> 95 e < 99,Superior
Feminino 10-13 anos,F4_Atencao,64,> 95 e < 99,Superior
Feminino 10-13 anos,F4_Atencao,65,> 95 e < 99,Superior
Feminino 10-13 anos,F4_Atencao,66,> 95 e < 99,Superior
Feminino 10-13 anos,F4_Atencao,67,> 95 e < 99,Superior
Feminino 10-13 anos,F4_Atencao,68,> 95 e < 99,Superior
Feminino 10-13 anos,F4_Atencao,69,> 95 e < 99,Superior
Feminino 10-13 anos,F4_Atencao,70,> 95 e < 99,Superior
Feminino 10-13 anos,F4_Atencao,71,> 95 e < 99,Superior
Feminino 10-13 anos,F4_Atencao,72,> 95 e < 99,Superior
Feminino 10-13 anos,F4_Atencao,73,> 95 e < 99,Superior
Feminino 10-13 anos,F4_Atencao,74,> 95 e < 99,Superior
Feminino 10-13 anos,F4_Atencao,75,> 95 e < 99,Superior
Feminino 14-17 anos,EscoreGeral,20,< 1,Inferior
Feminino 14-17 anos,EscoreGeral,21,< 1,Inferior
Feminino 14-17 anos,EscoreGeral,22,< 1,Inferior
Feminino 14-17 anos,EscoreGeral,23,< 1,Inferior
Feminino 14-17 anos,EscoreGeral,24,< 1,Inferior
Feminino 14-17 anos,EscoreGeral,25,< 1,Inferior
Feminino 14-17 anos,EscoreGeral,26,< 1,Inferior
Feminino 14-17 anos,EscoreGeral,27,< 1,Inferior
Feminino 14-17 anos,EscoreGeral,28,< 1,Inferior
Feminino 14-17 anos,EscoreGeral,29,< 1,Inferior
Feminino 14-17 anos,EscoreGeral,30,< 1,Inferior
Feminino 14-17 anos,EscoreGeral,31,< 1,Inferior
Feminino 14-17 anos,EscoreGeral,32,< 1,Inferior
Feminino 14-17 anos,EscoreGeral,33,< 1,Inferior
Feminino 14-17 anos,EscoreGeral,34,< 1,Inferior
Feminino 14-17 anos,EscoreGeral,35,< 1,Inferior
Feminino 14-17 anos,EscoreGeral,36,< 1,Inferior
Feminino 14-17 anos,EscoreGeral,37,< 1,Inferior
Feminino 14-17 anos,EscoreGeral,38,< 1,Inferior
Feminino 14-17 anos,EscoreGeral,39,< 1,Inferior
Feminino 14-17 anos,EscoreGeral,40,< 1,Inferior
Feminino 14-17 anos,EscoreGeral,41,< 1,Inferior
Feminino 14-17 anos,EscoreGeral,42,< 1,Inferior
Feminino 14-17 anos,EscoreGeral,43,< 1,Inferior
Feminino 14-17 anos,EscoreGeral,44,< 1,Inferior
Feminino 14-17 anos,EscoreGeral,45,< 1,Inferior
Feminino 14-17 anos,EscoreGeral,46,< 1,Inferior
Feminino 14-17 anos,EscoreGeral,47,< 1,Inferior
Feminino 14-17 anos,EscoreGeral,48,< 1,Inferior
Feminino 14-17 anos,EscoreGeral,49,< 1,Inferior
Feminino 14-17 anos,EscoreGeral,50,< 1,Inferior
Feminino 14-17 anos,EscoreGeral,51,< 1,Inferior
Feminino 14-17 anos,EscoreGeral,52,< 1,Inferior
Feminino 14-17 anos,EscoreGeral,53,< 1,Inferior
Feminino 14-17 anos,EscoreGeral,54,< 1,Inferior
Feminino 14-17 anos,EscoreGeral,55,< 1,Inferior
Feminino 14-17 anos,EscoreGeral,56,< 1,Inferior
Feminino 14-17 anos,EscoreGeral,57,< 1,Inferior
Feminino 14-17 anos,EscoreGeral,58,< 1,Inferior
Feminino 14-17 anos,EscoreGeral,59,< 1,Inferior
Feminino 14-17 anos,EscoreGeral,60,< 1,Inferior
Feminino 14-17 anos,EscoreGeral,61,< 1,Inferior
Feminino 14-17 anos,EscoreGeral,62,< 1,Inferior
Feminino 14-17 anos,EscoreGeral,63,< 1,Inferior
Feminino 14-17 anos,EscoreGeral,64,< 1,Inferior
Feminino 14-17 anos,EscoreGeral,65,< 1,Inferior
Feminino 14-17 anos,EscoreGeral,66,< 1,Inferior
Feminino 14-17 anos,EscoreGeral,67,< 1,Inferior
Feminino 14-17 anos,EscoreGeral,68,< 1,Inferior
Feminino 14-17 anos,EscoreGeral,69,< 1,Inferior
Feminino 14-17 anos,EscoreGeral,70,< 1,Inferior
Feminino 14-17 anos,EscoreGeral,71,< 1,Inferior
Feminino 14-17 anos,EscoreGeral,72,1,Inferior
Feminino 14-17 anos,EscoreGeral,73,> 5 e < 10,Inferior
Feminino 14-17 anos,EscoreGeral,74,> 5 e < 10,Inferior
Feminino 14-17 anos,EscoreGeral,75,> 5 e < 10,Inferior
Feminino 14-17 anos,EscoreGeral,76,> 5 e < 10,Inferior
Feminino 14-17 anos,EscoreGeral,77,> 5 e < 10,Inferior
Feminino 14-17 anos,EscoreGeral,78,> 5 e < 10,Inferior
Feminino 14-17 anos,EscoreGeral,78.3,10,Inferior
Feminino 14-17 anos,EscoreGeral,79,> 10 e < 15,Inferior
Feminino 14-17 anos,EscoreGeral,80,> 10 e < 15,Inferior
Feminino 14-17 anos,EscoreGeral,81,> 10 e < 15,Inferior
Feminino 14-17 anos,EscoreGeral,82,> 10 e < 15,Inferior
Feminino 14-17 anos,EscoreGeral,83,> 10 e < 15,Inferior
Feminino 14-17 anos,EscoreGeral,84,> 10 e < 15,Inferior
Feminino 14-17 anos,EscoreGeral,85,> 10 e < 15,Inferior
Feminino 14-17 anos,EscoreGeral,86,> 10 e < 15,Inferior
Feminino 14-17 anos,EscoreGeral,87,> 10 e < 15,Inferior
Feminino 14-17 anos,EscoreGeral,87.05,15,Inferior
Feminino 14-17 anos,EscoreGeral,88,> 15 e < 20,Inferior
Feminino 14-17 anos,EscoreGeral,89,> 15 e < 20,Inferior
Feminino 14-17 anos,EscoreGeral,90,> 15 e < 20,Inferior
Feminino 14-17 anos,EscoreGeral,91,> 15 e < 20,Inferior
Feminino 14-17 anos,EscoreGeral,92,> 15 e < 20,Inferior
Feminino 14-17 anos,EscoreGeral,93,> 15 e < 20,Inferior
Feminino 14-17 anos,EscoreGeral,94,> 15 e < 20,Inferior
Feminino 14-17 anos,EscoreGeral,95,> 15 e < 20,Inferior
Feminino 14-17 anos,EscoreGeral,95.2,20,Inferior
Feminino 14-17 anos,EscoreGeral,96,> 20 e < 25,Inferior
Feminino 14-17 anos,EscoreGeral,97,> 20 e < 25,Inferior
Feminino 14-17 anos,EscoreGeral,98,> 20 e < 25,Inferior
Feminino 14-17 anos,EscoreGeral,99,> 20 e < 25,Inferior
Feminino 14-17 anos,EscoreGeral,100,> 20 e < 25,Inferior
Feminino 14-17 anos,EscoreGeral,101,> 20 e < 25,Inferior
Feminino 14-17 anos,EscoreGeral,102,> 20 e < 25,Inferior
Feminino 14-17 anos,EscoreGeral,102.25,25,Média Inferior
Feminino 14-17 anos,EscoreGeral,103,> 25 e < 30,Média Inferior
Feminino 14-17 anos,EscoreGeral,104,> 25 e < 30,Média Inferior
Feminino 14-17 anos,EscoreGeral,105,> 25 e < 30,Média Inferior
Feminino 14-17 anos,EscoreGeral,106,> 25 e < 30,Média Inferior
Feminino 14-17 anos,EscoreGeral,107,> 25 e < 30,Média Inferior
Feminino 14-17 anos,EscoreGeral,108,> 25 e < 30,Média Inferior
Feminino 14-17 anos,EscoreGeral,109,> 25 e < 30,Média Inferior
Feminino 14-17 anos,EscoreGeral,109.2,30,Média Inferior
Feminino 14-17 anos,EscoreGeral,110,> 30 e < 35,Média Inferior
Feminino 14-17 anos,EscoreGeral,110.9,35,Média Inferior
Feminino 14-17 anos,EscoreGeral,111,> 35 e < 40,Média Inferior
Feminino 14-17 anos,EscoreGeral,111.8,40,Média Inferior
Feminino 14-17 anos,EscoreGeral,112,> 40 e < 45,Média Inferior
Feminino 14-17 anos,EscoreGeral,113,> 40 e < 45,Média Inferior
Feminino 14-17 anos,EscoreGeral,114,> 40 e < 45,Média Inferior
Feminino 14-17 anos,EscoreGeral,115,> 40 e < 45,Média Inferior
Feminino 14-17 anos,EscoreGeral,115.25,45,Média
Feminino 14-17 anos,EscoreGeral,116,> 45 e < 50,Média
Feminino 14-17 anos,EscoreGeral,117,50,Média
Feminino 14-17 anos,EscoreGeral,118,> 50 e < 55,Média
Feminino 14-17 anos,EscoreGeral,118.05,55,Média
Feminino 14-17 anos,EscoreGeral,119,> 55 e < 60,Média
Feminino 14-17 anos,EscoreGeral,120,> 55 e < 60,Média
Feminino 14-17 anos,EscoreGeral,122,60,Média
Feminino 14-17 anos,EscoreGeral,121,> 60 e < 65,Média
Feminino 14-17 anos,EscoreGeral,122,> 60 e < 65,Média
Feminino 14-17 anos,EscoreGeral,123,> 60 e < 65,Média
Feminino 14-17 anos,EscoreGeral,124,> 60 e < 65,Média
Feminino 14-17 anos,EscoreGeral,125,> 60 e < 65,Média
Feminino 14-17 anos,EscoreGeral,126,> 60 e < 65,Média
Feminino 14-17 anos,EscoreGeral,127,> 60 e < 65,Média
Feminino 14-17 anos,EscoreGeral,128,> 60 e < 65,Média
Feminino 14-17 anos,EscoreGeral,129,> 60 e < 65,Média
Feminino 14-17 anos,EscoreGeral,130,> 60 e < 65,Média
Feminino 14-17 anos,EscoreGeral,130.8,65,Média Superior
Feminino 14-17 anos,EscoreGeral,131,> 65 e < 70,Média Superior
Feminino 14-17 anos,EscoreGeral,132,> 65 e < 70,Média Superior
Feminino 14-17 anos,EscoreGeral,133,> 65 e < 70,Média Superior
Feminino 14-17 anos,EscoreGeral,134,> 65 e < 70,Média Superior
Feminino 14-17 anos,EscoreGeral,135,> 65 e < 70,Média Superior
Feminino 14-17 anos,EscoreGeral,136,> 65 e < 70,Média Superior
Feminino 14-17 anos,EscoreGeral,137,> 65 e < 70,Média Superior
Feminino 14-17 anos,EscoreGeral,138,> 65 e < 70,Média Superior
Feminino 14-17 anos,EscoreGeral,139,> 65 e < 70,Média Superior
Feminino 14-17 anos,EscoreGeral,140,> 65 e < 70,Média Superior
Feminino 14-17 anos,EscoreGeral,141,> 65 e < 70,Média Superior
Feminino 14-17 anos,EscoreGeral,142,> 65 e < 70,Média Superior
Feminino 14-17 anos,EscoreGeral,143,> 65 e < 70,Média Superior
Feminino 14-17 anos,EscoreGeral,144,> 65 e < 70,Média Superior
Feminino 14-17 anos,EscoreGeral,144.4,70,Média Superior
Feminino 14-17 anos,EscoreGeral,145,> 70 e < 75,Média Superior
Feminino 14-17 anos,EscoreGeral,146,> 70 e < 75,Média Superior
Feminino 14-17 anos,EscoreGeral,147,> 70 e < 75,Média Superior
Feminino 14-17 anos,EscoreGeral,147.5,75,Média superior
Feminino 14-17 anos,EscoreGeral,148,> 75 e < 80,Média superior
Feminino 14-17 anos,EscoreGeral,149,> 75 e < 80,Média superior
Feminino 14-17 anos,EscoreGeral,149.2,80,Média superior
Feminino 14-17 anos,EscoreGeral,150,> 80 e < 85,Média superior
Feminino 14-17 anos,EscoreGeral,151,> 80 e < 85,Média superior
Feminino 14-17 anos,EscoreGeral,152,> 80 e < 85,Média superior
Feminino 14-17 anos,EscoreGeral,153,> 80 e < 85,Média superior
Feminino 14-17 anos,EscoreGeral,154,> 80 e < 85,Média superior
Feminino 14-17 anos,EscoreGeral,155,> 80 e < 85,Média superior
Feminino 14-17 anos,EscoreGeral,156,> 80 e < 85,Média superior
Feminino 14-17 anos,EscoreGeral,157,> 80 e < 85,Média superior
Feminino 14-17 anos,EscoreGeral,157.2,85,Superior
Feminino 14-17 anos,EscoreGeral,158,> 85 e < 90,Superior
Feminino 14-17 anos,EscoreGeral,159,> 85 e < 90,Superior
Feminino 14-17 anos,EscoreGeral,160,> 85 e < 90,Superior
Feminino 14-17 anos,EscoreGeral,161,> 85 e < 90,Superior
Feminino 14-17 anos,EscoreGeral,162,> 85 e < 90,Superior
Feminino 14-17 anos,EscoreGeral,163,> 85 e < 90,Superior
Feminino 14-17 anos,EscoreGeral,164,> 85 e < 90,Superior
Feminino 14-17 anos,EscoreGeral,165,> 85 e < 90,Superior
Feminino 14-17 anos,EscoreGeral,166,> 85 e < 90,Superior
Feminino 14-17 anos,EscoreGeral,167,> 85 e < 90,Superior
Feminino 14-17 anos,EscoreGeral,168,> 85 e < 90,Superior
Feminino 14-17 anos,EscoreGeral,169,> 85 e < 90,Superior
Feminino 14-17 anos,EscoreGeral,169.6,90,Superior
Feminino 14-17 anos,EscoreGeral,170,> 90 e < 95,Superior
Feminino 14-17 anos,EscoreGeral,171,> 90 e < 95,Superior
Feminino 14-17 anos,EscoreGeral,172,> 90 e < 95,Superior
Feminino 14-17 anos,EscoreGeral,173,> 90 e < 95,Superior
Feminino 14-17 anos,EscoreGeral,174,> 90 e < 95,Superior
Feminino 14-17 anos,EscoreGeral,175,> 90 e < 95,Superior
Feminino 14-17 anos,EscoreGeral,176,> 90 e < 95,Superior
Feminino 14-17 anos,EscoreGeral,177,> 90 e < 95,Superior
Feminino 14-17 anos,EscoreGeral,178,> 90 e < 95,Superior
Feminino 14-17 anos,EscoreGeral,179,> 90 e < 95,Superior
Feminino 14-17 anos,EscoreGeral,180,> 90 e < 95,Superior
Feminino 14-17 anos,EscoreGeral,181,> 90 e < 95,Superior
Feminino 14-17 anos,EscoreGeral,182,> 90 e < 95,Superior
Feminino 14-17 anos,EscoreGeral,183,> 90 e < 95,Superior
Feminino 14-17 anos,EscoreGeral,184,> 90 e < 95,Superior
Feminino 14-17 anos,EscoreGeral,185,> 90 e < 95,Superior
Feminino 14-17 anos,EscoreGeral,186,> 90 e < 95,Superior
Feminino 14-17 anos,EscoreGeral,187,> 90 e < 95,Superior
Feminino 14-17 anos,EscoreGeral,188,> 90 e < 95,Superior
Feminino 14-17 anos,EscoreGeral,189,> 90 e < 95,Superior
Feminino 14-17 anos,EscoreGeral,190,> 90 e < 95,Superior
Feminino 14-17 anos,EscoreGeral,191,> 90 e < 95,Superior
Feminino 14-17 anos,EscoreGeral,192,> 90 e < 95,Superior
Feminino 14-17 anos,EscoreGeral,193,> 90 e < 95,Superior
Feminino 14-17 anos,EscoreGeral,194,> 90 e < 95,Superior
Feminino 14-17 anos,EscoreGeral,195,> 90 e < 95,Superior
Feminino 14-17 anos,EscoreGeral,196,> 90 e < 95,Superior
Feminino 14-17 anos,EscoreGeral,197,> 90 e < 95,Superior
Feminino 14-17 anos,EscoreGeral,198,> 90 e < 95,Superior
Feminino 14-17 anos,EscoreGeral,199,> 90 e < 95,Superior
Feminino 14-17 anos,EscoreGeral,200,> 90 e < 95,Superior
Feminino 14-17 anos,EscoreGeral,201,95,Superior
Feminino 14-17 anos,EscoreGeral,202,> 95 e < 99,Superior
Feminino 14-17 anos,EscoreGeral,203,> 95 e < 99,Superior
Feminino 14-17 anos,EscoreGeral,204,> 95 e < 99,Superior
Feminino 14-17 anos,EscoreGeral,205,> 95 e < 99,Superior
Feminino 14-17 anos,EscoreGeral,206,> 95 e < 99,Superior
Feminino 14-17 anos,EscoreGeral,207,> 95 e < 99,Superior
Feminino 14-17 anos,EscoreGeral,208,> 95 e < 99,Superior
Feminino 14-17 anos,EscoreGeral,209,> 95 e < 99,Superior
Feminino 14-17 anos,EscoreGeral,210,> 95 e < 99,Superior
Feminino 14-17 anos,EscoreGeral,211,> 95 e < 99,Superior
Feminino 14-17 anos,EscoreGeral,212,> 95 e < 99,Superior
Feminino 14-17 anos,EscoreGeral,213,> 95 e < 99,Superior
Feminino 14-17 anos,EscoreGeral,214,> 95 e < 99,Superior
Feminino 14-17 anos,EscoreGeral,215,> 95 e < 99,Superior
Feminino 14-17 anos,EscoreGeral,216,> 95 e < 99,Superior
Feminino 14-17 anos,EscoreGeral,217,> 95 e < 99,Superior
Feminino 14-17 anos,EscoreGeral,218,> 95 e < 99,Superior
Feminino 14-17 anos,EscoreGeral,219,> 95 e < 99,Superior
Feminino 14-17 anos,EscoreGeral,220,> 95 e < 99,Superior
Feminino 14-17 anos,EscoreGeral,221,> 95 e < 99,Superior
Feminino 14-17 anos,EscoreGeral,222,> 95 e < 99,Superior
Feminino 14-17 anos,EscoreGeral,223,> 95 e < 99,Superior
Feminino 14-17 anos,EscoreGeral,224,> 95 e < 99,Superior
Feminino 14-17 anos,EscoreGeral,225,> 95 e < 99,Superior
Feminino 14-17 anos,EscoreGeral,226,> 95 e < 99,Superior
Feminino 14-17 anos,EscoreGeral,227,> 95 e < 99,Superior
Feminino 14-17 anos,EscoreGeral,228,> 95 e < 99,Superior
Feminino 14-17 anos,EscoreGeral,229,> 95 e < 99,Superior
Feminino 14-17 anos,EscoreGeral,230,> 95 e < 99,Superior
Feminino 14-17 anos,EscoreGeral,231,> 95 e < 99,Superior
Feminino 14-17 anos,EscoreGeral,232,> 95 e < 99,Superior
Feminino 14-17 anos,EscoreGeral,233,> 95 e < 99,Superior
Feminino 14-17 anos,EscoreGeral,234,> 95 e < 99,Superior
Feminino 14-17 anos,EscoreGeral,235,> 95 e < 99,Superior
Feminino 14-17 anos,EscoreGeral,236,> 95 e < 99,Superior
Feminino 14-17 anos,EscoreGeral,237,> 95 e < 99,Superior
Feminino 14-17 anos,EscoreGeral,238,> 95 e < 99,Superior
Feminino 14-17 anos,EscoreGeral,239,> 95 e < 99,Superior
Feminino 14-17 anos,EscoreGeral,240,> 95 e < 99,Superior
Feminino 14-17 anos,EscoreGeral,241,> 95 e < 99,Superior
Feminino 14-17 anos,EscoreGeral,242,> 95 e < 99,Superior
Feminino 14-17 anos,EscoreGeral,243,> 95 e < 99,Superior
Feminino 14-17 anos,EscoreGeral,244,> 95 e < 99,Superior
Feminino 14-17 anos,EscoreGeral,245,> 95 e < 99,Superior
Feminino 14-17 anos,EscoreGeral,246,> 95 e < 99,Superior
Feminino 14-17 anos,EscoreGeral,247,> 95 e < 99,Superior
Feminino 14-17 anos,EscoreGeral,248,> 95 e < 99,Superior
Feminino 14-17 anos,EscoreGeral,249,> 95 e < 99,Superior
Feminino 14-17 anos,EscoreGeral,250,> 95 e < 99,Superior
Feminino 14-17 anos,EscoreGeral,251,> 95 e < 99,Superior
Feminino 14-17 anos,EscoreGeral,252,> 95 e < 99,Superior
Feminino 14-17 anos,EscoreGeral,253,> 95 e < 99,Superior
Feminino 14-17 anos,EscoreGeral,254,> 95 e < 99,Superior
Feminino 14-17 anos,EscoreGeral,255,> 95 e < 99,Superior
Feminino 14-17 anos,EscoreGeral,256,> 95 e < 99,Superior
Feminino 14-17 anos,EscoreGeral,257,> 95 e < 99,Superior
Feminino 14-17 anos,EscoreGeral,258,> 95 e < 99,Superior
Feminino 14-17 anos,EscoreGeral,259,> 95 e < 99,Superior
Feminino 14-17 anos,EscoreGeral,260,> 95 e < 99,Superior
Feminino 14-17 anos,EscoreGeral,261,> 95 e < 99,Superior
Feminino 14-17 anos,EscoreGeral,262,> 95 e < 99,Superior
Feminino 14-17 anos,EscoreGeral,263,> 95 e < 99,Superior
Feminino 14-17 anos,EscoreGeral,264,> 95 e < 99,Superior
Feminino 14-17 anos,EscoreGeral,265,> 95 e < 99,Superior
Feminino 14-17 anos,EscoreGeral,266,> 95 e < 99,Superior
Feminino 14-17 anos,EscoreGeral,267,> 95 e < 99,Superior
Feminino 14-17 anos,EscoreGeral,268,> 95 e < 99,Superior
Feminino 14-17 anos,EscoreGeral,269,> 95 e < 99,Superior
Feminino 14-17 anos,EscoreGeral,270,> 95 e < 99,Superior
Feminino 14-17 anos,EscoreGeral,271,> 95 e < 99,Superior
Feminino 14-17 anos,EscoreGeral,272,> 95 e < 99,Superior
Feminino 14-17 anos,EscoreGeral,273,> 95 e < 99,Superior
Feminino 14-17 anos,EscoreGeral,274,> 95 e < 99,Superior
Feminino 14-17 anos,EscoreGeral,275,> 95 e < 99,Superior
Feminino 14-17 anos,EscoreGeral,276,> 95 e < 99,Superior
Feminino 14-17 anos,EscoreGeral,277,> 95 e < 99,Superior
Feminino 14-17 anos,EscoreGeral,278,> 95 e < 99,Superior
Feminino 14-17 anos,EscoreGeral,279,> 95 e < 99,Superior
Feminino 14-17 anos,EscoreGeral,280,> 95 e < 99,Superior
Feminino 14-17 anos,EscoreGeral,281,> 95 e < 99,Superior
Feminino 14-17 anos,EscoreGeral,282,> 95 e < 99,Superior
Feminino 14-17 anos,EscoreGeral,283,> 95 e < 99,Superior
Feminino 14-17 anos,EscoreGeral,284,> 95 e < 99,Superior
Feminino 14-17 anos,EscoreGeral,285,> 95 e < 99,Superior
Feminino 14-17 anos,EscoreGeral,286,> 95 e < 99,Superior
Feminino 14-17 anos,EscoreGeral,287,> 95 e < 99,Superior
Feminino 14-17 anos,EscoreGeral,288,> 95 e < 99,Superior
Feminino 14-17 anos,EscoreGeral,289,> 95 e < 99,Superior
Feminino 14-17 anos,EscoreGeral,290,> 95 e < 99,Superior
Feminino 14-17 anos,EscoreGeral,291,> 95 e < 99,Superior
Feminino 14-17 anos,EscoreGeral,292,> 95 e < 99,Superior
Feminino 14-17 anos,EscoreGeral,293,> 95 e < 99,Superior
Feminino 14-17 anos,EscoreGeral,294,> 95 e < 99,Superior
Feminino 14-17 anos,EscoreGeral,295,> 95 e < 99,Superior
Feminino 14-17 anos,EscoreGeral,296,> 95 e < 99,Superior
Feminino 14-17 anos,EscoreGeral,297,> 95 e < 99,Superior
Feminino 14-17 anos,EscoreGeral,298,99,Superior
Feminino 14-17 anos,EscoreGeral,299,> 99,Superior
Feminino 14-17 anos,EscoreGeral,300,> 99,Superior
Feminino 14-17 anos,EscoreGeral,301,> 99,Superior
Feminino 14-17 anos,EscoreGeral,302,> 99,Superior
Feminino 14-17 anos,EscoreGeral,303,> 99,Superior
Feminino 14-17 anos,EscoreGeral,304,> 99,Superior
Feminino 14-17 anos,EscoreGeral,305,> 99,Superior
Feminino 14-17 anos,EscoreGeral,306,> 99,Superior
Feminino 14-17 anos,EscoreGeral,307,> 99,Superior
Feminino 14-17 anos,EscoreGeral,308,> 99,Superior
Feminino 14-17 anos,EscoreGeral,309,> 99,Superior
Feminino 14-17 anos,EscoreGeral,310,> 99,Superior
Feminino 14-17 anos,EscoreGeral,311,> 99,Superior
Feminino 14-17 anos,EscoreGeral,312,> 99,Superior
Feminino 14-17 anos,EscoreGeral,313,> 99,Superior
Feminino 14-17 anos,EscoreGeral,314,> 99,Superior
Feminino 14-17 anos,EscoreGeral,315,> 99,Superior
Feminino 14-17 anos,EscoreGeral,316,> 99,Superior
Feminino 14-17 anos,EscoreGeral,317,> 99,Superior
Feminino 14-17 anos,EscoreGeral,318,> 99,Superior
Feminino 14-17 anos,EscoreGeral,319,> 99,Superior
Feminino 14-17 anos,EscoreGeral,320,> 99,Superior
Feminino 14-17 anos,EscoreGeral,321,> 99,Superior
Feminino 14-17 anos,EscoreGeral,322,> 99,Superior
Feminino 14-17 anos,EscoreGeral,323,> 99,Superior
Feminino 14-17 anos,EscoreGeral,324,> 99,Superior
Feminino 14-17 anos,EscoreGeral,325,> 99,Superior
Feminino 14-17 anos,EscoreGeral,326,> 99,Superior
Feminino 14-17 anos,EscoreGeral,327,> 99,Superior
Feminino 14-17 anos,EscoreGeral,328,> 99,Superior
Feminino 14-17 anos,EscoreGeral,329,> 99,Superior
Feminino 14-17 anos,EscoreGeral,330,> 99,Superior
Feminino 14-17 anos,EscoreGeral,331,> 99,Superior
Feminino 14-17 anos,EscoreGeral,332,> 99,Superior
Feminino 14-17 anos,EscoreGeral,333,> 99,Superior
Feminino 14-17 anos,EscoreGeral,334,> 99,Superior
Feminino 14-17 anos,EscoreGeral,335,> 99,Superior
Feminino 14-17 anos,EscoreGeral,336,> 99,Superior
Feminino 14-17 anos,EscoreGeral,337,> 99,Superior
Feminino 14-17 anos,EscoreGeral,338,> 99,Superior
Feminino 14-17 anos,EscoreGeral,339,> 99,Superior
Feminino 14-17 anos,EscoreGeral,340,> 99,Superior
Feminino 14-17 anos,EscoreGeral,341,> 99,Superior
Feminino 14-17 anos,EscoreGeral,342,> 99,Superior
Feminino 14-17 anos,EscoreGeral,343,> 99,Superior
Feminino 14-17 anos,EscoreGeral,344,> 99,Superior
Feminino 14-17 anos,EscoreGeral,345,> 99,Superior
Feminino 14-17 anos,EscoreGeral,346,> 99,Superior
Feminino 14-17 anos,EscoreGeral,347,> 99,Superior
Feminino 14-17 anos,EscoreGeral,348,> 99,Superior
Feminino 14-17 anos,F1_RegulacaoEmocional,1,< 1,Inferior
Feminino 14-17 anos,F1_RegulacaoEmocional,2,< 1,Inferior
Feminino 14-17 anos,F1_RegulacaoEmocional,3,< 1,Inferior
Feminino 14-17 anos,F1_RegulacaoEmocional,4,< 1,Inferior
Feminino 14-17 anos,F1_RegulacaoEmocional,5,< 1,Inferior
Feminino 14-17 anos,F1_RegulacaoEmocional,6,< 1,Inferior
Feminino 14-17 anos,F1_RegulacaoEmocional,7,< 1,Inferior
Feminino 14-17 anos,F1_RegulacaoEmocional,8,< 1,Inferior
Feminino 14-17 anos,F1_RegulacaoEmocional,9,< 1,Inferior
Feminino 14-17 anos,F1_RegulacaoEmocional,10,< 1,Inferior
Feminino 14-17 anos,F1_RegulacaoEmocional,11,< 1,Inferior
Feminino 14-17 anos,F1_RegulacaoEmocional,12,< 1,Inferior
Feminino 14-17 anos,F1_RegulacaoEmocional,13,< 1,Inferior
Feminino 14-17 anos,F1_RegulacaoEmocional,14,< 1,Inferior
Feminino 14-17 anos,F1_RegulacaoEmocional,15,< 1,Inferior
Feminino 14-17 anos,F1_RegulacaoEmocional,16,< 1,Inferior
Feminino 14-17 anos,F1_RegulacaoEmocional,17,< 1,Inferior
Feminino 14-17 anos,F1_RegulacaoEmocional,18,< 1,Inferior
Feminino 14-17 anos,F1_RegulacaoEmocional,19,< 1,Inferior
Feminino 14-17 anos,F1_RegulacaoEmocional,20,< 1,Inferior
Feminino 14-17 anos,F1_RegulacaoEmocional,21,< 1,Inferior
Feminino 14-17 anos,F1_RegulacaoEmocional,22,< 1,Inferior
Feminino 14-17 anos,F1_RegulacaoEmocional,23,< 1,Inferior
Feminino 14-17 anos,F1_RegulacaoEmocional,24,< 1,Inferior
Feminino 14-17 anos,F1_RegulacaoEmocional,25,1,Inferior
Feminino 14-17 anos,F1_RegulacaoEmocional,25.55,15,Inferior
Feminino 14-17 anos,F1_RegulacaoEmocional,26,> 15 e < 20,Inferior
Feminino 14-17 anos,F1_RegulacaoEmocional,26.4,20,Inferior
Feminino 14-17 anos,F1_RegulacaoEmocional,27,> 20 e < 25,Inferior
Feminino 14-17 anos,F1_RegulacaoEmocional,27.5,25,Média Inferior
Feminino 14-17 anos,F1_RegulacaoEmocional,28,> 25 e < 30,Média Inferior
Feminino 14-17 anos,F1_RegulacaoEmocional,29,> 25 e < 30,Média Inferior
Feminino 14-17 anos,F1_RegulacaoEmocional,29.4,30,Média Inferior
Feminino 14-17 anos,F1_RegulacaoEmocional,30,> 30 e < 35,Média Inferior
Feminino 14-17 anos,F1_RegulacaoEmocional,31,> 30 e < 35,Média Inferior
Feminino 14-17 anos,F1_RegulacaoEmocional,32,> 30 e < 35,Média Inferior
Feminino 14-17 anos,F1_RegulacaoEmocional,32.8,35,Média Inferior
Feminino 14-17 anos,F1_RegulacaoEmocional,33,40,Média Inferior
Feminino 14-17 anos,F1_RegulacaoEmocional,33.65,45,Média
Feminino 14-17 anos,F1_RegulacaoEmocional,34,> 45 e < 50,Média
Feminino 14-17 anos,F1_RegulacaoEmocional,35,50,Média
Feminino 14-17 anos,F1_RegulacaoEmocional,36,55,Média
Feminino 14-17 anos,F1_RegulacaoEmocional,36.2,60,Média
Feminino 14-17 anos,F1_RegulacaoEmocional,37,65,Média Superior
Feminino 14-17 anos,F1_RegulacaoEmocional,37.75,75,Média superior
Feminino 14-17 anos,F1_RegulacaoEmocional,38,> 75 e < 80,Média superior
Feminino 14-17 anos,F1_RegulacaoEmocional,39,> 75 e < 80,Média superior
Feminino 14-17 anos,F1_RegulacaoEmocional,39.2,80,Média superior
Feminino 14-17 anos,F1_RegulacaoEmocional,40,85,Superior
Feminino 14-17 anos,F1_RegulacaoEmocional,41,> 85 e < 90,Superior
Feminino 14-17 anos,F1_RegulacaoEmocional,42,> 85 e < 90,Superior
Feminino 14-17 anos,F1_RegulacaoEmocional,43,> 85 e < 90,Superior
Feminino 14-17 anos,F1_RegulacaoEmocional,44,> 85 e < 90,Superior
Feminino 14-17 anos,F1_RegulacaoEmocional,45,> 85 e < 90,Superior
Feminino 14-17 anos,F1_RegulacaoEmocional,46,> 85 e < 90,Superior
Feminino 14-17 anos,F1_RegulacaoEmocional,46.3,90,Superior
Feminino 14-17 anos,F1_RegulacaoEmocional,47,> 90 e < 95,Superior
Feminino 14-17 anos,F1_RegulacaoEmocional,48,> 90 e < 95,Superior
Feminino 14-17 anos,F1_RegulacaoEmocional,49,> 90 e < 95,Superior
Feminino 14-17 anos,F1_RegulacaoEmocional,50,> 90 e < 95,Superior
Feminino 14-17 anos,F1_RegulacaoEmocional,51,> 90 e < 95,Superior
Feminino 14-17 anos,F1_RegulacaoEmocional,52,> 90 e < 95,Superior
Feminino 14-17 anos,F1_RegulacaoEmocional,53,> 90 e < 95,Superior
Feminino 14-17 anos,F1_RegulacaoEmocional,54,> 90 e < 95,Superior
Feminino 14-17 anos,F1_RegulacaoEmocional,55,> 90 e < 95,Superior
Feminino 14-17 anos,F1_RegulacaoEmocional,56,> 90 e < 95,Superior
Feminino 14-17 anos,F1_RegulacaoEmocional,57,> 90 e < 95,Superior
Feminino 14-17 anos,F1_RegulacaoEmocional,58,> 90 e < 95,Superior
Feminino 14-17 anos,F1_RegulacaoEmocional,59,> 90 e < 95,Superior
Feminino 14-17 anos,F1_RegulacaoEmocional,60,> 90 e < 95,Superior
Feminino 14-17 anos,F1_RegulacaoEmocional,61,> 90 e < 95,Superior
Feminino 14-17 anos,F1_RegulacaoEmocional,62,> 90 e < 95,Superior
Feminino 14-17 anos,F1_RegulacaoEmocional,63,> 90 e < 95,Superior
Feminino 14-17 anos,F1_RegulacaoEmocional,64,> 90 e < 95,Superior
Feminino 14-17 anos,F1_RegulacaoEmocional,65,> 90 e < 95,Superior
Feminino 14-17 anos,F1_RegulacaoEmocional,66,> 90 e < 95,Superior
Feminino 14-17 anos,F1_RegulacaoEmocional,67,> 90 e < 95,Superior
Feminino 14-17 anos,F1_RegulacaoEmocional,68,> 90 e < 95,Superior
Feminino 14-17 anos,F1_RegulacaoEmocional,69,> 90 e < 95,Superior
Feminino 14-17 anos,F1_RegulacaoEmocional,70,> 90 e < 95,Superior
Feminino 14-17 anos,F1_RegulacaoEmocional,71,> 90 e < 95,Superior
Feminino 14-17 anos,F1_RegulacaoEmocional,72,> 90 e < 95,Superior
Feminino 14-17 anos,F1_RegulacaoEmocional,73,> 90 e < 95,Superior
Feminino 14-17 anos,F1_RegulacaoEmocional,74,> 90 e < 95,Superior
Feminino 14-17 anos,F1_RegulacaoEmocional,75,> 90 e < 95,Superior
Feminino 14-17 anos,F1_RegulacaoEmocional,76,> 90 e < 95,Superior
Feminino 14-17 anos,F1_RegulacaoEmocional,77,> 90 e < 95,Superior
Feminino 14-17 anos,F1_RegulacaoEmocional,78,95,Superior
Feminino 14-17 anos,F1_RegulacaoEmocional,79,> 95 e < 99,Superior
Feminino 14-17 anos,F1_RegulacaoEmocional,80,> 95 e < 99,Superior
Feminino 14-17 anos,F1_RegulacaoEmocional,81,> 95 e < 99,Superior
Feminino 14-17 anos,F1_RegulacaoEmocional,82,> 95 e < 99,Superior
Feminino 14-17 anos,F1_RegulacaoEmocional,83,> 95 e < 99,Superior
Feminino 14-17 anos,F1_RegulacaoEmocional,84,> 95 e < 99,Superior
Feminino 14-17 anos,F1_RegulacaoEmocional,85,> 95 e < 99,Superior
Feminino 14-17 anos,F1_RegulacaoEmocional,86,> 95 e < 99,Superior
Feminino 14-17 anos,F1_RegulacaoEmocional,87,> 95 e < 99,Superior
Feminino 14-17 anos,F1_RegulacaoEmocional,88,> 95 e < 99,Superior
Feminino 14-17 anos,F1_RegulacaoEmocional,89,> 95 e < 99,Superior
Feminino 14-17 anos,F1_RegulacaoEmocional,90,> 95 e < 99,Superior
Feminino 14-17 anos,F1_RegulacaoEmocional,91,> 95 e < 99,Superior
Feminino 14-17 anos,F1_RegulacaoEmocional,92,> 95 e < 99,Superior
Feminino 14-17 anos,F1_RegulacaoEmocional,93,> 95 e < 99,Superior
Feminino 14-17 anos,F1_RegulacaoEmocional,94,> 95 e < 99,Superior
Feminino 14-17 anos,F1_RegulacaoEmocional,95,> 95 e < 99,Superior
Feminino 14-17 anos,F1_RegulacaoEmocional,96,> 95 e < 99,Superior
Feminino 14-17 anos,F1_RegulacaoEmocional,97,> 95 e < 99,Superior
Feminino 14-17 anos,F1_RegulacaoEmocional,98,> 95 e < 99,Superior
Feminino 14-17 anos,F1_RegulacaoEmocional,99,> 95 e < 99,Superior
Feminino 14-17 anos,F1_RegulacaoEmocional,100,> 95 e < 99,Superior
Feminino 14-17 anos,F1_RegulacaoEmocional,101,> 95 e < 99,Superior
Feminino 14-17 anos,F1_RegulacaoEmocional,102,> 95 e < 99,Superior
Feminino 14-17 anos,F1_RegulacaoEmocional,103,> 95 e < 99,Superior
Feminino 14-17 anos,F1_RegulacaoEmocional,104,> 95 e < 99,Superior
Feminino 14-17 anos,F1_RegulacaoEmocional,105,> 95 e < 99,Superior
Feminino 14-17 anos,F1_RegulacaoEmocional,106,> 95 e < 99,Superior
Feminino 14-17 anos,F1_RegulacaoEmocional,107,> 95 e < 99,Superior
Feminino 14-17 anos,F1_RegulacaoEmocional,108,> 95 e < 99,Superior
Feminino 14-17 anos,F1_RegulacaoEmocional,109,> 95 e < 99,Superior
Feminino 14-17 anos,F1_RegulacaoEmocional,110,> 95 e < 99,Superior
Feminino 14-17 anos,F1_RegulacaoEmocional,111,> 95 e < 99,Superior
Feminino 14-17 anos,F1_RegulacaoEmocional,112,> 95 e < 99,Superior
Feminino 14-17 anos,F1_RegulacaoEmocional,113,> 95 e < 99,Superior
Feminino 14-17 anos,F1_RegulacaoEmocional,114,> 95 e < 99,Superior
Feminino 14-17 anos,F1_RegulacaoEmocional,115,> 95 e < 99,Superior
Feminino 14-17 anos,F1_RegulacaoEmocional,116,> 95 e < 99,Superior
Feminino 14-17 anos,F1_RegulacaoEmocional,117,> 95 e < 99,Superior
Feminino 14-17 anos,F1_RegulacaoEmocional,118,> 95 e < 99,Superior
Feminino 14-17 anos,F1_RegulacaoEmocional,119,> 95 e < 99,Superior
Feminino 14-17 anos,F1_RegulacaoEmocional,120,> 95 e < 99,Superior
Feminino 14-17 anos,F2_HiperatividadeImpulsividade,1,< 1,Inferior
Feminino 14-17 anos,F2_HiperatividadeImpulsividade,2,< 1,Inferior
Feminino 14-17 anos,F2_HiperatividadeImpulsividade,3,< 1,Inferior
Feminino 14-17 anos,F2_HiperatividadeImpulsividade,4,< 1,Inferior
Feminino 14-17 anos,F2_HiperatividadeImpulsividade,5,< 1,Inferior
Feminino 14-17 anos,F2_HiperatividadeImpulsividade,6,< 1,Inferior
Feminino 14-17 anos,F2_HiperatividadeImpulsividade,7,< 1,Inferior
Feminino 14-17 anos,F2_HiperatividadeImpulsividade,8,< 1,Inferior
Feminino 14-17 anos,F2_HiperatividadeImpulsividade,9,< 1,Inferior
Feminino 14-17 anos,F2_HiperatividadeImpulsividade,10,< 1,Inferior
Feminino 14-17 anos,F2_HiperatividadeImpulsividade,11,< 1,Inferior
Feminino 14-17 anos,F2_HiperatividadeImpulsividade,12,< 1,Inferior
Feminino 14-17 anos,F2_HiperatividadeImpulsividade,13,< 1,Inferior
Feminino 14-17 anos,F2_HiperatividadeImpulsividade,14,< 1,Inferior
Feminino 14-17 anos,F2_HiperatividadeImpulsividade,15,< 1,Inferior
Feminino 14-17 anos,F2_HiperatividadeImpulsividade,16,1,Inferior
Feminino 14-17 anos,F2_HiperatividadeImpulsividade,16.55,15,Inferior
Feminino 14-17 anos,F2_HiperatividadeImpulsividade,17,> 15 e < 20,Inferior
Feminino 14-17 anos,F2_HiperatividadeImpulsividade,18,> 15 e < 20,Inferior
Feminino 14-17 anos,F2_HiperatividadeImpulsividade,18.6,20,Inferior
Feminino 14-17 anos,F2_HiperatividadeImpulsividade,19,> 20 e < 25,Inferior
Feminino 14-17 anos,F2_HiperatividadeImpulsividade,20,> 20 e < 25,Inferior
Feminino 14-17 anos,F2_HiperatividadeImpulsividade,21,25,Média Inferior
Feminino 14-17 anos,F2_HiperatividadeImpulsividade,21.1,30,Média Inferior
Feminino 14-17 anos,F2_HiperatividadeImpulsividade,21.95,35,Média Inferior
Feminino 14-17 anos,F2_HiperatividadeImpulsividade,22,> 35 e < 40,Média Inferior
Feminino 14-17 anos,F2_HiperatividadeImpulsividade,23,> 35 e < 40,Média Inferior
Feminino 14-17 anos,F2_HiperatividadeImpulsividade,23.6,40,Média Inferior
Feminino 14-17 anos,F2_HiperatividadeImpulsividade,24,50,Média
Feminino 14-17 anos,F2_HiperatividadeImpulsividade,25.75,55,Média
Feminino 14-17 anos,F2_HiperatividadeImpulsividade,26,> 55 e < 60,Média
Feminino 14-17 anos,F2_HiperatividadeImpulsividade,27,> 55 e < 60,Média
Feminino 14-17 anos,F2_HiperatividadeImpulsividade,28,> 55 e < 60,Média
Feminino 14-17 anos,F2_HiperatividadeImpulsividade,29,60,Média
Feminino 14-17 anos,F2_HiperatividadeImpulsividade,29.1,65,Média Superior
Feminino 14-17 anos,F2_HiperatividadeImpulsividade,30,> 65 e < 70,Média Superior
Feminino 14-17 anos,F2_HiperatividadeImpulsividade,30.8,70,Média Superior
Feminino 14-17 anos,F2_HiperatividadeImpulsividade,31,> 70 e < 75,Média Superior
Feminino 14-17 anos,F2_HiperatividadeImpulsividade,32,> 70 e < 75,Média Superior
Feminino 14-17 anos,F2_HiperatividadeImpulsividade,32.5,75,Média superior
Feminino 14-17 anos,F2_HiperatividadeImpulsividade,33,> 75 e < 80,Média superior
Feminino 14-17 anos,F2_HiperatividadeImpulsividade,33.6,80,Média superior
Feminino 14-17 anos,F2_HiperatividadeImpulsividade,34,> 80 e < 85,Média superior
Feminino 14-17 anos,F2_HiperatividadeImpulsividade,35,> 80 e < 85,Média superior
Feminino 14-17 anos,F2_HiperatividadeImpulsividade,35.35,85,Superior
Feminino 14-17 anos,F2_HiperatividadeImpulsividade,36,> 85 e < 90,Superior
Feminino 14-17 anos,F2_HiperatividadeImpulsividade,37,> 85 e < 90,Superior
Feminino 14-17 anos,F2_HiperatividadeImpulsividade,37.9,90,Superior
Feminino 14-17 anos,F2_HiperatividadeImpulsividade,38,> 90 e < 95,Superior
Feminino 14-17 anos,F2_HiperatividadeImpulsividade,39,> 90 e < 95,Superior
Feminino 14-17 anos,F2_HiperatividadeImpulsividade,40,> 90 e < 95,Superior
Feminino 14-17 anos,F2_HiperatividadeImpulsividade,41,> 90 e < 95,Superior
Feminino 14-17 anos,F2_HiperatividadeImpulsividade,42,> 90 e < 95,Superior
Feminino 14-17 anos,F2_HiperatividadeImpulsividade,43,> 90 e < 95,Superior
Feminino 14-17 anos,F2_HiperatividadeImpulsividade,44,> 90 e < 95,Superior
Feminino 14-17 anos,F2_HiperatividadeImpulsividade,45,> 90 e < 95,Superior
Feminino 14-17 anos,F2_HiperatividadeImpulsividade,46,> 90 e < 95,Superior
Feminino 14-17 anos,F2_HiperatividadeImpulsividade,47,> 90 e < 95,Superior
Feminino 14-17 anos,F2_HiperatividadeImpulsividade,48,> 90 e < 95,Superior
Feminino 14-17 anos,F2_HiperatividadeImpulsividade,49,> 90 e < 95,Superior
Feminino 14-17 anos,F2_HiperatividadeImpulsividade,50,> 90 e < 95,Superior
Feminino 14-17 anos,F2_HiperatividadeImpulsividade,51,> 90 e < 95,Superior
Feminino 14-17 anos,F2_HiperatividadeImpulsividade,52,> 90 e < 95,Superior
Feminino 14-17 anos,F2_HiperatividadeImpulsividade,53,> 90 e < 95,Superior
Feminino 14-17 anos,F2_HiperatividadeImpulsividade,54,> 90 e < 95,Superior
Feminino 14-17 anos,F2_HiperatividadeImpulsividade,55,> 90 e < 95,Superior
Feminino 14-17 anos,F2_HiperatividadeImpulsividade,56,> 90 e < 95,Superior
Feminino 14-17 anos,F2_HiperatividadeImpulsividade,57,> 90 e < 95,Superior
Feminino 14-17 anos,F2_HiperatividadeImpulsividade,58,> 90 e < 95,Superior
Feminino 14-17 anos,F2_HiperatividadeImpulsividade,59,> 90 e < 95,Superior
Feminino 14-17 anos,F2_HiperatividadeImpulsividade,60,> 90 e < 95,Superior
Feminino 14-17 anos,F2_HiperatividadeImpulsividade,61,> 90 e < 95,Superior
Feminino 14-17 anos,F2_HiperatividadeImpulsividade,62,> 90 e < 95,Superior
Feminino 14-17 anos,F2_HiperatividadeImpulsividade,63,> 90 e < 95,Superior
Feminino 14-17 anos,F2_HiperatividadeImpulsividade,64,> 90 e < 95,Superior
Feminino 14-17 anos,F2_HiperatividadeImpulsividade,65,> 90 e < 95,Superior
Feminino 14-17 anos,F2_HiperatividadeImpulsividade,66,> 90 e < 95,Superior
Feminino 14-17 anos,F2_HiperatividadeImpulsividade,67,> 90 e < 95,Superior
Feminino 14-17 anos,F2_HiperatividadeImpulsividade,68,> 90 e < 95,Superior
Feminino 14-17 anos,F2_HiperatividadeImpulsividade,69,95,Superior
Feminino 14-17 anos,F2_HiperatividadeImpulsividade,70,> 95 e < 99,Superior
Feminino 14-17 anos,F2_HiperatividadeImpulsividade,71,> 95 e < 99,Superior
Feminino 14-17 anos,F2_HiperatividadeImpulsividade,72,> 95 e < 99,Superior
Feminino 14-17 anos,F2_HiperatividadeImpulsividade,73,> 95 e < 99,Superior
Feminino 14-17 anos,F2_HiperatividadeImpulsividade,74,> 95 e < 99,Superior
Feminino 14-17 anos,F2_HiperatividadeImpulsividade,75,> 95 e < 99,Superior
Feminino 14-17 anos,F2_HiperatividadeImpulsividade,76,> 95 e < 99,Superior
Feminino 14-17 anos,F2_HiperatividadeImpulsividade,77,> 95 e < 99,Superior
Feminino 14-17 anos,F2_HiperatividadeImpulsividade,78,> 95 e < 99,Superior
Feminino 14-17 anos,F2_HiperatividadeImpulsividade,79,> 95 e < 99,Superior
Feminino 14-17 anos,F2_HiperatividadeImpulsividade,80,> 95 e < 99,Superior
Feminino 14-17 anos,F3_ComportamentoAdaptativo,1,< 1,Inferior
Feminino 14-17 anos,F3_ComportamentoAdaptativo,2,< 1,Inferior
Feminino 14-17 anos,F3_ComportamentoAdaptativo,3,< 1,Inferior
Feminino 14-17 anos,F3_ComportamentoAdaptativo,4,< 1,Inferior
Feminino 14-17 anos,F3_ComportamentoAdaptativo,5,< 1,Inferior
Feminino 14-17 anos,F3_ComportamentoAdaptativo,6,< 1,Inferior
Feminino 14-17 anos,F3_ComportamentoAdaptativo,7,< 1,Inferior
Feminino 14-17 anos,F3_ComportamentoAdaptativo,8,< 1,Inferior
Feminino 14-17 anos,F3_ComportamentoAdaptativo,9,< 1,Inferior
Feminino 14-17 anos,F3_ComportamentoAdaptativo,10,< 1,Inferior
Feminino 14-17 anos,F3_ComportamentoAdaptativo,11,< 1,Inferior
Feminino 14-17 anos,F3_ComportamentoAdaptativo,12,< 1,Inferior
Feminino 14-17 anos,F3_ComportamentoAdaptativo,13,< 1,Inferior
Feminino 14-17 anos,F3_ComportamentoAdaptativo,14,< 1,Inferior
Feminino 14-17 anos,F3_ComportamentoAdaptativo,15,< 1,Inferior
Feminino 14-17 anos,F3_ComportamentoAdaptativo,16,< 1,Inferior
Feminino 14-17 anos,F3_ComportamentoAdaptativo,17,< 1,Inferior
Feminino 14-17 anos,F3_ComportamentoAdaptativo,18,1,Inferior
Feminino 14-17 anos,F3_ComportamentoAdaptativo,18,5,Inferior
Feminino 14-17 anos,F3_ComportamentoAdaptativo,18.7,10,Inferior
Feminino 14-17 anos,F3_ComportamentoAdaptativo,19,> 10 e < 15,Inferior
Feminino 14-17 anos,F3_ComportamentoAdaptativo,20,> 10 e < 15,Inferior
Feminino 14-17 anos,F3_ComportamentoAdaptativo,21,> 10 e < 15,Inferior
Feminino 14-17 anos,F3_ComportamentoAdaptativo,21.75,15,Inferior
Feminino 14-17 anos,F3_ComportamentoAdaptativo,22,> 15 e < 20,Inferior
Feminino 14-17 anos,F3_ComportamentoAdaptativo,23,> 15 e < 20,Inferior
Feminino 14-17 anos,F3_ComportamentoAdaptativo,24,> 15 e < 20,Inferior
Feminino 14-17 anos,F3_ComportamentoAdaptativo,24.4,20,Inferior
Feminino 14-17 anos,F3_ComportamentoAdaptativo,25,> 20 e < 25,Inferior
Feminino 14-17 anos,F3_ComportamentoAdaptativo,26,> 20 e < 25,Inferior
Feminino 14-17 anos,F3_ComportamentoAdaptativo,27,> 20 e < 25,Inferior
Feminino 14-17 anos,F3_ComportamentoAdaptativo,27.5,25,Média Inferior
Feminino 14-17 anos,F3_ComportamentoAdaptativo,28,> 25 e < 30,Média Inferior
Feminino 14-17 anos,F3_ComportamentoAdaptativo,29,> 25 e < 30,Média Inferior
Feminino 14-17 anos,F3_ComportamentoAdaptativo,30,> 25 e < 30,Média Inferior
Feminino 14-17 anos,F3_ComportamentoAdaptativo,31,> 25 e < 30,Média Inferior
Feminino 14-17 anos,F3_ComportamentoAdaptativo,32,> 25 e < 30,Média Inferior
Feminino 14-17 anos,F3_ComportamentoAdaptativo,33,> 25 e < 30,Média Inferior
Feminino 14-17 anos,F3_ComportamentoAdaptativo,34,> 25 e < 30,Média Inferior
Feminino 14-17 anos,F3_ComportamentoAdaptativo,35,> 25 e < 30,Média Inferior
Feminino 14-17 anos,F3_ComportamentoAdaptativo,35.1,30,Média Inferior
Feminino 14-17 anos,F3_ComportamentoAdaptativo,35.95,35,Média Inferior
Feminino 14-17 anos,F3_ComportamentoAdaptativo,36,40,Média Inferior
Feminino 14-17 anos,F3_ComportamentoAdaptativo,36.65,45,Média
Feminino 14-17 anos,F3_ComportamentoAdaptativo,37,> 45 e < 50,Média
Feminino 14-17 anos,F3_ComportamentoAdaptativo,37.5,50,Média
Feminino 14-17 anos,F3_ComportamentoAdaptativo,38,> 50 e < 55,Média
Feminino 14-17 anos,F3_ComportamentoAdaptativo,38.7,55,Média
Feminino 14-17 anos,F3_ComportamentoAdaptativo,39,> 55 e < 60,Média
Feminino 14-17 anos,F3_ComportamentoAdaptativo,40,> 55 e < 60,Média
Feminino 14-17 anos,F3_ComportamentoAdaptativo,40.2,60,Média
Feminino 14-17 anos,F3_ComportamentoAdaptativo,41,> 60 e < 65,Média
Feminino 14-17 anos,F3_ComportamentoAdaptativo,41.05,65,Média Superior
Feminino 14-17 anos,F3_ComportamentoAdaptativo,41.9,70,Média Superior
Feminino 14-17 anos,F3_ComportamentoAdaptativo,42,> 70 e < 75,Média Superior
Feminino 14-17 anos,F3_ComportamentoAdaptativo,43,> 70 e < 75,Média Superior
Feminino 14-17 anos,F3_ComportamentoAdaptativo,44,> 70 e < 75,Média Superior
Feminino 14-17 anos,F3_ComportamentoAdaptativo,45,75,Média superior
Feminino 14-17 anos,F3_ComportamentoAdaptativo,46,> 75 e < 80,Média superior
Feminino 14-17 anos,F3_ComportamentoAdaptativo,46.6,80,Média superior
Feminino 14-17 anos,F3_ComportamentoAdaptativo,47,> 80 e < 85,Média superior
Feminino 14-17 anos,F3_ComportamentoAdaptativo,48,> 80 e < 85,Média superior
Feminino 14-17 anos,F3_ComportamentoAdaptativo,49,> 80 e < 85,Média superior
Feminino 14-17 anos,F3_ComportamentoAdaptativo,49.25,85,Superior
Feminino 14-17 anos,F3_ComportamentoAdaptativo,50,> 85 e < 90,Superior
Feminino 14-17 anos,F3_ComportamentoAdaptativo,51,> 85 e < 90,Superior
Feminino 14-17 anos,F3_ComportamentoAdaptativo,52,> 85 e < 90,Superior
Feminino 14-17 anos,F3_ComportamentoAdaptativo,53,> 85 e < 90,Superior
Feminino 14-17 anos,F3_ComportamentoAdaptativo,54,> 85 e < 90,Superior
Feminino 14-17 anos,F3_ComportamentoAdaptativo,54.7,90,Superior
Feminino 14-17 anos,F3_ComportamentoAdaptativo,55,> 90 e < 95,Superior
Feminino 14-17 anos,F3_ComportamentoAdaptativo,56,> 90 e < 95,Superior
Feminino 14-17 anos,F3_ComportamentoAdaptativo,57,> 90 e < 95,Superior
Feminino 14-17 anos,F3_ComportamentoAdaptativo,58,> 90 e < 95,Superior
Feminino 14-17 anos,F3_ComportamentoAdaptativo,59,> 90 e < 95,Superior
Feminino 14-17 anos,F3_ComportamentoAdaptativo,60,> 90 e < 95,Superior
Feminino 14-17 anos,F3_ComportamentoAdaptativo,61,> 90 e < 95,Superior
Feminino 14-17 anos,F3_ComportamentoAdaptativo,62,> 90 e < 95,Superior
Feminino 14-17 anos,F3_ComportamentoAdaptativo,63,> 90 e < 95,Superior
Feminino 14-17 anos,F3_ComportamentoAdaptativo,64,> 90 e < 95,Superior
Feminino 14-17 anos,F3_ComportamentoAdaptativo,65,> 90 e < 95,Superior
Feminino 14-17 anos,F3_ComportamentoAdaptativo,66,> 90 e < 95,Superior
Feminino 14-17 anos,F3_ComportamentoAdaptativo,67,> 90 e < 95,Superior
Feminino 14-17 anos,F3_ComportamentoAdaptativo,68,> 90 e < 95,Superior
Feminino 14-17 anos,F3_ComportamentoAdaptativo,69,> 90 e < 95,Superior
Feminino 14-17 anos,F3_ComportamentoAdaptativo,70,> 90 e < 95,Superior
Feminino 14-17 anos,F4_Atencao,1,< 1,Inferior
Feminino 14-17 anos,F4_Atencao,2,< 1,Inferior
Feminino 14-17 anos,F4_Atencao,3,< 1,Inferior
Feminino 14-17 anos,F4_Atencao,4,< 1,Inferior
Feminino 14-17 anos,F4_Atencao,5,< 1,Inferior
Feminino 14-17 anos,F4_Atencao,6,< 1,Inferior
Feminino 14-17 anos,F4_Atencao,7,< 1,Inferior
Feminino 14-17 anos,F4_Atencao,8,< 1,Inferior
Feminino 14-17 anos,F4_Atencao,9,< 1,Inferior
Feminino 14-17 anos,F4_Atencao,10,< 1,Inferior
Feminino 14-17 anos,F4_Atencao,11,< 1,Inferior
Feminino 14-17 anos,F4_Atencao,12,1,Inferior
Feminino 14-17 anos,F4_Atencao,13.1,15,Inferior
Feminino 14-17 anos,F4_Atencao,13,> 15 e < 20,Inferior
Feminino 14-17 anos,F4_Atencao,14,20,Inferior
Feminino 14-17 anos,F4_Atencao,14.75,25,Média Inferior
Feminino 14-17 anos,F4_Atencao,15,> 25 e < 30,Média Inferior
Feminino 14-17 anos,F4_Atencao,16,> 25 e < 30,Média Inferior
Feminino 14-17 anos,F4_Atencao,17,30,Média Inferior
Feminino 14-17 anos,F4_Atencao,18,> 35 e < 40,Média Inferior
Feminino 14-17 anos,F4_Atencao,19,> 35 e < 40,Média Inferior
Feminino 14-17 anos,F4_Atencao,20,> 35 e < 40,Média Inferior
Feminino 14-17 anos,F4_Atencao,21,40,Média Inferior
Feminino 14-17 anos,F4_Atencao,22,45,Média
Feminino 14-17 anos,F4_Atencao,23,50,Média
Feminino 14-17 anos,F4_Atencao,24,55,Média
Feminino 14-17 anos,F4_Atencao,24.4,60,Média
Feminino 14-17 anos,F4_Atencao,25,> 60 e < 65,Média
Feminino 14-17 anos,F4_Atencao,26,> 60 e < 65,Média
Feminino 14-17 anos,F4_Atencao,26.15,65,Média Superior
Feminino 14-17 anos,F4_Atencao,27,> 65 e < 70,Média Superior
Feminino 14-17 anos,F4_Atencao,28,> 65 e < 70,Média Superior
Feminino 14-17 anos,F4_Atencao,28.7,70,Média Superior
Feminino 14-17 anos,F4_Atencao,29,> 70 e < 75,Média Superior
Feminino 14-17 anos,F4_Atencao,30,> 70 e < 75,Média Superior
Feminino 14-17 anos,F4_Atencao,30.5,75,Média superior
Feminino 14-17 anos,F4_Atencao,31,> 75 e < 80,Média superior
Feminino 14-17 anos,F4_Atencao,32,> 75 e < 80,Média superior
Feminino 14-17 anos,F4_Atencao,33,> 75 e < 80,Média superior
Feminino 14-17 anos,F4_Atencao,33.4,80,Média superior
Feminino 14-17 anos,F4_Atencao,34,> 80 e < 85,Média superior
Feminino 14-17 anos,F4_Atencao,35,> 80 e < 85,Média superior
Feminino 14-17 anos,F4_Atencao,35.9,85,Superior
Feminino 14-17 anos,F4_Atencao,36,> 85 e < 90,Superior
Feminino 14-17 anos,F4_Atencao,37,> 85 e < 90,Superior
Feminino 14-17 anos,F4_Atencao,38,> 85 e < 90,Superior
Feminino 14-17 anos,F4_Atencao,38.2,90,Superior
Feminino 14-17 anos,F4_Atencao,39,> 90 e < 95,Superior
Feminino 14-17 anos,F4_Atencao,40,> 90 e < 95,Superior
Feminino 14-17 anos,F4_Atencao,41,> 90 e < 95,Superior
Feminino 14-17 anos,F4_Atencao,42,> 90 e < 95,Superior
Feminino 14-17 anos,F4_Atencao,43,> 90 e < 95,Superior
Feminino 14-17 anos,F4_Atencao,44,> 90 e < 95,Superior
Feminino 14-17 anos,F4_Atencao,45,> 90 e < 95,Superior
Feminino 14-17 anos,F4_Atencao,46,> 90 e < 95,Superior
Feminino 14-17 anos,F4_Atencao,47,> 90 e < 95,Superior
Feminino 14-17 anos,F4_Atencao,48,> 90 e < 95,Superior
Feminino 14-17 anos,F4_Atencao,49,> 90 e < 95,Superior
Feminino 14-17 anos,F4_Atencao,50,> 90 e < 95,Superior
Feminino 14-17 anos,F4_Atencao,51,> 90 e < 95,Superior
Feminino 14-17 anos,F4_Atencao,52,> 90 e < 95,Superior
Feminino 14-17 anos,F4_Atencao,53,> 90 e < 95,Superior
Feminino 14-17 anos,F4_Atencao,54,> 90 e < 95,Superior
Feminino 14-17 anos,F4_Atencao,55,> 90 e < 95,Superior
Feminino 14-17 anos,F4_Atencao,56,> 90 e < 95,Superior
Feminino 14-17 anos,F4_Atencao,57,> 90 e < 95,Superior
Feminino 14-17 anos,F4_Atencao,58,> 90 e < 95,Superior
Feminino 14-17 anos,F4_Atencao,59,> 90 e < 95,Superior
Feminino 14-17 anos,F4_Atencao,60,> 90 e < 95,Superior
Feminino 14-17 anos,F4_Atencao,61,> 90 e < 95,Superior
Feminino 14-17 anos,F4_Atencao,62,> 90 e < 95,Superior
Feminino 14-17 anos,F4_Atencao,63,> 90 e < 95,Superior
Feminino 14-17 anos,F4_Atencao,64,> 90 e < 95,Superior
Feminino 14-17 anos,F4_Atencao,65,> 90 e < 95,Superior
Feminino 14-17 anos,F4_Atencao,66,> 90 e < 95,Superior
Feminino 14-17 anos,F4_Atencao,67,> 90 e < 95,Superior
Feminino 14-17 anos,F4_Atencao,68,> 90 e < 95,Superior
Feminino 14-17 anos,F4_Atencao,69,> 90 e < 95,Superior
Feminino 14-17 anos,F4_Atencao,70,95,Superior
Feminino 14-17 anos,F4_Atencao,71,> 95 e < 99,Superior
Feminino 14-17 anos,F4_Atencao,72,> 95 e < 99,Superior
Feminino 14-17 anos,F4_Atencao,73,> 95 e < 99,Superior
Feminino 14-17 anos,F4_Atencao,74,> 95 e < 99,Superior
Feminino 14-17 anos,F4_Atencao,75,> 95 e < 99,Superior
Masculino 2-5 anos,EscoreGeral,55,< 1,Inferior
Masculino 2-5 anos,EscoreGeral,56,< 1,Inferior
Masculino 2-5 anos,EscoreGeral,57,< 1,Inferior
Masculino 2-5 anos,EscoreGeral,58,< 1,Inferior
Masculino 2-5 anos,EscoreGeral,59,< 1,Inferior
Masculino 2-5 anos,EscoreGeral,60,< 1,Inferior
Masculino 2-5 anos,EscoreGeral,61,< 1,Inferior
Masculino 2-5 anos,EscoreGeral,62,< 1,Inferior
Masculino 2-5 anos,EscoreGeral,63,< 1,Inferior
Masculino 2-5 anos,EscoreGeral,64,< 1,Inferior
Masculino 2-5 anos,EscoreGeral,65,< 1,Inferior
Masculino 2-5 anos,EscoreGeral,66,< 1,Inferior
Masculino 2-5 anos,EscoreGeral,67,< 1,Inferior
Masculino 2-5 anos,EscoreGeral,68,< 1,Inferior
Masculino 2-5 anos,EscoreGeral,69,< 1,Inferior
Masculino 2-5 anos,EscoreGeral,70,< 1,Inferior
Masculino 2-5 anos,EscoreGeral,71,< 1,Inferior
Masculino 2-5 anos,EscoreGeral,72,< 1,Inferior
Masculino 2-5 anos,EscoreGeral,73,< 1,Inferior
Masculino 2-5 anos,EscoreGeral,74,< 1,Inferior
Masculino 2-5 anos,EscoreGeral,75,< 1,Inferior
Masculino 2-5 anos,EscoreGeral,76,< 1,Inferior
Masculino 2-5 anos,EscoreGeral,77,< 1,Inferior
Masculino 2-5 anos,EscoreGeral,78,< 1,Inferior
Masculino 2-5 anos,EscoreGeral,79,< 1,Inferior
Masculino 2-5 anos,EscoreGeral,80,< 1,Inferior
Masculino 2-5 anos,EscoreGeral,81,< 1,Inferior
Masculino 2-5 anos,EscoreGeral,82,< 1,Inferior
Masculino 2-5 anos,EscoreGeral,83,< 1,Inferior
Masculino 2-5 anos,EscoreGeral,84,< 1,Inferior
Masculino 2-5 anos,EscoreGeral,85,< 1,Inferior
Masculino 2-5 anos,EscoreGeral,86,< 1,Inferior
Masculino 2-5 anos,EscoreGeral,87,< 1,Inferior
Masculino 2-5 anos,EscoreGeral,88,< 1,Inferior
Masculino 2-5 anos,EscoreGeral,89,< 1,Inferior
Masculino 2-5 anos,EscoreGeral,90,< 1,Inferior
Masculino 2-5 anos,EscoreGeral,91,< 1,Inferior
Masculino 2-5 anos,EscoreGeral,92,< 1,Inferior
Masculino 2-5 anos,EscoreGeral,93,< 1,Inferior
Masculino 2-5 anos,EscoreGeral,94,< 1,Inferior
Masculino 2-5 anos,EscoreGeral,95,< 1,Inferior
Masculino 2-5 anos,EscoreGeral,96,< 1,Inferior
Masculino 2-5 anos,EscoreGeral,97,< 1,Inferior
Masculino 2-5 anos,EscoreGeral,98,< 1,Inferior
Masculino 2-5 anos,EscoreGeral,99,< 1,Inferior
Masculino 2-5 anos,EscoreGeral,100,< 1,Inferior
Masculino 2-5 anos,EscoreGeral,101,< 1,Inferior
Masculino 2-5 anos,EscoreGeral,102,< 1,Inferior
Masculino 2-5 anos,EscoreGeral,103,< 1,Inferior
Masculino 2-5 anos,EscoreGeral,104,< 1,Inferior
Masculino 2-5 anos,EscoreGeral,105,< 1,Inferior
Masculino 2-5 anos,EscoreGeral,106,< 1,Inferior
Masculino 2-5 anos,EscoreGeral,107,< 1,Inferior
Masculino 2-5 anos,EscoreGeral,108,< 1,Inferior
Masculino 2-5 anos,EscoreGeral,109,< 1,Inferior
Masculino 2-5 anos,EscoreGeral,110,< 1,Inferior
Masculino 2-5 anos,EscoreGeral,111,< 1,Inferior
Masculino 2-5 anos,EscoreGeral,112,< 1,Inferior
Masculino 2-5 anos,EscoreGeral,113,< 1,Inferior
Masculino 2-5 anos,EscoreGeral,114,< 1,Inferior
Masculino 2-5 anos,EscoreGeral,115,1,Inferior
Masculino 2-5 anos,EscoreGeral,116,> 10 e < 15,Inferior
Masculino 2-5 anos,EscoreGeral,117,> 10 e < 15,Inferior
Masculino 2-5 anos,EscoreGeral,118,> 10 e < 15,Inferior
Masculino 2-5 anos,EscoreGeral,119,> 10 e < 15,Inferior
Masculino 2-5 anos,EscoreGeral,120,> 10 e < 15,Inferior
Masculino 2-5 anos,EscoreGeral,121,> 10 e < 15,Inferior
Masculino 2-5 anos,EscoreGeral,122,> 10 e < 15,Inferior
Masculino 2-5 anos,EscoreGeral,123,> 10 e < 15,Inferior
Masculino 2-5 anos,EscoreGeral,124,> 10 e < 15,Inferior
Masculino 2-5 anos,EscoreGeral,125,> 10 e < 15,Inferior
Masculino 2-5 anos,EscoreGeral,126,> 10 e < 15,Inferior
Masculino 2-5 anos,EscoreGeral,127,> 10 e < 15,Inferior
Masculino 2-5 anos,EscoreGeral,128,> 10 e < 15,Inferior
Masculino 2-5 anos,EscoreGeral,129,> 10 e < 15,Inferior
Masculino 2-5 anos,EscoreGeral,130,> 10 e < 15,Inferior
Masculino 2-5 anos,EscoreGeral,131,> 10 e < 15,Inferior
Masculino 2-5 anos,EscoreGeral,132,> 10 e < 15,Inferior
Masculino 2-5 anos,EscoreGeral,133,> 10 e < 15,Inferior
Masculino 2-5 anos,EscoreGeral,134,> 10 e < 15,Inferior
Masculino 2-5 anos,EscoreGeral,135,> 10 e < 15,Inferior
Masculino 2-5 anos,EscoreGeral,136,> 10 e < 15,Inferior
Masculino 2-5 anos,EscoreGeral,136.7,15,Inferior
Masculino 2-5 anos,EscoreGeral,137,> 15 e < 20,Inferior
Masculino 2-5 anos,EscoreGeral,138,> 15 e < 20,Inferior
Masculino 2-5 anos,EscoreGeral,139,> 15 e < 20,Inferior
Masculino 2-5 anos,EscoreGeral,140,> 15 e < 20,Inferior
Masculino 2-5 anos,EscoreGeral,141,> 15 e < 20,Inferior
Masculino 2-5 anos,EscoreGeral,142,> 15 e < 20,Inferior
Masculino 2-5 anos,EscoreGeral,143,> 15 e < 20,Inferior
Masculino 2-5 anos,EscoreGeral,144,> 15 e < 20,Inferior
Masculino 2-5 anos,EscoreGeral,145,> 15 e < 20,Inferior
Masculino 2-5 anos,EscoreGeral,146,> 15 e < 20,Inferior
Masculino 2-5 anos,EscoreGeral,147,> 15 e < 20,Inferior
Masculino 2-5 anos,EscoreGeral,148,> 15 e < 20,Inferior
Masculino 2-5 anos,EscoreGeral,149,> 15 e < 20,Inferior
Masculino 2-5 anos,EscoreGeral,150,> 15 e < 20,Inferior
Masculino 2-5 anos,EscoreGeral,151,> 15 e < 20,Inferior
Masculino 2-5 anos,EscoreGeral,151.4,20,Inferior
Masculino 2-5 anos,EscoreGeral,152,> 20 e < 25,Inferior
Masculino 2-5 anos,EscoreGeral,153,> 20 e < 25,Inferior
Masculino 2-5 anos,EscoreGeral,154,> 20 e < 25,Inferior
Masculino 2-5 anos,EscoreGeral,155,> 20 e < 25,Inferior
Masculino 2-5 anos,EscoreGeral,156,> 20 e < 25,Inferior
Masculino 2-5 anos,EscoreGeral,156.5,25,Média Inferior
Masculino 2-5 anos,EscoreGeral,157,> 25 e < 30,Média Inferior
Masculino 2-5 anos,EscoreGeral,158,> 25 e < 30,Média Inferior
Masculino 2-5 anos,EscoreGeral,159,> 25 e < 30,Média Inferior
Masculino 2-5 anos,EscoreGeral,159.2,30,Média Inferior
Masculino 2-5 anos,EscoreGeral,160,> 30 e < 35,Média Inferior
Masculino 2-5 anos,EscoreGeral,161,> 30 e < 35,Média Inferior
Masculino 2-5 anos,EscoreGeral,161.3,35,Média Inferior
Masculino 2-5 anos,EscoreGeral,162,> 35 e < 40,Média Inferior
Masculino 2-5 anos,EscoreGeral,162.6,40,Média Inferior
Masculino 2-5 anos,EscoreGeral,163,> 40 e < 45,Média Inferior
Masculino 2-5 anos,EscoreGeral,164,> 40 e < 45,Média Inferior
Masculino 2-5 anos,EscoreGeral,165,> 40 e < 45,Média Inferior
Masculino 2-5 anos,EscoreGeral,165.1,45,Média
Masculino 2-5 anos,EscoreGeral,166,50,Média
Masculino 2-5 anos,EscoreGeral,167,> 50 e < 55,Média
Masculino 2-5 anos,EscoreGeral,167.8,55,Média
Masculino 2-5 anos,EscoreGeral,168,60,Média
Masculino 2-5 anos,EscoreGeral,169,> 60 e < 65,Média
Masculino 2-5 anos,EscoreGeral,169.4,65,Média Superior
Masculino 2-5 anos,EscoreGeral,170,> 65 e < 70,Média Superior
Masculino 2-5 anos,EscoreGeral,171,> 65 e < 70,Média Superior
Masculino 2-5 anos,EscoreGeral,171.2,70,Média Superior
Masculino 2-5 anos,EscoreGeral,172,> 70 e < 75,Média Superior
Masculino 2-5 anos,EscoreGeral,173,> 70 e < 75,Média Superior
Masculino 2-5 anos,EscoreGeral,174,> 70 e < 75,Média Superior
Masculino 2-5 anos,EscoreGeral,174.5,75,Média superior
Masculino 2-5 anos,EscoreGeral,175,> 75 e < 80,Média superior
Masculino 2-5 anos,EscoreGeral,176,> 75 e < 80,Média superior
Masculino 2-5 anos,EscoreGeral,177,> 75 e < 80,Média superior
Masculino 2-5 anos,EscoreGeral,178,> 75 e < 80,Média superior
Masculino 2-5 anos,EscoreGeral,179,> 75 e < 80,Média superior
Masculino 2-5 anos,EscoreGeral,180,> 75 e < 80,Média superior
Masculino 2-5 anos,EscoreGeral,181,> 75 e < 80,Média superior
Masculino 2-5 anos,EscoreGeral,182,> 75 e < 80,Média superior
Masculino 2-5 anos,EscoreGeral,183,80,Média superior
Masculino 2-5 anos,EscoreGeral,184,> 80 e < 85,Média superior
Masculino 2-5 anos,EscoreGeral,185,> 80 e < 85,Média superior
Masculino 2-5 anos,EscoreGeral,186,> 80 e < 85,Média superior
Masculino 2-5 anos,EscoreGeral,187,> 80 e < 85,Média superior
Masculino 2-5 anos,EscoreGeral,188,> 80 e < 85,Média superior
Masculino 2-5 anos,EscoreGeral,189,> 80 e < 85,Média superior
Masculino 2-5 anos,EscoreGeral,190,> 80 e < 85,Média superior
Masculino 2-5 anos,EscoreGeral,191,> 80 e < 85,Média superior
Masculino 2-5 anos,EscoreGeral,192,> 80 e < 85,Média superior
Masculino 2-5 anos,EscoreGeral,193,> 80 e < 85,Média superior
Masculino 2-5 anos,EscoreGeral,194,> 80 e < 85,Média superior
Masculino 2-5 anos,EscoreGeral,195,> 80 e < 85,Média superior
Masculino 2-5 anos,EscoreGeral,196,> 80 e < 85,Média superior
Masculino 2-5 anos,EscoreGeral,196.5,85,Superior
Masculino 2-5 anos,EscoreGeral,197,> 85 e < 90,Superior
Masculino 2-5 anos,EscoreGeral,198,> 85 e < 90,Superior
Masculino 2-5 anos,EscoreGeral,199,> 85 e < 90,Superior
Masculino 2-5 anos,EscoreGeral,200,> 85 e < 90,Superior
Masculino 2-5 anos,EscoreGeral,201,> 85 e < 90,Superior
Masculino 2-5 anos,EscoreGeral,202,> 85 e < 90,Superior
Masculino 2-5 anos,EscoreGeral,203,> 85 e < 90,Superior
Masculino 2-5 anos,EscoreGeral,204,> 85 e < 90,Superior
Masculino 2-5 anos,EscoreGeral,205,> 85 e < 90,Superior
Masculino 2-5 anos,EscoreGeral,206,> 85 e < 90,Superior
Masculino 2-5 anos,EscoreGeral,207,> 85 e < 90,Superior
Masculino 2-5 anos,EscoreGeral,208,> 85 e < 90,Superior
Masculino 2-5 anos,EscoreGeral,209,> 85 e < 90,Superior
Masculino 2-5 anos,EscoreGeral,210,> 85 e < 90,Superior
Masculino 2-5 anos,EscoreGeral,211,> 85 e < 90,Superior
Masculino 2-5 anos,EscoreGeral,211.2,90,Superior
Masculino 2-5 anos,EscoreGeral,212,> 90 e < 95,Superior
Masculino 2-5 anos,EscoreGeral,213,> 90 e < 95,Superior
Masculino 2-5 anos,EscoreGeral,214,> 90 e < 95,Superior
Masculino 2-5 anos,EscoreGeral,215,> 90 e < 95,Superior
Masculino 2-5 anos,EscoreGeral,216,> 90 e < 95,Superior
Masculino 2-5 anos,EscoreGeral,217,> 90 e < 95,Superior
Masculino 2-5 anos,EscoreGeral,218,> 90 e < 95,Superior
Masculino 2-5 anos,EscoreGeral,219,> 90 e < 95,Superior
Masculino 2-5 anos,EscoreGeral,220,> 90 e < 95,Superior
Masculino 2-5 anos,EscoreGeral,221,> 90 e < 95,Superior
Masculino 2-5 anos,EscoreGeral,222,> 90 e < 95,Superior
Masculino 2-5 anos,EscoreGeral,223,> 90 e < 95,Superior
Masculino 2-5 anos,EscoreGeral,224,> 90 e < 95,Superior
Masculino 2-5 anos,EscoreGeral,225,> 90 e < 95,Superior
Masculino 2-5 anos,EscoreGeral,226,> 90 e < 95,Superior
Masculino 2-5 anos,EscoreGeral,227,> 90 e < 95,Superior
Masculino 2-5 anos,EscoreGeral,228,> 90 e < 95,Superior
Masculino 2-5 anos,EscoreGeral,229,> 90 e < 95,Superior
Masculino 2-5 anos,EscoreGeral,230,> 90 e < 95,Superior
Masculino 2-5 anos,EscoreGeral,231,> 90 e < 95,Superior
Masculino 2-5 anos,EscoreGeral,232,> 90 e < 95,Superior
Masculino 2-5 anos,EscoreGeral,233,> 90 e < 95,Superior
Masculino 2-5 anos,EscoreGeral,234,> 90 e < 95,Superior
Masculino 2-5 anos,EscoreGeral,235,> 90 e < 95,Superior
Masculino 2-5 anos,EscoreGeral,236,> 90 e < 95,Superior
Masculino 2-5 anos,EscoreGeral,237,> 90 e < 95,Superior
Masculino 2-5 anos,EscoreGeral,238,> 90 e < 95,Superior
Masculino 2-5 anos,EscoreGeral,239,> 90 e < 95,Superior
Masculino 2-5 anos,EscoreGeral,240,> 90 e < 95,Superior
Masculino 2-5 anos,EscoreGeral,241,> 90 e < 95,Superior
Masculino 2-5 anos,EscoreGeral,242,> 90 e < 95,Superior
Masculino 2-5 anos,EscoreGeral,243,95,Superior
Masculino 2-5 anos,EscoreGeral,244,> 95 e < 99,Superior
Masculino 2-5 anos,EscoreGeral,245,> 95 e < 99,Superior
Masculino 2-5 anos,EscoreGeral,246,> 95 e < 99,Superior
Masculino 2-5 anos,EscoreGeral,247,> 95 e < 99,Superior
Masculino 2-5 anos,EscoreGeral,248,> 95 e < 99,Superior
Masculino 2-5 anos,EscoreGeral,249,> 95 e < 99,Superior
Masculino 2-5 anos,EscoreGeral,250,> 95 e < 99,Superior
Masculino 2-5 anos,EscoreGeral,251,> 95 e < 99,Superior
Masculino 2-5 anos,EscoreGeral,252,> 95 e < 99,Superior
Masculino 2-5 anos,EscoreGeral,253,> 95 e < 99,Superior
Masculino 2-5 anos,EscoreGeral,254,> 95 e < 99,Superior
Masculino 2-5 anos,EscoreGeral,255,> 95 e < 99,Superior
Masculino 2-5 anos,EscoreGeral,256,> 95 e < 99,Superior
Masculino 2-5 anos,EscoreGeral,257,> 95 e < 99,Superior
Masculino 2-5 anos,EscoreGeral,258,> 95 e < 99,Superior
Masculino 2-5 anos,EscoreGeral,259,> 95 e < 99,Superior
Masculino 2-5 anos,EscoreGeral,260,> 95 e < 99,Superior
Masculino 2-5 anos,EscoreGeral,261,> 95 e < 99,Superior
Masculino 2-5 anos,EscoreGeral,262,> 95 e < 99,Superior
Masculino 2-5 anos,EscoreGeral,263,> 95 e < 99,Superior
Masculino 2-5 anos,EscoreGeral,264,> 95 e < 99,Superior
Masculino 2-5 anos,EscoreGeral,265,> 95 e < 99,Superior
Masculino 2-5 anos,EscoreGeral,266,> 95 e < 99,Superior
Masculino 2-5 anos,EscoreGeral,267,> 95 e < 99,Superior
Masculino 2-5 anos,EscoreGeral,268,> 95 e < 99,Superior
Masculino 2-5 anos,EscoreGeral,269,> 95 e < 99,Superior
Masculino 2-5 anos,EscoreGeral,270,> 95 e < 99,Superior
Masculino 2-5 anos,EscoreGeral,271,> 95 e < 99,Superior
Masculino 2-5 anos,EscoreGeral,272,> 95 e < 99,Superior
Masculino 2-5 anos,EscoreGeral,273,> 95 e < 99,Superior
Masculino 2-5 anos,EscoreGeral,274,> 95 e < 99,Superior
Masculino 2-5 anos,EscoreGeral,275,> 95 e < 99,Superior
Masculino 2-5 anos,EscoreGeral,276,> 95 e < 99,Superior
Masculino 2-5 anos,EscoreGeral,277,> 95 e < 99,Superior
Masculino 2-5 anos,EscoreGeral,278,> 95 e < 99,Superior
Masculino 2-5 anos,EscoreGeral,279,> 95 e < 99,Superior
Masculino 2-5 anos,EscoreGeral,280,> 95 e < 99,Superior
Masculino 2-5 anos,EscoreGeral,281,> 95 e < 99,Superior
Masculino 2-5 anos,EscoreGeral,282,> 95 e < 99,Superior
Masculino 2-5 anos,EscoreGeral,283,> 95 e < 99,Superior
Masculino 2-5 anos,EscoreGeral,284,> 95 e < 99,Superior
Masculino 2-5 anos,EscoreGeral,285,> 95 e < 99,Superior
Masculino 2-5 anos,EscoreGeral,286,> 95 e < 99,Superior
Masculino 2-5 anos,EscoreGeral,287,> 95 e < 99,Superior
Masculino 2-5 anos,EscoreGeral,288,> 95 e < 99,Superior
Masculino 2-5 anos,EscoreGeral,289,> 95 e < 99,Superior
Masculino 2-5 anos,EscoreGeral,290,> 95 e < 99,Superior
Masculino 2-5 anos,EscoreGeral,291,> 95 e < 99,Superior
Masculino 2-5 anos,EscoreGeral,292,> 95 e < 99,Superior
Masculino 2-5 anos,EscoreGeral,293,> 95 e < 99,Superior
Masculino 2-5 anos,EscoreGeral,294,> 95 e < 99,Superior
Masculino 2-5 anos,EscoreGeral,295,> 95 e < 99,Superior
Masculino 2-5 anos,EscoreGeral,296,> 95 e < 99,Superior
Masculino 2-5 anos,EscoreGeral,297,> 95 e < 99,Superior
Masculino 2-5 anos,EscoreGeral,298,> 95 e < 99,Superior
Masculino 2-5 anos,EscoreGeral,299,> 95 e < 99,Superior
Masculino 2-5 anos,EscoreGeral,300,> 95 e < 99,Superior
Masculino 2-5 anos,EscoreGeral,301,> 95 e < 99,Superior
Masculino 2-5 anos,EscoreGeral,302,> 95 e < 99,Superior
Masculino 2-5 anos,EscoreGeral,303,> 95 e < 99,Superior
Masculino 2-5 anos,EscoreGeral,304,> 95 e < 99,Superior
Masculino 2-5 anos,EscoreGeral,305,> 95 e < 99,Superior
Masculino 2-5 anos,EscoreGeral,306,> 95 e < 99,Superior
Masculino 2-5 anos,EscoreGeral,307,> 95 e < 99,Superior
Masculino 2-5 anos,EscoreGeral,308,> 95 e < 99,Superior
Masculino 2-5 anos,EscoreGeral,309,> 95 e < 99,Superior
Masculino 2-5 anos,EscoreGeral,310,> 95 e < 99,Superior
Masculino 2-5 anos,EscoreGeral,311,> 95 e < 99,Superior
Masculino 2-5 anos,EscoreGeral,312,> 95 e < 99,Superior
Masculino 2-5 anos,EscoreGeral,313,> 95 e < 99,Superior
Masculino 2-5 anos,EscoreGeral,314,> 95 e < 99,Superior
Masculino 2-5 anos,EscoreGeral,315,> 95 e < 99,Superior
Masculino 2-5 anos,EscoreGeral,316,> 95 e < 99,Superior
Masculino 2-5 anos,EscoreGeral,317,> 95 e < 99,Superior
Masculino 2-5 anos,EscoreGeral,318,> 95 e < 99,Superior
Masculino 2-5 anos,EscoreGeral,319,> 95 e < 99,Superior
Masculino 2-5 anos,EscoreGeral,320,> 95 e < 99,Superior
Masculino 2-5 anos,EscoreGeral,321,> 95 e < 99,Superior
Masculino 2-5 anos,EscoreGeral,322,> 95 e < 99,Superior
Masculino 2-5 anos,EscoreGeral,323,> 95 e < 99,Superior
Masculino 2-5 anos,EscoreGeral,324,> 95 e < 99,Superior
Masculino 2-5 anos,EscoreGeral,325,> 95 e < 99,Superior
Masculino 2-5 anos,EscoreGeral,326,> 95 e < 99,Superior
Masculino 2-5 anos,EscoreGeral,327,> 95 e < 99,Superior
Masculino 2-5 anos,EscoreGeral,328,> 95 e < 99,Superior
Masculino 2-5 anos,EscoreGeral,329,> 95 e < 99,Superior
Masculino 2-5 anos,EscoreGeral,330,> 95 e < 99,Superior
Masculino 2-5 anos,EscoreGeral,331,> 95 e < 99,Superior
Masculino 2-5 anos,EscoreGeral,332,> 95 e < 99,Superior
Masculino 2-5 anos,EscoreGeral,333,> 95 e < 99,Superior
Masculino 2-5 anos,EscoreGeral,334,> 95 e < 99,Superior
Masculino 2-5 anos,EscoreGeral,335,> 95 e < 99,Superior
Masculino 2-5 anos,EscoreGeral,336,> 95 e < 99,Superior
Masculino 2-5 anos,EscoreGeral,337,> 95 e < 99,Superior
Masculino 2-5 anos,EscoreGeral,338,> 95 e < 99,Superior
Masculino 2-5 anos,EscoreGeral,339,> 95 e < 99,Superior
Masculino 2-5 anos,EscoreGeral,340,99,Superior
Masculino 2-5 anos,EscoreGeral,341,> 99,Superior
Masculino 2-5 anos,EscoreGeral,342,> 99,Superior
Masculino 2-5 anos,EscoreGeral,343,> 99,Superior
Masculino 2-5 anos,EscoreGeral,344,> 99,Superior
Masculino 2-5 anos,EscoreGeral,345,> 99,Superior
Masculino 2-5 anos,EscoreGeral,346,> 99,Superior
Masculino 2-5 anos,EscoreGeral,347,> 99,Superior
Masculino 2-5 anos,EscoreGeral,348,> 99,Superior
Masculino 2-5 anos,F1_RegulacaoEmocional,1,< 1,Inferior
Masculino 2-5 anos,F1_RegulacaoEmocional,2,< 1,Inferior
Masculino 2-5 anos,F1_RegulacaoEmocional,3,< 1,Inferior
Masculino 2-5 anos,F1_RegulacaoEmocional,4,< 1,Inferior
Masculino 2-5 anos,F1_RegulacaoEmocional,5,< 1,Inferior
Masculino 2-5 anos,F1_RegulacaoEmocional,6,< 1,Inferior
Masculino 2-5 anos,F1_RegulacaoEmocional,7,< 1,Inferior
Masculino 2-5 anos,F1_RegulacaoEmocional,8,< 1,Inferior
Masculino 2-5 anos,F1_RegulacaoEmocional,9,< 1,Inferior
Masculino 2-5 anos,F1_RegulacaoEmocional,10,< 1,Inferior
Masculino 2-5 anos,F1_RegulacaoEmocional,11,< 1,Inferior
Masculino 2-5 anos,F1_RegulacaoEmocional,12,< 1,Inferior
Masculino 2-5 anos,F1_RegulacaoEmocional,13,< 1,Inferior
Masculino 2-5 anos,F1_RegulacaoEmocional,14,< 1,Inferior
Masculino 2-5 anos,F1_RegulacaoEmocional,15,< 1,Inferior
Masculino 2-5 anos,F1_RegulacaoEmocional,16,< 1,Inferior
Masculino 2-5 anos,F1_RegulacaoEmocional,17,< 1,Inferior
Masculino 2-5 anos,F1_RegulacaoEmocional,18,< 1,Inferior
Masculino 2-5 anos,F1_RegulacaoEmocional,19,< 1,Inferior
Masculino 2-5 anos,F1_RegulacaoEmocional,20,< 1,Inferior
Masculino 2-5 anos,F1_RegulacaoEmocional,21,< 1,Inferior
Masculino 2-5 anos,F1_RegulacaoEmocional,22,< 1,Inferior
Masculino 2-5 anos,F1_RegulacaoEmocional,23,< 1,Inferior
Masculino 2-5 anos,F1_RegulacaoEmocional,24,< 1,Inferior
Masculino 2-5 anos,F1_RegulacaoEmocional,25,< 1,Inferior
Masculino 2-5 anos,F1_RegulacaoEmocional,26,< 1,Inferior
Masculino 2-5 anos,F1_RegulacaoEmocional,27,< 1,Inferior
Masculino 2-5 anos,F1_RegulacaoEmocional,28,< 1,Inferior
Masculino 2-5 anos,F1_RegulacaoEmocional,29,< 1,Inferior
Masculino 2-5 anos,F1_RegulacaoEmocional,30,1,Inferior
Masculino 2-5 anos,F1_RegulacaoEmocional,30.8,10,Inferior
Masculino 2-5 anos,F1_RegulacaoEmocional,31,15,Inferior
Masculino 2-5 anos,F1_RegulacaoEmocional,32,> 15 e < 20,Inferior
Masculino 2-5 anos,F1_RegulacaoEmocional,33,> 15 e < 20,Inferior
Masculino 2-5 anos,F1_RegulacaoEmocional,33.4,20,Inferior
Masculino 2-5 anos,F1_RegulacaoEmocional,34,> 20 e < 25,Inferior
Masculino 2-5 anos,F1_RegulacaoEmocional,35,> 20 e < 25,Inferior
Masculino 2-5 anos,F1_RegulacaoEmocional,36,> 20 e < 25,Inferior
Masculino 2-5 anos,F1_RegulacaoEmocional,37,25,Média Inferior
Masculino 2-5 anos,F1_RegulacaoEmocional,38,> 25 e < 30,Média Inferior
Masculino 2-5 anos,F1_RegulacaoEmocional,39,30,Média Inferior
Masculino 2-5 anos,F1_RegulacaoEmocional,39.3,35,Média Inferior
Masculino 2-5 anos,F1_RegulacaoEmocional,40,40,Média Inferior
Masculino 2-5 anos,F1_RegulacaoEmocional,40.3,45,Média
Masculino 2-5 anos,F1_RegulacaoEmocional,41,> 45 e < 50,Média
Masculino 2-5 anos,F1_RegulacaoEmocional,42,> 45 e < 50,Média
Masculino 2-5 anos,F1_RegulacaoEmocional,43,50,Média
Masculino 2-5 anos,F1_RegulacaoEmocional,44,> 50 e < 55,Média
Masculino 2-5 anos,F1_RegulacaoEmocional,45,> 50 e < 55,Média
Masculino 2-5 anos,F1_RegulacaoEmocional,46,> 50 e < 55,Média
Masculino 2-5 anos,F1_RegulacaoEmocional,46.6,55,Média
Masculino 2-5 anos,F1_RegulacaoEmocional,47,60,Média
Masculino 2-5 anos,F1_RegulacaoEmocional,48,> 60 e < 65,Média
Masculino 2-5 anos,F1_RegulacaoEmocional,48.4,65,Média Superior
Masculino 2-5 anos,F1_RegulacaoEmocional,49,> 65 e < 70,Média Superior
Masculino 2-5 anos,F1_RegulacaoEmocional,49.6,70,Média Superior
Masculino 2-5 anos,F1_RegulacaoEmocional,50,> 70 e < 75,Média Superior
Masculino 2-5 anos,F1_RegulacaoEmocional,50.5,75,Média superior
Masculino 2-5 anos,F1_RegulacaoEmocional,51,> 75 e < 80,Média superior
Masculino 2-5 anos,F1_RegulacaoEmocional,52,> 75 e < 80,Média superior
Masculino 2-5 anos,F1_RegulacaoEmocional,52.6,80,Média superior
Masculino 2-5 anos,F1_RegulacaoEmocional,53,> 80 e < 85,Média superior
Masculino 2-5 anos,F1_RegulacaoEmocional,54,> 80 e < 85,Média superior
Masculino 2-5 anos,F1_RegulacaoEmocional,55,> 80 e < 85,Média superior
Masculino 2-5 anos,F1_RegulacaoEmocional,55.6,85,Superior
Masculino 2-5 anos,F1_RegulacaoEmocional,56,> 85 e < 90,Superior
Masculino 2-5 anos,F1_RegulacaoEmocional,57,> 85 e < 90,Superior
Masculino 2-5 anos,F1_RegulacaoEmocional,57.2,90,Superior
Masculino 2-5 anos,F1_RegulacaoEmocional,58,> 90 e < 95,Superior
Masculino 2-5 anos,F1_RegulacaoEmocional,59,> 90 e < 95,Superior
Masculino 2-5 anos,F1_RegulacaoEmocional,60,> 90 e < 95,Superior
Masculino 2-5 anos,F1_RegulacaoEmocional,61,> 90 e < 95,Superior
Masculino 2-5 anos,F1_RegulacaoEmocional,62,> 90 e < 95,Superior
Masculino 2-5 anos,F1_RegulacaoEmocional,63,> 90 e < 95,Superior
Masculino 2-5 anos,F1_RegulacaoEmocional,64,> 90 e < 95,Superior
Masculino 2-5 anos,F1_RegulacaoEmocional,65,> 90 e < 95,Superior
Masculino 2-5 anos,F1_RegulacaoEmocional,66,> 90 e < 95,Superior
Masculino 2-5 anos,F1_RegulacaoEmocional,67,> 90 e < 95,Superior
Masculino 2-5 anos,F1_RegulacaoEmocional,68,> 90 e < 95,Superior
Masculino 2-5 anos,F1_RegulacaoEmocional,69,> 90 e < 95,Superior
Masculino 2-5 anos,F1_RegulacaoEmocional,70,> 90 e < 95,Superior
Masculino 2-5 anos,F1_RegulacaoEmocional,71,> 90 e < 95,Superior
Masculino 2-5 anos,F1_RegulacaoEmocional,72,> 90 e < 95,Superior
Masculino 2-5 anos,F1_RegulacaoEmocional,73,> 90 e < 95,Superior
Masculino 2-5 anos,F1_RegulacaoEmocional,74,> 90 e < 95,Superior
Masculino 2-5 anos,F1_RegulacaoEmocional,75,> 90 e < 95,Superior
Masculino 2-5 anos,F1_RegulacaoEmocional,76,> 90 e < 95,Superior
Masculino 2-5 anos,F1_RegulacaoEmocional,77,> 90 e < 95,Superior
Masculino 2-5 anos,F1_RegulacaoEmocional,78,> 90 e < 95,Superior
Masculino 2-5 anos,F1_RegulacaoEmocional,79,> 90 e < 95,Superior
Masculino 2-5 anos,F1_RegulacaoEmocional,80,> 90 e < 95,Superior
Masculino 2-5 anos,F1_RegulacaoEmocional,81,> 90 e < 95,Superior
Masculino 2-5 anos,F1_RegulacaoEmocional,82,> 90 e < 95,Superior
Masculino 2-5 anos,F1_RegulacaoEmocional,83,> 90 e < 95,Superior
Masculino 2-5 anos,F1_RegulacaoEmocional,84,> 90 e < 95,Superior
Masculino 2-5 anos,F1_RegulacaoEmocional,85,> 90 e < 95,Superior
Masculino 2-5 anos,F1_RegulacaoEmocional,86,> 90 e < 95,Superior
Masculino 2-5 anos,F1_RegulacaoEmocional,87,> 90 e < 95,Superior
Masculino 2-5 anos,F1_RegulacaoEmocional,88,> 90 e < 95,Superior
Masculino 2-5 anos,F1_RegulacaoEmocional,89,95,Superior
Masculino 2-5 anos,F1_RegulacaoEmocional,90,> 95 e < 99,Superior
Masculino 2-5 anos,F1_RegulacaoEmocional,91,> 95 e < 99,Superior
Masculino 2-5 anos,F1_RegulacaoEmocional,92,> 95 e < 99,Superior
Masculino 2-5 anos,F1_RegulacaoEmocional,93,> 95 e < 99,Superior
Masculino 2-5 anos,F1_RegulacaoEmocional,94,> 95 e < 99,Superior
Masculino 2-5 anos,F1_RegulacaoEmocional,95,> 95 e < 99,Superior
Masculino 2-5 anos,F1_RegulacaoEmocional,96,> 95 e < 99,Superior
Masculino 2-5 anos,F1_RegulacaoEmocional,97,> 95 e < 99,Superior
Masculino 2-5 anos,F1_RegulacaoEmocional,98,> 95 e < 99,Superior
Masculino 2-5 anos,F1_RegulacaoEmocional,99,> 95 e < 99,Superior
Masculino 2-5 anos,F1_RegulacaoEmocional,100,> 95 e < 99,Superior
Masculino 2-5 anos,F1_RegulacaoEmocional,101,> 95 e < 99,Superior
Masculino 2-5 anos,F1_RegulacaoEmocional,102,> 95 e < 99,Superior
Masculino 2-5 anos,F1_RegulacaoEmocional,103,> 95 e < 99,Superior
Masculino 2-5 anos,F1_RegulacaoEmocional,104,> 95 e < 99,Superior
Masculino 2-5 anos,F1_RegulacaoEmocional,105,> 95 e < 99,Superior
Masculino 2-5 anos,F1_RegulacaoEmocional,106,> 95 e < 99,Superior
Masculino 2-5 anos,F1_RegulacaoEmocional,107,> 95 e < 99,Superior
Masculino 2-5 anos,F1_RegulacaoEmocional,108,> 95 e < 99,Superior
Masculino 2-5 anos,F1_RegulacaoEmocional,109,> 95 e < 99,Superior
Masculino 2-5 anos,F1_RegulacaoEmocional,110,> 95 e < 99,Superior
Masculino 2-5 anos,F1_RegulacaoEmocional,111,> 95 e < 99,Superior
Masculino 2-5 anos,F1_RegulacaoEmocional,112,> 95 e < 99,Superior
Masculino 2-5 anos,F1_RegulacaoEmocional,113,> 95 e < 99,Superior
Masculino 2-5 anos,F1_RegulacaoEmocional,114,> 95 e < 99,Superior
Masculino 2-5 anos,F1_RegulacaoEmocional,115,> 95 e < 99,Superior
Masculino 2-5 anos,F1_RegulacaoEmocional,116,> 95 e < 99,Superior
Masculino 2-5 anos,F1_RegulacaoEmocional,117,> 95 e < 99,Superior
Masculino 2-5 anos,F1_RegulacaoEmocional,118,> 95 e < 99,Superior
Masculino 2-5 anos,F1_RegulacaoEmocional,119,> 95 e < 99,Superior
Masculino 2-5 anos,F1_RegulacaoEmocional,120,> 95 e < 99,Superior
Masculino 2-5 anos,F2_HiperatividadeImpulsividade,1,< 1,Inferior
Masculino 2-5 anos,F2_HiperatividadeImpulsividade,2,< 1,Inferior
Masculino 2-5 anos,F2_HiperatividadeImpulsividade,3,< 1,Inferior
Masculino 2-5 anos,F2_HiperatividadeImpulsividade,4,< 1,Inferior
Masculino 2-5 anos,F2_HiperatividadeImpulsividade,5,< 1,Inferior
Masculino 2-5 anos,F2_HiperatividadeImpulsividade,6,< 1,Inferior
Masculino 2-5 anos,F2_HiperatividadeImpulsividade,7,< 1,Inferior
Masculino 2-5 anos,F2_HiperatividadeImpulsividade,8,< 1,Inferior
Masculino 2-5 anos,F2_HiperatividadeImpulsividade,9,< 1,Inferior
Masculino 2-5 anos,F2_HiperatividadeImpulsividade,10,< 1,Inferior
Masculino 2-5 anos,F2_HiperatividadeImpulsividade,11,< 1,Inferior
Masculino 2-5 anos,F2_HiperatividadeImpulsividade,12,< 1,Inferior
Masculino 2-5 anos,F2_HiperatividadeImpulsividade,13,< 1,Inferior
Masculino 2-5 anos,F2_HiperatividadeImpulsividade,14,< 1,Inferior
Masculino 2-5 anos,F2_HiperatividadeImpulsividade,15,< 1,Inferior
Masculino 2-5 anos,F2_HiperatividadeImpulsividade,16,< 1,Inferior
Masculino 2-5 anos,F2_HiperatividadeImpulsividade,17,< 1,Inferior
Masculino 2-5 anos,F2_HiperatividadeImpulsividade,18,< 1,Inferior
Masculino 2-5 anos,F2_HiperatividadeImpulsividade,19,< 1,Inferior
Masculino 2-5 anos,F2_HiperatividadeImpulsividade,20,< 1,Inferior
Masculino 2-5 anos,F2_HiperatividadeImpulsividade,21,< 1,Inferior
Masculino 2-5 anos,F2_HiperatividadeImpulsividade,22,< 1,Inferior
Masculino 2-5 anos,F2_HiperatividadeImpulsividade,23,1,Inferior
Masculino 2-5 anos,F2_HiperatividadeImpulsividade,24,> 5 e < 10,Inferior
Masculino 2-5 anos,F2_HiperatividadeImpulsividade,24.6,10,Inferior
Masculino 2-5 anos,F2_HiperatividadeImpulsividade,25,15,Inferior
Masculino 2-5 anos,F2_HiperatividadeImpulsividade,25.6,20,Inferior
Masculino 2-5 anos,F2_HiperatividadeImpulsividade,26,25,Média Inferior
Masculino 2-5 anos,F2_HiperatividadeImpulsividade,27,> 25 e < 30,Média Inferior
Masculino 2-5 anos,F2_HiperatividadeImpulsividade,28,30,Média Inferior
Masculino 2-5 anos,F2_HiperatividadeImpulsividade,29,> 30 e < 35,Média Inferior
Masculino 2-5 anos,F2_HiperatividadeImpulsividade,30,> 30 e < 35,Média Inferior
Masculino 2-5 anos,F2_HiperatividadeImpulsividade,31,> 30 e < 35,Média Inferior
Masculino 2-5 anos,F2_HiperatividadeImpulsividade,32,> 30 e < 35,Média Inferior
Masculino 2-5 anos,F2_HiperatividadeImpulsividade,32.5,35,Média Inferior
Masculino 2-5 anos,F2_HiperatividadeImpulsividade,33,> 35 e < 40,Média Inferior
Masculino 2-5 anos,F2_HiperatividadeImpulsividade,34,> 35 e < 40,Média Inferior
Masculino 2-5 anos,F2_HiperatividadeImpulsividade,35,> 35 e < 40,Média Inferior
Masculino 2-5 anos,F2_HiperatividadeImpulsividade,36,> 35 e < 40,Média Inferior
Masculino 2-5 anos,F2_HiperatividadeImpulsividade,36.6,40,Média Inferior
Masculino 2-5 anos,F2_HiperatividadeImpulsividade,37,> 40 e < 45,Média Inferior
Masculino 2-5 anos,F2_HiperatividadeImpulsividade,38,> 40 e < 45,Média Inferior
Masculino 2-5 anos,F2_HiperatividadeImpulsividade,39,> 40 e < 45,Média Inferior
Masculino 2-5 anos,F2_HiperatividadeImpulsividade,39.1,45,Média
Masculino 2-5 anos,F2_HiperatividadeImpulsividade,40,50,Média
Masculino 2-5 anos,F2_HiperatividadeImpulsividade,40.9,55,Média
Masculino 2-5 anos,F2_HiperatividadeImpulsividade,41,> 55 e < 60,Média
Masculino 2-5 anos,F2_HiperatividadeImpulsividade,42,> 55 e < 60,Média
Masculino 2-5 anos,F2_HiperatividadeImpulsividade,43,> 55 e < 60,Média
Masculino 2-5 anos,F2_HiperatividadeImpulsividade,44,> 55 e < 60,Média
Masculino 2-5 anos,F2_HiperatividadeImpulsividade,45,60,Média
Masculino 2-5 anos,F2_HiperatividadeImpulsividade,46,> 60 e < 65,Média
Masculino 2-5 anos,F2_HiperatividadeImpulsividade,46.7,65,Média Superior
Masculino 2-5 anos,F2_HiperatividadeImpulsividade,47,> 65 e < 70,Média Superior
Masculino 2-5 anos,F2_HiperatividadeImpulsividade,47.6,70,Média Superior
Masculino 2-5 anos,F2_HiperatividadeImpulsividade,48,> 70 e < 75,Média Superior
Masculino 2-5 anos,F2_HiperatividadeImpulsividade,49,> 70 e < 75,Média Superior
Masculino 2-5 anos,F2_HiperatividadeImpulsividade,50,75,Média superior
Masculino 2-5 anos,F2_HiperatividadeImpulsividade,51,> 75 e < 80,Média superior
Masculino 2-5 anos,F2_HiperatividadeImpulsividade,52,> 75 e < 80,Média superior
Masculino 2-5 anos,F2_HiperatividadeImpulsividade,52.8,80,Média superior
Masculino 2-5 anos,F2_HiperatividadeImpulsividade,53,> 80 e < 85,Média superior
Masculino 2-5 anos,F2_HiperatividadeImpulsividade,54,> 80 e < 85,Média superior
Masculino 2-5 anos,F2_HiperatividadeImpulsividade,54.6,85,Superior
Masculino 2-5 anos,F2_HiperatividadeImpulsividade,55,> 85 e < 90,Superior
Masculino 2-5 anos,F2_HiperatividadeImpulsividade,56,> 85 e < 90,Superior
Masculino 2-5 anos,F2_HiperatividadeImpulsividade,57,> 85 e < 90,Superior
Masculino 2-5 anos,F2_HiperatividadeImpulsividade,58,> 85 e < 90,Superior
Masculino 2-5 anos,F2_HiperatividadeImpulsividade,58.6,90,Superior
Masculino 2-5 anos,F2_HiperatividadeImpulsividade,59,> 90 e < 95,Superior
Masculino 2-5 anos,F2_HiperatividadeImpulsividade,60,> 90 e < 95,Superior
Masculino 2-5 anos,F2_HiperatividadeImpulsividade,61,> 90 e < 95,Superior
Masculino 2-5 anos,F2_HiperatividadeImpulsividade,62,> 90 e < 95,Superior
Masculino 2-5 anos,F2_HiperatividadeImpulsividade,63,> 90 e < 95,Superior
Masculino 2-5 anos,F2_HiperatividadeImpulsividade,64,> 90 e < 95,Superior
Masculino 2-5 anos,F2_HiperatividadeImpulsividade,65,> 90 e < 95,Superior
Masculino 2-5 anos,F2_HiperatividadeImpulsividade,66,> 90 e < 95,Superior
Masculino 2-5 anos,F2_HiperatividadeImpulsividade,67,> 90 e < 95,Superior
Masculino 2-5 anos,F2_HiperatividadeImpulsividade,68,> 90 e < 95,Superior
Masculino 2-5 anos,F2_HiperatividadeImpulsividade,69,> 90 e < 95,Superior
Masculino 2-5 anos,F2_HiperatividadeImpulsividade,70,> 90 e < 95,Superior
Masculino 2-5 anos,F2_HiperatividadeImpulsividade,71,> 90 e < 95,Superior
Masculino 2-5 anos,F2_HiperatividadeImpulsividade,72,> 90 e < 95,Superior
Masculino 2-5 anos,F2_HiperatividadeImpulsividade,73,> 90 e < 95,Superior
Masculino 2-5 anos,F2_HiperatividadeImpulsividade,74,> 90 e < 95,Superior
Masculino 2-5 anos,F2_HiperatividadeImpulsividade,75,> 90 e < 95,Superior
Masculino 2-5 anos,F2_HiperatividadeImpulsividade,76,> 90 e < 95,Superior
Masculino 2-5 anos,F2_HiperatividadeImpulsividade,77,> 90 e < 95,Superior
Masculino 2-5 anos,F2_HiperatividadeImpulsividade,78,> 90 e < 95,Superior
Masculino 2-5 anos,F2_HiperatividadeImpulsividade,79,> 90 e < 95,Superior
Masculino 2-5 anos,F2_HiperatividadeImpulsividade,80,> 90 e < 95,Superior
Masculino 2-5 anos,F3_ComportamentoAdaptativo,1,< 1,Inferior
Masculino 2-5 anos,F3_ComportamentoAdaptativo,2,< 1,Inferior
Masculino 2-5 anos,F3_ComportamentoAdaptativo,3,< 1,Inferior
Masculino 2-5 anos,F3_ComportamentoAdaptativo,4,< 1,Inferior
Masculino 2-5 anos,F3_ComportamentoAdaptativo,5,< 1,Inferior
Masculino 2-5 anos,F3_ComportamentoAdaptativo,6,< 1,Inferior
Masculino 2-5 anos,F3_ComportamentoAdaptativo,7,< 1,Inferior
Masculino 2-5 anos,F3_ComportamentoAdaptativo,8,< 1,Inferior
Masculino 2-5 anos,F3_ComportamentoAdaptativo,9,< 1,Inferior
Masculino 2-5 anos,F3_ComportamentoAdaptativo,10,< 1,Inferior
Masculino 2-5 anos,F3_ComportamentoAdaptativo,11,< 1,Inferior
Masculino 2-5 anos,F3_ComportamentoAdaptativo,12,< 1,Inferior
Masculino 2-5 anos,F3_ComportamentoAdaptativo,13,< 1,Inferior
Masculino 2-5 anos,F3_ComportamentoAdaptativo,14,< 1,Inferior
Masculino 2-5 anos,F3_ComportamentoAdaptativo,15,< 1,Inferior
Masculino 2-5 anos,F3_ComportamentoAdaptativo,16,< 1,Inferior
Masculino 2-5 anos,F3_ComportamentoAdaptativo,17,< 1,Inferior
Masculino 2-5 anos,F3_ComportamentoAdaptativo,18,< 1,Inferior
Masculino 2-5 anos,F3_ComportamentoAdaptativo,19,< 1,Inferior
Masculino 2-5 anos,F3_ComportamentoAdaptativo,20,< 1,Inferior
Masculino 2-5 anos,F3_ComportamentoAdaptativo,21,< 1,Inferior
Masculino 2-5 anos,F3_ComportamentoAdaptativo,22,< 1,Inferior
Masculino 2-5 anos,F3_ComportamentoAdaptativo,23,< 1,Inferior
Masculino 2-5 anos,F3_ComportamentoAdaptativo,24,< 1,Inferior
Masculino 2-5 anos,F3_ComportamentoAdaptativo,25,< 1,Inferior
Masculino 2-5 anos,F3_ComportamentoAdaptativo,26,< 1,Inferior
Masculino 2-5 anos,F3_ComportamentoAdaptativo,27,< 1,Inferior
Masculino 2-5 anos,F3_ComportamentoAdaptativo,28,< 1,Inferior
Masculino 2-5 anos,F3_ComportamentoAdaptativo,29,< 1,Inferior
Masculino 2-5 anos,F3_ComportamentoAdaptativo,30,< 1,Inferior
Masculino 2-5 anos,F3_ComportamentoAdaptativo,31,< 1,Inferior
Masculino 2-5 anos,F3_ComportamentoAdaptativo,32,< 1,Inferior
Masculino 2-5 anos,F3_ComportamentoAdaptativo,33,< 1,Inferior
Masculino 2-5 anos,F3_ComportamentoAdaptativo,34,< 1,Inferior
Masculino 2-5 anos,F3_ComportamentoAdaptativo,35,< 1,Inferior
Masculino 2-5 anos,F3_ComportamentoAdaptativo,36,< 1,Inferior
Masculino 2-5 anos,F3_ComportamentoAdaptativo,37,< 1,Inferior
Masculino 2-5 anos,F3_ComportamentoAdaptativo,38,1,Inferior
Masculino 2-5 anos,F3_ComportamentoAdaptativo,39,> 10 e < 15,Inferior
Masculino 2-5 anos,F3_ComportamentoAdaptativo,40,> 10 e < 15,Inferior
Masculino 2-5 anos,F3_ComportamentoAdaptativo,41,> 10 e < 15,Inferior
Masculino 2-5 anos,F3_ComportamentoAdaptativo,42,> 10 e < 15,Inferior
Masculino 2-5 anos,F3_ComportamentoAdaptativo,43,> 10 e < 15,Inferior
Masculino 2-5 anos,F3_ComportamentoAdaptativo,44,> 10 e < 15,Inferior
Masculino 2-5 anos,F3_ComportamentoAdaptativo,44.3,15,Inferior
Masculino 2-5 anos,F3_ComportamentoAdaptativo,45,> 15 e < 20,Inferior
Masculino 2-5 anos,F3_ComportamentoAdaptativo,46,> 15 e < 20,Inferior
Masculino 2-5 anos,F3_ComportamentoAdaptativo,47,20,Inferior
Masculino 2-5 anos,F3_ComportamentoAdaptativo,47.5,25,Média Inferior
Masculino 2-5 anos,F3_ComportamentoAdaptativo,48,> 25 e < 30,Média Inferior
Masculino 2-5 anos,F3_ComportamentoAdaptativo,48.8,30,Média Inferior
Masculino 2-5 anos,F3_ComportamentoAdaptativo,49,> 30 e < 35,Média Inferior
Masculino 2-5 anos,F3_ComportamentoAdaptativo,50,> 30 e < 35,Média Inferior
Masculino 2-5 anos,F3_ComportamentoAdaptativo,50.6,35,Média Inferior
Masculino 2-5 anos,F3_ComportamentoAdaptativo,51,> 35 e < 40,Média Inferior
Masculino 2-5 anos,F3_ComportamentoAdaptativo,52,> 35 e < 40,Média Inferior
Masculino 2-5 anos,F3_ComportamentoAdaptativo,52.4,40,Média Inferior
Masculino 2-5 anos,F3_ComportamentoAdaptativo,53,> 40 e < 45,Média Inferior
Masculino 2-5 anos,F3_ComportamentoAdaptativo,54,> 40 e < 45,Média Inferior
Masculino 2-5 anos,F3_ComportamentoAdaptativo,54.1,45,Média
Masculino 2-5 anos,F3_ComportamentoAdaptativo,55,50,Média
Masculino 2-5 anos,F3_ComportamentoAdaptativo,55.8,60,Média
Masculino 2-5 anos,F3_ComportamentoAdaptativo,56,> 60 e < 65,Média
Masculino 2-5 anos,F3_ComportamentoAdaptativo,56.7,65,Média Superior
Masculino 2-5 anos,F3_ComportamentoAdaptativo,57,> 65 e < 70,Média Superior
Masculino 2-5 anos,F3_ComportamentoAdaptativo,57.6,70,Média Superior
Masculino 2-5 anos,F3_ComportamentoAdaptativo,58,> 70 e < 75,Média Superior
Masculino 2-5 anos,F3_ComportamentoAdaptativo,59,75,Média superior
Masculino 2-5 anos,F3_ComportamentoAdaptativo,60,> 75 e < 80,Média superior
Masculino 2-5 anos,F3_ComportamentoAdaptativo,61,> 75 e < 80,Média superior
Masculino 2-5 anos,F3_ComportamentoAdaptativo,61.6,80,Média superior
Masculino 2-5 anos,F3_ComportamentoAdaptativo,62,> 80 e < 85,Média superior
Masculino 2-5 anos,F3_ComportamentoAdaptativo,63,> 80 e < 85,Média superior
Masculino 2-5 anos,F3_ComportamentoAdaptativo,64,> 80 e < 85,Média superior
Masculino 2-5 anos,F3_ComportamentoAdaptativo,64.9,85,Superior
Masculino 2-5 anos,F3_ComportamentoAdaptativo,65,> 85 e < 90,Superior
Masculino 2-5 anos,F3_ComportamentoAdaptativo,66,> 85 e < 90,Superior
Masculino 2-5 anos,F3_ComportamentoAdaptativo,67,> 85 e < 90,Superior
Masculino 2-5 anos,F3_ComportamentoAdaptativo,67.4,90,Superior
Masculino 2-5 anos,F3_ComportamentoAdaptativo,68,> 90 e < 95,Superior
Masculino 2-5 anos,F3_ComportamentoAdaptativo,69,> 90 e < 95,Superior
Masculino 2-5 anos,F3_ComportamentoAdaptativo,70,> 90 e < 95,Superior
Masculino 2-5 anos,F3_ComportamentoAdaptativo,71,> 90 e < 95,Superior
Masculino 2-5 anos,F3_ComportamentoAdaptativo,72,> 90 e < 95,Superior
Masculino 2-5 anos,F3_ComportamentoAdaptativo,73,> 90 e < 95,Superior
Masculino 2-5 anos,F3_ComportamentoAdaptativo,74,> 90 e < 95,Superior
Masculino 2-5 anos,F3_ComportamentoAdaptativo,75,> 90 e < 95,Superior
Masculino 2-5 anos,F3_ComportamentoAdaptativo,76,> 90 e < 95,Superior
Masculino 2-5 anos,F3_ComportamentoAdaptativo,77,> 90 e < 95,Superior
Masculino 2-5 anos,F3_ComportamentoAdaptativo,78,> 90 e < 95,Superior
Masculino 2-5 anos,F3_ComportamentoAdaptativo,79,> 90 e < 95,Superior
Masculino 2-5 anos,F3_ComportamentoAdaptativo,80,> 90 e < 95,Superior
Masculino 2-5 anos,F3_ComportamentoAdaptativo,81,> 90 e < 95,Superior
Masculino 2-5 anos,F3_ComportamentoAdaptativo,82,> 90 e < 95,Superior
Masculino 2-5 anos,F3_ComportamentoAdaptativo,83,> 90 e < 95,Superior
Masculino 2-5 anos,F3_ComportamentoAdaptativo,84,> 90 e < 95,Superior
Masculino 2-5 anos,F3_ComportamentoAdaptativo,85,> 90 e < 95,Superior
Masculino 2-5 anos,F3_ComportamentoAdaptativo,86,> 90 e < 95,Superior
Masculino 2-5 anos,F3_ComportamentoAdaptativo,87,> 90 e < 95,Superior
Masculino 2-5 anos,F3_ComportamentoAdaptativo,88,> 90 e < 95,Superior
Masculino 2-5 anos,F3_ComportamentoAdaptativo,89,> 90 e < 95,Superior
Masculino 2-5 anos,F3_ComportamentoAdaptativo,90,> 90 e < 95,Superior
Masculino 2-5 anos,F4_Atencao,1,< 1,Inferior
Masculino 2-5 anos,F4_Atencao,2,< 1,Inferior
Masculino 2-5 anos,F4_Atencao,3,< 1,Inferior
Masculino 2-5 anos,F4_Atencao,4,< 1,Inferior
Masculino 2-5 anos,F4_Atencao,5,< 1,Inferior
Masculino 2-5 anos,F4_Atencao,6,< 1,Inferior
Masculino 2-5 anos,F4_Atencao,7,< 1,Inferior
Masculino 2-5 anos,F4_Atencao,8,< 1,Inferior
Masculino 2-5 anos,F4_Atencao,9,< 1,Inferior
Masculino 2-5 anos,F4_Atencao,10,< 1,Inferior
Masculino 2-5 anos,F4_Atencao,11,< 1,Inferior
Masculino 2-5 anos,F4_Atencao,12,< 1,Inferior
Masculino 2-5 anos,F4_Atencao,13,< 1,Inferior
Masculino 2-5 anos,F4_Atencao,14,< 1,Inferior
Masculino 2-5 anos,F4_Atencao,15,< 1,Inferior
Masculino 2-5 anos,F4_Atencao,16,< 1,Inferior
Masculino 2-5 anos,F4_Atencao,17,< 1,Inferior
Masculino 2-5 anos,F4_Atencao,18,< 1,Inferior
Masculino 2-5 anos,F4_Atencao,19,1,Inferior
Masculino 2-5 anos,F4_Atencao,20,> 5 e < 10,Inferior
Masculino 2-5 anos,F4_Atencao,20.6,10,Inferior
Masculino 2-5 anos,F4_Atencao,21,15,Inferior
Masculino 2-5 anos,F4_Atencao,22,> 20 e < 25,Inferior
Masculino 2-5 anos,F4_Atencao,22.5,25,Média Inferior
Masculino 2-5 anos,F4_Atencao,23,> 25 e < 30,Média Inferior
Masculino 2-5 anos,F4_Atencao,24,> 25 e < 30,Média Inferior
Masculino 2-5 anos,F4_Atencao,24.4,30,Média Inferior
Masculino 2-5 anos,F4_Atencao,25,35,Média Inferior
Masculino 2-5 anos,F4_Atencao,25.2,40,Média Inferior
Masculino 2-5 anos,F4_Atencao,26,> 40 e < 45,Média Inferior
Masculino 2-5 anos,F4_Atencao,26.1,45,Média
Masculino 2-5 anos,F4_Atencao,27,50,Média
Masculino 2-5 anos,F4_Atencao,28,> 50 e < 55,Média
Masculino 2-5 anos,F4_Atencao,29,> 50 e < 55,Média
Masculino 2-5 anos,F4_Atencao,29.7,55,Média
Masculino 2-5 anos,F4_Atencao,30,> 55 e < 60,Média
Masculino 2-5 anos,F4_Atencao,31,> 55 e < 60,Média
Masculino 2-5 anos,F4_Atencao,31.6,60,Média
Masculino 2-5 anos,F4_Atencao,32,> 60 e < 65,Média
Masculino 2-5 anos,F4_Atencao,32.7,65,Média Superior
Masculino 2-5 anos,F4_Atencao,33,> 65 e < 70,Média Superior
Masculino 2-5 anos,F4_Atencao,33.6,70,Média Superior
Masculino 2-5 anos,F4_Atencao,34,> 70 e < 75,Média Superior
Masculino 2-5 anos,F4_Atencao,34.5,75,Média superior
Masculino 2-5 anos,F4_Atencao,35,> 75 e < 80,Média superior
Masculino 2-5 anos,F4_Atencao,35.4,80,Média superior
Masculino 2-5 anos,F4_Atencao,36,> 80 e < 85,Média superior
Masculino 2-5 anos,F4_Atencao,36.3,85,Superior
Masculino 2-5 anos,F4_Atencao,37,> 85 e < 90,Superior
Masculino 2-5 anos,F4_Atencao,37.2,90,Superior
Masculino 2-5 anos,F4_Atencao,38,> 90 e < 95,Superior
Masculino 2-5 anos,F4_Atencao,39,> 90 e < 95,Superior
Masculino 2-5 anos,F4_Atencao,40,> 90 e < 95,Superior
Masculino 2-5 anos,F4_Atencao,41,> 90 e < 95,Superior
Masculino 2-5 anos,F4_Atencao,42,> 90 e < 95,Superior
Masculino 2-5 anos,F4_Atencao,43,> 90 e < 95,Superior
Masculino 2-5 anos,F4_Atencao,44,> 90 e < 95,Superior
Masculino 2-5 anos,F4_Atencao,45,> 90 e < 95,Superior
Masculino 2-5 anos,F4_Atencao,46,> 90 e < 95,Superior
Masculino 2-5 anos,F4_Atencao,47,> 90 e < 95,Superior
Masculino 2-5 anos,F4_Atencao,48,> 90 e < 95,Superior
Masculino 2-5 anos,F4_Atencao,49,> 90 e < 95,Superior
Masculino 2-5 anos,F4_Atencao,50,> 90 e < 95,Superior
Masculino 2-5 anos,F4_Atencao,51,> 90 e < 95,Superior
Masculino 2-5 anos,F4_Atencao,52,> 90 e < 95,Superior
Masculino 2-5 anos,F4_Atencao,53,> 90 e < 95,Superior
Masculino 2-5 anos,F4_Atencao,54,> 90 e < 95,Superior
Masculino 2-5 anos,F4_Atencao,55,> 90 e < 95,Superior
Masculino 2-5 anos,F4_Atencao,56,> 90 e < 95,Superior
Masculino 2-5 anos,F4_Atencao,57,> 90 e < 95,Superior
Masculino 2-5 anos,F4_Atencao,58,> 90 e < 95,Superior
Masculino 2-5 anos,F4_Atencao,59,> 90 e < 95,Superior
Masculino 2-5 anos,F4_Atencao,60,> 90 e < 95,Superior
Masculino 2-5 anos,F4_Atencao,61,> 90 e < 95,Superior
Masculino 2-5 anos,F4_Atencao,62,> 90 e < 95,Superior
Masculino 2-5 anos,F4_Atencao,63,> 90 e < 95,Superior
Masculino 2-5 anos,F4_Atencao,64,> 90 e < 95,Superior
Masculino 2-5 anos,F4_Atencao,65,> 90 e < 95,Superior
Masculino 2-5 anos,F4_Atencao,66,> 90 e < 95,Superior
Masculino 2-5 anos,F4_Atencao,67,> 90 e < 95,Superior
Masculino 2-5 anos,F4_Atencao,68,> 90 e < 95,Superior
Masculino 2-5 anos,F4_Atencao,69,95,Superior
Masculino 2-5 anos,F4_Atencao,70,> 95 e < 99,Superior
Masculino 2-5 anos,F4_Atencao,71,> 95 e < 99,Superior
Masculino 2-5 anos,F4_Atencao,72,> 95 e < 99,Superior
Masculino 2-5 anos,F4_Atencao,73,> 95 e < 99,Superior
Masculino 2-5 anos,F4_Atencao,74,> 95 e < 99,Superior
Masculino 2-5 anos,F4_Atencao,75,> 95 e < 99,Superior
Masculino 2-5 anos,F4_Atencao,76,> 95 e < 99,Superior
Masculino 2-5 anos,F4_Atencao,77,> 95 e < 99,Superior
Masculino 2-5 anos,F4_Atencao,78,> 95 e < 99,Superior
Masculino 2-5 anos,F4_Atencao,79,> 95 e < 99,Superior
Masculino 2-5 anos,F4_Atencao,80,> 95 e < 99,Superior
Masculino 6-9 anos,EscoreGeral,41,< 1,Inferior
Masculino 6-9 anos,EscoreGeral,42,< 1,Inferior
Masculino 6-9 anos,EscoreGeral,43,< 1,Inferior
Masculino 6-9 anos,EscoreGeral,44,< 1,Inferior
Masculino 6-9 anos,EscoreGeral,45,< 1,Inferior
Masculino 6-9 anos,EscoreGeral,46,< 1,Inferior
Masculino 6-9 anos,EscoreGeral,47,< 1,Inferior
Masculino 6-9 anos,EscoreGeral,48,< 1,Inferior
Masculino 6-9 anos,EscoreGeral,49,< 1,Inferior
Masculino 6-9 anos,EscoreGeral,50,< 1,Inferior
Masculino 6-9 anos,EscoreGeral,51,< 1,Inferior
Masculino 6-9 anos,EscoreGeral,52,< 1,Inferior
Masculino 6-9 anos,EscoreGeral,53,< 1,Inferior
Masculino 6-9 anos,EscoreGeral,54,< 1,Inferior
Masculino 6-9 anos,EscoreGeral,55,< 1,Inferior
Masculino 6-9 anos,EscoreGeral,56,< 1,Inferior
Masculino 6-9 anos,EscoreGeral,57,< 1,Inferior
Masculino 6-9 anos,EscoreGeral,58,< 1,Inferior
Masculino 6-9 anos,EscoreGeral,59,< 1,Inferior
Masculino 6-9 anos,EscoreGeral,60,< 1,Inferior
Masculino 6-9 anos,EscoreGeral,61,< 1,Inferior
Masculino 6-9 anos,EscoreGeral,62,< 1,Inferior
Masculino 6-9 anos,EscoreGeral,63,< 1,Inferior
Masculino 6-9 anos,EscoreGeral,64,< 1,Inferior
Masculino 6-9 anos,EscoreGeral,65,< 1,Inferior
Masculino 6-9 anos,EscoreGeral,66,< 1,Inferior
Masculino 6-9 anos,EscoreGeral,67,< 1,Inferior
Masculino 6-9 anos,EscoreGeral,68,< 1,Inferior
Masculino 6-9 anos,EscoreGeral,69,< 1,Inferior
Masculino 6-9 anos,EscoreGeral,70,< 1,Inferior
Masculino 6-9 anos,EscoreGeral,71,< 1,Inferior
Masculino 6-9 anos,EscoreGeral,72,< 1,Inferior
Masculino 6-9 anos,EscoreGeral,73,< 1,Inferior
Masculino 6-9 anos,EscoreGeral,74,< 1,Inferior
Masculino 6-9 anos,EscoreGeral,75,< 1,Inferior
Masculino 6-9 anos,EscoreGeral,76,< 1,Inferior
Masculino 6-9 anos,EscoreGeral,77,< 1,Inferior
Masculino 6-9 anos,EscoreGeral,78,< 1,Inferior
Masculino 6-9 anos,EscoreGeral,79,< 1,Inferior
Masculino 6-9 anos,EscoreGeral,80,< 1,Inferior
Masculino 6-9 anos,EscoreGeral,81,< 1,Inferior
Masculino 6-9 anos,EscoreGeral,82,< 1,Inferior
Masculino 6-9 anos,EscoreGeral,83,< 1,Inferior
Masculino 6-9 anos,EscoreGeral,84,< 1,Inferior
Masculino 6-9 anos,EscoreGeral,85,< 1,Inferior
Masculino 6-9 anos,EscoreGeral,86,< 1,Inferior
Masculino 6-9 anos,EscoreGeral,87,< 1,Inferior
Masculino 6-9 anos,EscoreGeral,88,< 1,Inferior
Masculino 6-9 anos,EscoreGeral,89,< 1,Inferior
Masculino 6-9 anos,EscoreGeral,90,< 1,Inferior
Masculino 6-9 anos,EscoreGeral,91,< 1,Inferior
Masculino 6-9 anos,EscoreGeral,92,< 1,Inferior
Masculino 6-9 anos,EscoreGeral,93,< 1,Inferior
Masculino 6-9 anos,EscoreGeral,94,< 1,Inferior
Masculino 6-9 anos,EscoreGeral,95,< 1,Inferior
Masculino 6-9 anos,EscoreGeral,96,< 1,Inferior
Masculino 6-9 anos,EscoreGeral,97,< 1,Inferior
Masculino 6-9 anos,EscoreGeral,98,< 1,Inferior
Masculino 6-9 anos,EscoreGeral,99,< 1,Inferior
Masculino 6-9 anos,EscoreGeral,100,< 1,Inferior
Masculino 6-9 anos,EscoreGeral,101,< 1,Inferior
Masculino 6-9 anos,EscoreGeral,102,1,Inferior
Masculino 6-9 anos,EscoreGeral,103,> 1 e < 5,Inferior
Masculino 6-9 anos,EscoreGeral,104,> 1 e < 5,Inferior
Masculino 6-9 anos,EscoreGeral,105,> 1 e < 5,Inferior
Masculino 6-9 anos,EscoreGeral,106,> 1 e < 5,Inferior
Masculino 6-9 anos,EscoreGeral,106.2,5,Inferior
Masculino 6-9 anos,EscoreGeral,107,> 5 e < 10,Inferior
Masculino 6-9 anos,EscoreGeral,108,> 5 e < 10,Inferior
Masculino 6-9 anos,EscoreGeral,109,> 5 e < 10,Inferior
Masculino 6-9 anos,EscoreGeral,110,> 5 e < 10,Inferior
Masculino 6-9 anos,EscoreGeral,111,> 5 e < 10,Inferior
Masculino 6-9 anos,EscoreGeral,112,> 5 e < 10,Inferior
Masculino 6-9 anos,EscoreGeral,113,> 5 e < 10,Inferior
Masculino 6-9 anos,EscoreGeral,114,> 5 e < 10,Inferior
Masculino 6-9 anos,EscoreGeral,114.7,10,Inferior
Masculino 6-9 anos,EscoreGeral,115,> 10 e < 15,Inferior
Masculino 6-9 anos,EscoreGeral,116,> 10 e < 15,Inferior
Masculino 6-9 anos,EscoreGeral,117,> 10 e < 15,Inferior
Masculino 6-9 anos,EscoreGeral,117.6,15,Inferior
Masculino 6-9 anos,EscoreGeral,118,> 15 e < 20,Inferior
Masculino 6-9 anos,EscoreGeral,119,> 15 e < 20,Inferior
Masculino 6-9 anos,EscoreGeral,120,> 15 e < 20,Inferior
Masculino 6-9 anos,EscoreGeral,121,> 15 e < 20,Inferior
Masculino 6-9 anos,EscoreGeral,122,> 15 e < 20,Inferior
Masculino 6-9 anos,EscoreGeral,123,> 15 e < 20,Inferior
Masculino 6-9 anos,EscoreGeral,124,> 15 e < 20,Inferior
Masculino 6-9 anos,EscoreGeral,125,> 15 e < 20,Inferior
Masculino 6-9 anos,EscoreGeral,126,> 15 e < 20,Inferior
Masculino 6-9 anos,EscoreGeral,127,> 15 e < 20,Inferior
Masculino 6-9 anos,EscoreGeral,128,> 15 e < 20,Inferior
Masculino 6-9 anos,EscoreGeral,129,20,Inferior
Masculino 6-9 anos,EscoreGeral,130,> 20 e < 25,Inferior
Masculino 6-9 anos,EscoreGeral,131,> 20 e < 25,Inferior
Masculino 6-9 anos,EscoreGeral,132,> 20 e < 25,Inferior
Masculino 6-9 anos,EscoreGeral,132.75,25,Média Inferior
Masculino 6-9 anos,EscoreGeral,133,> 25 e < 30,Média Inferior
Masculino 6-9 anos,EscoreGeral,134,> 25 e < 30,Média Inferior
Masculino 6-9 anos,EscoreGeral,135,> 25 e < 30,Média Inferior
Masculino 6-9 anos,EscoreGeral,136,> 25 e < 30,Média Inferior
Masculino 6-9 anos,EscoreGeral,136.7,30,Média Inferior
Masculino 6-9 anos,EscoreGeral,137,> 30 e < 35,Média Inferior
Masculino 6-9 anos,EscoreGeral,138,> 30 e < 35,Média Inferior
Masculino 6-9 anos,EscoreGeral,139,> 30 e < 35,Média Inferior
Masculino 6-9 anos,EscoreGeral,140,> 30 e < 35,Média Inferior
Masculino 6-9 anos,EscoreGeral,141,> 30 e < 35,Média Inferior
Masculino 6-9 anos,EscoreGeral,142,> 30 e < 35,Média Inferior
Masculino 6-9 anos,EscoreGeral,143,35,Média Inferior
Masculino 6-9 anos,EscoreGeral,144,> 35 e < 40,Média Inferior
Masculino 6-9 anos,EscoreGeral,145,> 35 e < 40,Média Inferior
Masculino 6-9 anos,EscoreGeral,145.4,40,Média Inferior
Masculino 6-9 anos,EscoreGeral,146,> 40 e < 45,Média Inferior
Masculino 6-9 anos,EscoreGeral,147,> 40 e < 45,Média Inferior
Masculino 6-9 anos,EscoreGeral,148,> 40 e < 45,Média Inferior
Masculino 6-9 anos,EscoreGeral,149,> 40 e < 45,Média Inferior
Masculino 6-9 anos,EscoreGeral,150,> 40 e < 45,Média Inferior
Masculino 6-9 anos,EscoreGeral,151,> 40 e < 45,Média Inferior
Masculino 6-9 anos,EscoreGeral,151.15,45,Média
Masculino 6-9 anos,EscoreGeral,152,> 45 e < 50,Média
Masculino 6-9 anos,EscoreGeral,152.5,50,Média
Masculino 6-9 anos,EscoreGeral,153,> 50 e < 55,Média
Masculino 6-9 anos,EscoreGeral,153.85,55,Média
Masculino 6-9 anos,EscoreGeral,154,> 55 e < 60,Média
Masculino 6-9 anos,EscoreGeral,155,> 55 e < 60,Média
Masculino 6-9 anos,EscoreGeral,156,> 55 e < 60,Média
Masculino 6-9 anos,EscoreGeral,157,> 55 e < 60,Média
Masculino 6-9 anos,EscoreGeral,158,> 55 e < 60,Média
Masculino 6-9 anos,EscoreGeral,159,> 55 e < 60,Média
Masculino 6-9 anos,EscoreGeral,160,> 55 e < 60,Média
Masculino 6-9 anos,EscoreGeral,161,> 55 e < 60,Média
Masculino 6-9 anos,EscoreGeral,162,> 55 e < 60,Média
Masculino 6-9 anos,EscoreGeral,163,> 55 e < 60,Média
Masculino 6-9 anos,EscoreGeral,164,> 55 e < 60,Média
Masculino 6-9 anos,EscoreGeral,165,> 55 e < 60,Média
Masculino 6-9 anos,EscoreGeral,165.2,60,Média
Masculino 6-9 anos,EscoreGeral,166,> 60 e < 65,Média
Masculino 6-9 anos,EscoreGeral,167,> 60 e < 65,Média
Masculino 6-9 anos,EscoreGeral,168,> 60 e < 65,Média
Masculino 6-9 anos,EscoreGeral,169,> 60 e < 65,Média
Masculino 6-9 anos,EscoreGeral,170,> 60 e < 65,Média
Masculino 6-9 anos,EscoreGeral,171,> 60 e < 65,Média
Masculino 6-9 anos,EscoreGeral,172,> 60 e < 65,Média
Masculino 6-9 anos,EscoreGeral,172.05,65,Média Superior
Masculino 6-9 anos,EscoreGeral,173,> 65 e < 70,Média Superior
Masculino 6-9 anos,EscoreGeral,174,> 65 e < 70,Média Superior
Masculino 6-9 anos,EscoreGeral,175,> 65 e < 70,Média Superior
Masculino 6-9 anos,EscoreGeral,176,> 65 e < 70,Média Superior
Masculino 6-9 anos,EscoreGeral,177,> 65 e < 70,Média Superior
Masculino 6-9 anos,EscoreGeral,178,> 65 e < 70,Média Superior
Masculino 6-9 anos,EscoreGeral,178.8,70,Média Superior
Masculino 6-9 anos,EscoreGeral,179,> 70 e < 75,Média Superior
Masculino 6-9 anos,EscoreGeral,180,> 70 e < 75,Média Superior
Masculino 6-9 anos,EscoreGeral,181,> 70 e < 75,Média Superior
Masculino 6-9 anos,EscoreGeral,182,> 70 e < 75,Média Superior
Masculino 6-9 anos,EscoreGeral,183,> 70 e < 75,Média Superior
Masculino 6-9 anos,EscoreGeral,184,> 70 e < 75,Média Superior
Masculino 6-9 anos,EscoreGeral,185,> 70 e < 75,Média Superior
Masculino 6-9 anos,EscoreGeral,186,> 70 e < 75,Média Superior
Masculino 6-9 anos,EscoreGeral,187,> 70 e < 75,Média Superior
Masculino 6-9 anos,EscoreGeral,188,> 70 e < 75,Média Superior
Masculino 6-9 anos,EscoreGeral,189,> 70 e < 75,Média Superior
Masculino 6-9 anos,EscoreGeral,190,> 70 e < 75,Média Superior
Masculino 6-9 anos,EscoreGeral,191,> 70 e < 75,Média Superior
Masculino 6-9 anos,EscoreGeral,192,> 70 e < 75,Média Superior
Masculino 6-9 anos,EscoreGeral,193,> 70 e < 75,Média Superior
Masculino 6-9 anos,EscoreGeral,194,> 70 e < 75,Média Superior
Masculino 6-9 anos,EscoreGeral,195,> 70 e < 75,Média Superior
Masculino 6-9 anos,EscoreGeral,196,> 70 e < 75,Média Superior
Masculino 6-9 anos,EscoreGeral,197,> 70 e < 75,Média Superior
Masculino 6-9 anos,EscoreGeral,198,> 70 e < 75,Média Superior
Masculino 6-9 anos,EscoreGeral,199,> 70 e < 75,Média Superior
Masculino 6-9 anos,EscoreGeral,200,> 70 e < 75,Média Superior
Masculino 6-9 anos,EscoreGeral,201,> 70 e < 75,Média Superior
Masculino 6-9 anos,EscoreGeral,202,> 70 e < 75,Média Superior
Masculino 6-9 anos,EscoreGeral,203,> 70 e < 75,Média Superior
Masculino 6-9 anos,EscoreGeral,203.25,75,Média superior
Masculino 6-9 anos,EscoreGeral,204,> 75 e < 80,Média superior
Masculino 6-9 anos,EscoreGeral,205,> 75 e < 80,Média superior
Masculino 6-9 anos,EscoreGeral,206,> 75 e < 80,Média superior
Masculino 6-9 anos,EscoreGeral,207,> 75 e < 80,Média superior
Masculino 6-9 anos,EscoreGeral,208,> 75 e < 80,Média superior
Masculino 6-9 anos,EscoreGeral,209,> 75 e < 80,Média superior
Masculino 6-9 anos,EscoreGeral,210,> 75 e < 80,Média superior
Masculino 6-9 anos,EscoreGeral,211,> 75 e < 80,Média superior
Masculino 6-9 anos,EscoreGeral,212,> 75 e < 80,Média superior
Masculino 6-9 anos,EscoreGeral,213,> 75 e < 80,Média superior
Masculino 6-9 anos,EscoreGeral,214,> 75 e < 80,Média superior
Masculino 6-9 anos,EscoreGeral,214.8,80,Média superior
Masculino 6-9 anos,EscoreGeral,215,> 80 e < 85,Média superior
Masculino 6-9 anos,EscoreGeral,216,> 80 e < 85,Média superior
Masculino 6-9 anos,EscoreGeral,217,> 80 e < 85,Média superior
Masculino 6-9 anos,EscoreGeral,218,> 80 e < 85,Média superior
Masculino 6-9 anos,EscoreGeral,218.85,85,Superior
Masculino 6-9 anos,EscoreGeral,219,> 85 e < 90,Superior
Masculino 6-9 anos,EscoreGeral,219.9,90,Superior
Masculino 6-9 anos,EscoreGeral,220,> 90 e < 95,Superior
Masculino 6-9 anos,EscoreGeral,221,> 90 e < 95,Superior
Masculino 6-9 anos,EscoreGeral,222,> 90 e < 95,Superior
Masculino 6-9 anos,EscoreGeral,223,> 90 e < 95,Superior
Masculino 6-9 anos,EscoreGeral,224,> 90 e < 95,Superior
Masculino 6-9 anos,EscoreGeral,225,> 90 e < 95,Superior
Masculino 6-9 anos,EscoreGeral,226,> 90 e < 95,Superior
Masculino 6-9 anos,EscoreGeral,227,> 90 e < 95,Superior
Masculino 6-9 anos,EscoreGeral,228,> 90 e < 95,Superior
Masculino 6-9 anos,EscoreGeral,229,> 90 e < 95,Superior
Masculino 6-9 anos,EscoreGeral,230,> 90 e < 95,Superior
Masculino 6-9 anos,EscoreGeral,231,> 90 e < 95,Superior
Masculino 6-9 anos,EscoreGeral,232,> 90 e < 95,Superior
Masculino 6-9 anos,EscoreGeral,233,> 90 e < 95,Superior
Masculino 6-9 anos,EscoreGeral,234,> 90 e < 95,Superior
Masculino 6-9 anos,EscoreGeral,235,> 90 e < 95,Superior
Masculino 6-9 anos,EscoreGeral,236,> 90 e < 95,Superior
Masculino 6-9 anos,EscoreGeral,237,> 90 e < 95,Superior
Masculino 6-9 anos,EscoreGeral,238,> 90 e < 95,Superior
Masculino 6-9 anos,EscoreGeral,239,> 90 e < 95,Superior
Masculino 6-9 anos,EscoreGeral,240,> 90 e < 95,Superior
Masculino 6-9 anos,EscoreGeral,241,> 90 e < 95,Superior
Masculino 6-9 anos,EscoreGeral,242,> 90 e < 95,Superior
Masculino 6-9 anos,EscoreGeral,243,> 90 e < 95,Superior
Masculino 6-9 anos,EscoreGeral,244,> 90 e < 95,Superior
Masculino 6-9 anos,EscoreGeral,245,> 90 e < 95,Superior
Masculino 6-9 anos,EscoreGeral,246,> 90 e < 95,Superior
Masculino 6-9 anos,EscoreGeral,247,> 90 e < 95,Superior
Masculino 6-9 anos,EscoreGeral,248,> 90 e < 95,Superior
Masculino 6-9 anos,EscoreGeral,249,> 90 e < 95,Superior
Masculino 6-9 anos,EscoreGeral,250,> 90 e < 95,Superior
Masculino 6-9 anos,EscoreGeral,251,> 90 e < 95,Superior
Masculino 6-9 anos,EscoreGeral,252,> 90 e < 95,Superior
Masculino 6-9 anos,EscoreGeral,253,> 90 e < 95,Superior
Masculino 6-9 anos,EscoreGeral,253.85,95,Superior
Masculino 6-9 anos,EscoreGeral,254,> 95 e < 99,Superior
Masculino 6-9 anos,EscoreGeral,255,> 95 e < 99,Superior
Masculino 6-9 anos,EscoreGeral,256,> 95 e < 99,Superior
Masculino 6-9 anos,EscoreGeral,257,> 95 e < 99,Superior
Masculino 6-9 anos,EscoreGeral,258,> 95 e < 99,Superior
Masculino 6-9 anos,EscoreGeral,259,> 95 e < 99,Superior
Masculino 6-9 anos,EscoreGeral,260,> 95 e < 99,Superior
Masculino 6-9 anos,EscoreGeral,261,> 95 e < 99,Superior
Masculino 6-9 anos,EscoreGeral,262,> 95 e < 99,Superior
Masculino 6-9 anos,EscoreGeral,263,> 95 e < 99,Superior
Masculino 6-9 anos,EscoreGeral,264,> 95 e < 99,Superior
Masculino 6-9 anos,EscoreGeral,265,> 95 e < 99,Superior
Masculino 6-9 anos,EscoreGeral,266,> 95 e < 99,Superior
Masculino 6-9 anos,EscoreGeral,267,> 95 e < 99,Superior
Masculino 6-9 anos,EscoreGeral,268,> 95 e < 99,Superior
Masculino 6-9 anos,EscoreGeral,269,> 95 e < 99,Superior
Masculino 6-9 anos,EscoreGeral,270,> 95 e < 99,Superior
Masculino 6-9 anos,EscoreGeral,271,> 95 e < 99,Superior
Masculino 6-9 anos,EscoreGeral,272,> 95 e < 99,Superior
Masculino 6-9 anos,EscoreGeral,273,> 95 e < 99,Superior
Masculino 6-9 anos,EscoreGeral,274,> 95 e < 99,Superior
Masculino 6-9 anos,EscoreGeral,275,> 95 e < 99,Superior
Masculino 6-9 anos,EscoreGeral,276,> 95 e < 99,Superior
Masculino 6-9 anos,EscoreGeral,277,> 95 e < 99,Superior
Masculino 6-9 anos,EscoreGeral,278,> 95 e < 99,Superior
Masculino 6-9 anos,EscoreGeral,279,> 95 e < 99,Superior
Masculino 6-9 anos,EscoreGeral,280,> 95 e < 99,Superior
Masculino 6-9 anos,EscoreGeral,281,> 95 e < 99,Superior
Masculino 6-9 anos,EscoreGeral,282,> 95 e < 99,Superior
Masculino 6-9 anos,EscoreGeral,283,> 95 e < 99,Superior
Masculino 6-9 anos,EscoreGeral,284,> 95 e < 99,Superior
Masculino 6-9 anos,EscoreGeral,285,> 95 e < 99,Superior
Masculino 6-9 anos,EscoreGeral,286,> 95 e < 99,Superior
Masculino 6-9 anos,EscoreGeral,287,> 95 e < 99,Superior
Masculino 6-9 anos,EscoreGeral,288,> 95 e < 99,Superior
Masculino 6-9 anos,EscoreGeral,289,> 95 e < 99,Superior
Masculino 6-9 anos,EscoreGeral,290,> 95 e < 99,Superior
Masculino 6-9 anos,EscoreGeral,291,> 95 e < 99,Superior
Masculino 6-9 anos,EscoreGeral,292,> 95 e < 99,Superior
Masculino 6-9 anos,EscoreGeral,293,> 95 e < 99,Superior
Masculino 6-9 anos,EscoreGeral,294,> 95 e < 99,Superior
Masculino 6-9 anos,EscoreGeral,295,> 95 e < 99,Superior
Masculino 6-9 anos,EscoreGeral,296,> 95 e < 99,Superior
Masculino 6-9 anos,EscoreGeral,297,> 95 e < 99,Superior
Masculino 6-9 anos,EscoreGeral,298,> 95 e < 99,Superior
Masculino 6-9 anos,EscoreGeral,299,> 95 e < 99,Superior
Masculino 6-9 anos,EscoreGeral,300,> 95 e < 99,Superior
Masculino 6-9 anos,EscoreGeral,301,> 95 e < 99,Superior
Masculino 6-9 anos,EscoreGeral,302,> 95 e < 99,Superior
Masculino 6-9 anos,EscoreGeral,303,> 95 e < 99,Superior
Masculino 6-9 anos,EscoreGeral,304,> 95 e < 99,Superior
Masculino 6-9 anos,EscoreGeral,305,> 95 e < 99,Superior
Masculino 6-9 anos,EscoreGeral,306,> 95 e < 99,Superior
Masculino 6-9 anos,EscoreGeral,307,> 95 e < 99,Superior
Masculino 6-9 anos,EscoreGeral,308,> 95 e < 99,Superior
Masculino 6-9 anos,EscoreGeral,309,> 95 e < 99,Superior
Masculino 6-9 anos,EscoreGeral,310,> 95 e < 99,Superior
Masculino 6-9 anos,EscoreGeral,311,> 95 e < 99,Superior
Masculino 6-9 anos,EscoreGeral,312,> 95 e < 99,Superior
Masculino 6-9 anos,EscoreGeral,313,> 95 e < 99,Superior
Masculino 6-9 anos,EscoreGeral,314,> 95 e < 99,Superior
Masculino 6-9 anos,EscoreGeral,315,> 95 e < 99,Superior
Masculino 6-9 anos,EscoreGeral,316,> 95 e < 99,Superior
Masculino 6-9 anos,EscoreGeral,317,> 95 e < 99,Superior
Masculino 6-9 anos,EscoreGeral,318,> 95 e < 99,Superior
Masculino 6-9 anos,EscoreGeral,319,> 95 e < 99,Superior
Masculino 6-9 anos,EscoreGeral,320,> 95 e < 99,Superior
Masculino 6-9 anos,EscoreGeral,321,> 95 e < 99,Superior
Masculino 6-9 anos,EscoreGeral,322,> 95 e < 99,Superior
Masculino 6-9 anos,EscoreGeral,323,> 95 e < 99,Superior
Masculino 6-9 anos,EscoreGeral,324,> 95 e < 99,Superior
Masculino 6-9 anos,EscoreGeral,325,> 95 e < 99,Superior
Masculino 6-9 anos,EscoreGeral,326,> 95 e < 99,Superior
Masculino 6-9 anos,EscoreGeral,327,> 95 e < 99,Superior
Masculino 6-9 anos,EscoreGeral,328,> 95 e < 99,Superior
Masculino 6-9 anos,EscoreGeral,329,> 95 e < 99,Superior
Masculino 6-9 anos,EscoreGeral,330,> 95 e < 99,Superior
Masculino 6-9 anos,EscoreGeral,331,> 95 e < 99,Superior
Masculino 6-9 anos,EscoreGeral,332,> 95 e < 99,Superior
Masculino 6-9 anos,EscoreGeral,333,> 95 e < 99,Superior
Masculino 6-9 anos,EscoreGeral,334,> 95 e < 99,Superior
Masculino 6-9 anos,EscoreGeral,335,> 95 e < 99,Superior
Masculino 6-9 anos,EscoreGeral,336,> 95 e < 99,Superior
Masculino 6-9 anos,EscoreGeral,337,> 95 e < 99,Superior
Masculino 6-9 anos,EscoreGeral,338,> 95 e < 99,Superior
Masculino 6-9 anos,EscoreGeral,339,> 95 e < 99,Superior
Masculino 6-9 anos,EscoreGeral,340,> 95 e < 99,Superior
Masculino 6-9 anos,EscoreGeral,341,> 95 e < 99,Superior
Masculino 6-9 anos,EscoreGeral,342,> 95 e < 99,Superior
Masculino 6-9 anos,EscoreGeral,343,> 95 e < 99,Superior
Masculino 6-9 anos,EscoreGeral,344,> 95 e < 99,Superior
Masculino 6-9 anos,EscoreGeral,345,> 95 e < 99,Superior
Masculino 6-9 anos,EscoreGeral,346,> 95 e < 99,Superior
Masculino 6-9 anos,EscoreGeral,347,> 95 e < 99,Superior
Masculino 6-9 anos,EscoreGeral,348,> 95 e < 99,Superior
Masculino 6-9 anos,EscoreGeral,349,> 95 e < 99,Superior
Masculino 6-9 anos,F1_RegulacaoEmocional,1,< 1,Inferior
Masculino 6-9 anos,F1_RegulacaoEmocional,2,< 1,Inferior
Masculino 6-9 anos,F1_RegulacaoEmocional,3,< 1,Inferior
Masculino 6-9 anos,F1_RegulacaoEmocional,4,< 1,Inferior
Masculino 6-9 anos,F1_RegulacaoEmocional,5,< 1,Inferior
Masculino 6-9 anos,F1_RegulacaoEmocional,6,< 1,Inferior
Masculino 6-9 anos,F1_RegulacaoEmocional,7,< 1,Inferior
Masculino 6-9 anos,F1_RegulacaoEmocional,8,< 1,Inferior
Masculino 6-9 anos,F1_RegulacaoEmocional,9,< 1,Inferior
Masculino 6-9 anos,F1_RegulacaoEmocional,10,< 1,Inferior
Masculino 6-9 anos,F1_RegulacaoEmocional,11,< 1,Inferior
Masculino 6-9 anos,F1_RegulacaoEmocional,12,< 1,Inferior
Masculino 6-9 anos,F1_RegulacaoEmocional,13,< 1,Inferior
Masculino 6-9 anos,F1_RegulacaoEmocional,14,< 1,Inferior
Masculino 6-9 anos,F1_RegulacaoEmocional,15,< 1,Inferior
Masculino 6-9 anos,F1_RegulacaoEmocional,16,< 1,Inferior
Masculino 6-9 anos,F1_RegulacaoEmocional,17,< 1,Inferior
Masculino 6-9 anos,F1_RegulacaoEmocional,18,< 1,Inferior
Masculino 6-9 anos,F1_RegulacaoEmocional,19,< 1,Inferior
Masculino 6-9 anos,F1_RegulacaoEmocional,20,< 1,Inferior
Masculino 6-9 anos,F1_RegulacaoEmocional,21,< 1,Inferior
Masculino 6-9 anos,F1_RegulacaoEmocional,22,1,Inferior
Masculino 6-9 anos,F1_RegulacaoEmocional,23,> 1 e < 5,Inferior
Masculino 6-9 anos,F1_RegulacaoEmocional,23.75,5,Inferior
Masculino 6-9 anos,F1_RegulacaoEmocional,24,> 5 e < 10,Inferior
Masculino 6-9 anos,F1_RegulacaoEmocional,25,> 5 e < 10,Inferior
Masculino 6-9 anos,F1_RegulacaoEmocional,26,> 5 e < 10,Inferior
Masculino 6-9 anos,F1_RegulacaoEmocional,27,> 5 e < 10,Inferior
Masculino 6-9 anos,F1_RegulacaoEmocional,28,> 5 e < 10,Inferior
Masculino 6-9 anos,F1_RegulacaoEmocional,28.4,10,Inferior
Masculino 6-9 anos,F1_RegulacaoEmocional,29,> 10 e < 15,Inferior
Masculino 6-9 anos,F1_RegulacaoEmocional,30,15,Inferior
Masculino 6-9 anos,F1_RegulacaoEmocional,30.75,25,Média Inferior
Masculino 6-9 anos,F1_RegulacaoEmocional,31,> 25 e < 30,Média Inferior
Masculino 6-9 anos,F1_RegulacaoEmocional,32,> 25 e < 30,Média Inferior
Masculino 6-9 anos,F1_RegulacaoEmocional,33,> 25 e < 30,Média Inferior
Masculino 6-9 anos,F1_RegulacaoEmocional,33.3,30,Média Inferior
Masculino 6-9 anos,F1_RegulacaoEmocional,34,> 30 e < 35,Média Inferior
Masculino 6-9 anos,F1_RegulacaoEmocional,35,> 30 e < 35,Média Inferior
Masculino 6-9 anos,F1_RegulacaoEmocional,36,> 30 e < 35,Média Inferior
Masculino 6-9 anos,F1_RegulacaoEmocional,36.45,35,Média Inferior
Masculino 6-9 anos,F1_RegulacaoEmocional,37,40,Média Inferior
Masculino 6-9 anos,F1_RegulacaoEmocional,38,> 45 e < 50,Média
Masculino 6-9 anos,F1_RegulacaoEmocional,39,> 45 e < 50,Média
Masculino 6-9 anos,F1_RegulacaoEmocional,40,> 45 e < 50,Média
Masculino 6-9 anos,F1_RegulacaoEmocional,41,50,Média
Masculino 6-9 anos,F1_RegulacaoEmocional,42,> 50 e < 55,Média
Masculino 6-9 anos,F1_RegulacaoEmocional,43,> 50 e < 55,Média
Masculino 6-9 anos,F1_RegulacaoEmocional,44,> 50 e < 55,Média
Masculino 6-9 anos,F1_RegulacaoEmocional,45,55,Média
Masculino 6-9 anos,F1_RegulacaoEmocional,46,> 60 e < 65,Média
Masculino 6-9 anos,F1_RegulacaoEmocional,47,> 60 e < 65,Média
Masculino 6-9 anos,F1_RegulacaoEmocional,47.75,65,Média Superior
Masculino 6-9 anos,F1_RegulacaoEmocional,48,> 65 e < 70,Média Superior
Masculino 6-9 anos,F1_RegulacaoEmocional,49,> 65 e < 70,Média Superior
Masculino 6-9 anos,F1_RegulacaoEmocional,50,> 65 e < 70,Média Superior
Masculino 6-9 anos,F1_RegulacaoEmocional,50.9,70,Média Superior
Masculino 6-9 anos,F1_RegulacaoEmocional,51,> 70 e < 75,Média Superior
Masculino 6-9 anos,F1_RegulacaoEmocional,52,> 70 e < 75,Média Superior
Masculino 6-9 anos,F1_RegulacaoEmocional,53,> 70 e < 75,Média Superior
Masculino 6-9 anos,F1_RegulacaoEmocional,54,75,Média superior
Masculino 6-9 anos,F1_RegulacaoEmocional,55,> 75 e < 80,Média superior
Masculino 6-9 anos,F1_RegulacaoEmocional,56,> 75 e < 80,Média superior
Masculino 6-9 anos,F1_RegulacaoEmocional,57,> 75 e < 80,Média superior
Masculino 6-9 anos,F1_RegulacaoEmocional,58,> 75 e < 80,Média superior
Masculino 6-9 anos,F1_RegulacaoEmocional,59,> 75 e < 80,Média superior
Masculino 6-9 anos,F1_RegulacaoEmocional,60,> 75 e < 80,Média superior
Masculino 6-9 anos,F1_RegulacaoEmocional,61,> 75 e < 80,Média superior
Masculino 6-9 anos,F1_RegulacaoEmocional,61.8,80,Média superior
Masculino 6-9 anos,F1_RegulacaoEmocional,62,> 80 e < 85,Média superior
Masculino 6-9 anos,F1_RegulacaoEmocional,63,> 80 e < 85,Média superior
Masculino 6-9 anos,F1_RegulacaoEmocional,64,> 80 e < 85,Média superior
Masculino 6-9 anos,F1_RegulacaoEmocional,64.9,85,Superior
Masculino 6-9 anos,F1_RegulacaoEmocional,65,> 85 e < 90,Superior
Masculino 6-9 anos,F1_RegulacaoEmocional,66,> 85 e < 90,Superior
Masculino 6-9 anos,F1_RegulacaoEmocional,67,> 85 e < 90,Superior
Masculino 6-9 anos,F1_RegulacaoEmocional,68,> 85 e < 90,Superior
Masculino 6-9 anos,F1_RegulacaoEmocional,69,90,Superior
Masculino 6-9 anos,F1_RegulacaoEmocional,70,> 90 e < 95,Superior
Masculino 6-9 anos,F1_RegulacaoEmocional,71,> 90 e < 95,Superior
Masculino 6-9 anos,F1_RegulacaoEmocional,72,> 90 e < 95,Superior
Masculino 6-9 anos,F1_RegulacaoEmocional,73,> 90 e < 95,Superior
Masculino 6-9 anos,F1_RegulacaoEmocional,74,> 90 e < 95,Superior
Masculino 6-9 anos,F1_RegulacaoEmocional,75,> 90 e < 95,Superior
Masculino 6-9 anos,F1_RegulacaoEmocional,76,> 90 e < 95,Superior
Masculino 6-9 anos,F1_RegulacaoEmocional,77,> 90 e < 95,Superior
Masculino 6-9 anos,F1_RegulacaoEmocional,78,> 90 e < 95,Superior
Masculino 6-9 anos,F1_RegulacaoEmocional,79,> 90 e < 95,Superior
Masculino 6-9 anos,F1_RegulacaoEmocional,80,> 90 e < 95,Superior
Masculino 6-9 anos,F1_RegulacaoEmocional,81,> 90 e < 95,Superior
Masculino 6-9 anos,F1_RegulacaoEmocional,82,> 90 e < 95,Superior
Masculino 6-9 anos,F1_RegulacaoEmocional,83,> 90 e < 95,Superior
Masculino 6-9 anos,F1_RegulacaoEmocional,84,> 90 e < 95,Superior
Masculino 6-9 anos,F1_RegulacaoEmocional,85,> 90 e < 95,Superior
Masculino 6-9 anos,F1_RegulacaoEmocional,85.9,95,Superior
Masculino 6-9 anos,F1_RegulacaoEmocional,86,> 95 e < 99,Superior
Masculino 6-9 anos,F1_RegulacaoEmocional,87,> 95 e < 99,Superior
Masculino 6-9 anos,F1_RegulacaoEmocional,88,> 95 e < 99,Superior
Masculino 6-9 anos,F1_RegulacaoEmocional,89,> 95 e < 99,Superior
Masculino 6-9 anos,F1_RegulacaoEmocional,90,> 95 e < 99,Superior
Masculino 6-9 anos,F1_RegulacaoEmocional,91,> 95 e < 99,Superior
Masculino 6-9 anos,F1_RegulacaoEmocional,92,> 95 e < 99,Superior
Masculino 6-9 anos,F1_RegulacaoEmocional,93,> 95 e < 99,Superior
Masculino 6-9 anos,F1_RegulacaoEmocional,94,> 95 e < 99,Superior
Masculino 6-9 anos,F1_RegulacaoEmocional,95,> 95 e < 99,Superior
Masculino 6-9 anos,F1_RegulacaoEmocional,96,> 95 e < 99,Superior
Masculino 6-9 anos,F1_RegulacaoEmocional,97,> 95 e < 99,Superior
Masculino 6-9 anos,F1_RegulacaoEmocional,98,> 95 e < 99,Superior
Masculino 6-9 anos,F1_RegulacaoEmocional,99,> 95 e < 99,Superior
Masculino 6-9 anos,F1_RegulacaoEmocional,100,> 95 e < 99,Superior
Masculino 6-9 anos,F1_RegulacaoEmocional,101,> 95 e < 99,Superior
Masculino 6-9 anos,F1_RegulacaoEmocional,102,> 95 e < 99,Superior
Masculino 6-9 anos,F1_RegulacaoEmocional,103,> 95 e < 99,Superior
Masculino 6-9 anos,F1_RegulacaoEmocional,104,> 95 e < 99,Superior
Masculino 6-9 anos,F1_RegulacaoEmocional,105,> 95 e < 99,Superior
Masculino 6-9 anos,F1_RegulacaoEmocional,106,> 95 e < 99,Superior
Masculino 6-9 anos,F1_RegulacaoEmocional,107,> 95 e < 99,Superior
Masculino 6-9 anos,F1_RegulacaoEmocional,108,> 95 e < 99,Superior
Masculino 6-9 anos,F1_RegulacaoEmocional,109,> 95 e < 99,Superior
Masculino 6-9 anos,F1_RegulacaoEmocional,110,> 95 e < 99,Superior
Masculino 6-9 anos,F1_RegulacaoEmocional,111,> 95 e < 99,Superior
Masculino 6-9 anos,F1_RegulacaoEmocional,112,> 95 e < 99,Superior
Masculino 6-9 anos,F1_RegulacaoEmocional,113,> 95 e < 99,Superior
Masculino 6-9 anos,F1_RegulacaoEmocional,114,> 95 e < 99,Superior
Masculino 6-9 anos,F1_RegulacaoEmocional,115,> 95 e < 99,Superior
Masculino 6-9 anos,F1_RegulacaoEmocional,116,> 95 e < 99,Superior
Masculino 6-9 anos,F1_RegulacaoEmocional,117,> 95 e < 99,Superior
Masculino 6-9 anos,F1_RegulacaoEmocional,118,> 95 e < 99,Superior
Masculino 6-9 anos,F1_RegulacaoEmocional,119,> 95 e < 99,Superior
Masculino 6-9 anos,F1_RegulacaoEmocional,120,> 95 e < 99,Superior
Masculino 6-9 anos,F2_HiperatividadeImpulsividade,1,< 1,Inferior
Masculino 6-9 anos,F2_HiperatividadeImpulsividade,2,< 1,Inferior
Masculino 6-9 anos,F2_HiperatividadeImpulsividade,3,< 1,Inferior
Masculino 6-9 anos,F2_HiperatividadeImpulsividade,4,< 1,Inferior
Masculino 6-9 anos,F2_HiperatividadeImpulsividade,5,< 1,Inferior
Masculino 6-9 anos,F2_HiperatividadeImpulsividade,6,< 1,Inferior
Masculino 6-9 anos,F2_HiperatividadeImpulsividade,7,< 1,Inferior
Masculino 6-9 anos,F2_HiperatividadeImpulsividade,8,< 1,Inferior
Masculino 6-9 anos,F2_HiperatividadeImpulsividade,9,< 1,Inferior
Masculino 6-9 anos,F2_HiperatividadeImpulsividade,10,< 1,Inferior
Masculino 6-9 anos,F2_HiperatividadeImpulsividade,11,< 1,Inferior
Masculino 6-9 anos,F2_HiperatividadeImpulsividade,12,< 1,Inferior
Masculino 6-9 anos,F2_HiperatividadeImpulsividade,13,< 1,Inferior
Masculino 6-9 anos,F2_HiperatividadeImpulsividade,14,< 1,Inferior
Masculino 6-9 anos,F2_HiperatividadeImpulsividade,15,< 1,Inferior
Masculino 6-9 anos,F2_HiperatividadeImpulsividade,16,< 1,Inferior
Masculino 6-9 anos,F2_HiperatividadeImpulsividade,17,< 1,Inferior
Masculino 6-9 anos,F2_HiperatividadeImpulsividade,18,< 1,Inferior
Masculino 6-9 anos,F2_HiperatividadeImpulsividade,19,< 1,Inferior
Masculino 6-9 anos,F2_HiperatividadeImpulsividade,20,< 1,Inferior
Masculino 6-9 anos,F2_HiperatividadeImpulsividade,21,1,Inferior
Masculino 6-9 anos,F2_HiperatividadeImpulsividade,21.7,5,Inferior
Masculino 6-9 anos,F2_HiperatividadeImpulsividade,22,> 5 e < 10,Inferior
Masculino 6-9 anos,F2_HiperatividadeImpulsividade,23,10,Inferior
Masculino 6-9 anos,F2_HiperatividadeImpulsividade,24,> 10 e < 15,Inferior
Masculino 6-9 anos,F2_HiperatividadeImpulsividade,24.1,15,Inferior
Masculino 6-9 anos,F2_HiperatividadeImpulsividade,25,> 15 e < 20,Inferior
Masculino 6-9 anos,F2_HiperatividadeImpulsividade,26,20,Inferior
Masculino 6-9 anos,F2_HiperatividadeImpulsividade,27,> 20 e < 25,Inferior
Masculino 6-9 anos,F2_HiperatividadeImpulsividade,28,> 20 e < 25,Inferior
Masculino 6-9 anos,F2_HiperatividadeImpulsividade,28.25,25,Média Inferior
Masculino 6-9 anos,F2_HiperatividadeImpulsividade,29,> 25 e < 30,Média Inferior
Masculino 6-9 anos,F2_HiperatividadeImpulsividade,29.1,30,Média Inferior
Masculino 6-9 anos,F2_HiperatividadeImpulsividade,30,35,Média Inferior
Masculino 6-9 anos,F2_HiperatividadeImpulsividade,31,> 40 e < 45,Média Inferior
Masculino 6-9 anos,F2_HiperatividadeImpulsividade,32,> 40 e < 45,Média Inferior
Masculino 6-9 anos,F2_HiperatividadeImpulsividade,32.3,45,Média
Masculino 6-9 anos,F2_HiperatividadeImpulsividade,33,> 45 e < 50,Média
Masculino 6-9 anos,F2_HiperatividadeImpulsividade,34,50,Média
Masculino 6-9 anos,F2_HiperatividadeImpulsividade,35,> 55 e < 60,Média
Masculino 6-9 anos,F2_HiperatividadeImpulsividade,35.4,60,Média
Masculino 6-9 anos,F2_HiperatividadeImpulsividade,36,> 60 e < 65,Média
Masculino 6-9 anos,F2_HiperatividadeImpulsividade,37,> 60 e < 65,Média
Masculino 6-9 anos,F2_HiperatividadeImpulsividade,37.55,65,Média Superior
Masculino 6-9 anos,F2_HiperatividadeImpulsividade,38,> 65 e < 70,Média Superior
Masculino 6-9 anos,F2_HiperatividadeImpulsividade,39,> 65 e < 70,Média Superior
Masculino 6-9 anos,F2_HiperatividadeImpulsividade,40,> 65 e < 70,Média Superior
Masculino 6-9 anos,F2_HiperatividadeImpulsividade,41,> 65 e < 70,Média Superior
Masculino 6-9 anos,F2_HiperatividadeImpulsividade,42,> 65 e < 70,Média Superior
Masculino 6-9 anos,F2_HiperatividadeImpulsividade,42.5,70,Média Superior
Masculino 6-9 anos,F2_HiperatividadeImpulsividade,43,> 70 e < 75,Média Superior
Masculino 6-9 anos,F2_HiperatividadeImpulsividade,44,> 70 e < 75,Média Superior
Masculino 6-9 anos,F2_HiperatividadeImpulsividade,44.25,75,Média superior
Masculino 6-9 anos,F2_HiperatividadeImpulsividade,45,> 75 e < 80,Média superior
Masculino 6-9 anos,F2_HiperatividadeImpulsividade,46,> 75 e < 80,Média superior
Masculino 6-9 anos,F2_HiperatividadeImpulsividade,46.8,80,Média superior
Masculino 6-9 anos,F2_HiperatividadeImpulsividade,47,> 80 e < 85,Média superior
Masculino 6-9 anos,F2_HiperatividadeImpulsividade,48,> 80 e < 85,Média superior
Masculino 6-9 anos,F2_HiperatividadeImpulsividade,49,> 80 e < 85,Média superior
Masculino 6-9 anos,F2_HiperatividadeImpulsividade,50,> 80 e < 85,Média superior
Masculino 6-9 anos,F2_HiperatividadeImpulsividade,50.85,85,Superior
Masculino 6-9 anos,F2_HiperatividadeImpulsividade,51,> 85 e < 90,Superior
Masculino 6-9 anos,F2_HiperatividadeImpulsividade,52,> 85 e < 90,Superior
Masculino 6-9 anos,F2_HiperatividadeImpulsividade,53,> 85 e < 90,Superior
Masculino 6-9 anos,F2_HiperatividadeImpulsividade,54,> 85 e < 90,Superior
Masculino 6-9 anos,F2_HiperatividadeImpulsividade,55,> 85 e < 90,Superior
Masculino 6-9 anos,F2_HiperatividadeImpulsividade,56,> 85 e < 90,Superior
Masculino 6-9 anos,F2_HiperatividadeImpulsividade,57,> 85 e < 90,Superior
Masculino 6-9 anos,F2_HiperatividadeImpulsividade,58,> 85 e < 90,Superior
Masculino 6-9 anos,F2_HiperatividadeImpulsividade,59,> 85 e < 90,Superior
Masculino 6-9 anos,F2_HiperatividadeImpulsividade,60,> 85 e < 90,Superior
Masculino 6-9 anos,F2_HiperatividadeImpulsividade,61,90,Superior
Masculino 6-9 anos,F2_HiperatividadeImpulsividade,62,> 90 e < 95,Superior
Masculino 6-9 anos,F2_HiperatividadeImpulsividade,62.95,95,Superior
Masculino 6-9 anos,F2_HiperatividadeImpulsividade,63,> 95 e < 99,Superior
Masculino 6-9 anos,F2_HiperatividadeImpulsividade,64,> 95 e < 99,Superior
Masculino 6-9 anos,F2_HiperatividadeImpulsividade,65,> 95 e < 99,Superior
Masculino 6-9 anos,F2_HiperatividadeImpulsividade,66,> 95 e < 99,Superior
Masculino 6-9 anos,F2_HiperatividadeImpulsividade,67,> 95 e < 99,Superior
Masculino 6-9 anos,F2_HiperatividadeImpulsividade,68,> 95 e < 99,Superior
Masculino 6-9 anos,F2_HiperatividadeImpulsividade,69,> 95 e < 99,Superior
Masculino 6-9 anos,F2_HiperatividadeImpulsividade,70,> 95 e < 99,Superior
Masculino 6-9 anos,F2_HiperatividadeImpulsividade,71,> 95 e < 99,Superior
Masculino 6-9 anos,F2_HiperatividadeImpulsividade,72,> 95 e < 99,Superior
Masculino 6-9 anos,F2_HiperatividadeImpulsividade,73,> 95 e < 99,Superior
Masculino 6-9 anos,F2_HiperatividadeImpulsividade,74,> 95 e < 99,Superior
Masculino 6-9 anos,F2_HiperatividadeImpulsividade,75,> 95 e < 99,Superior
Masculino 6-9 anos,F2_HiperatividadeImpulsividade,76,> 95 e < 99,Superior
Masculino 6-9 anos,F2_HiperatividadeImpulsividade,77,> 95 e < 99,Superior
Masculino 6-9 anos,F2_HiperatividadeImpulsividade,78,> 95 e < 99,Superior
Masculino 6-9 anos,F2_HiperatividadeImpulsividade,79,> 95 e < 99,Superior
Masculino 6-9 anos,F2_HiperatividadeImpulsividade,80,> 95 e < 99,Superior
Masculino 6-9 anos,F3_ComportamentoAdaptativo,1,< 1,Inferior
Masculino 6-9 anos,F3_ComportamentoAdaptativo,2,< 1,Inferior
Masculino 6-9 anos,F3_ComportamentoAdaptativo,3,< 1,Inferior
Masculino 6-9 anos,F3_ComportamentoAdaptativo,4,< 1,Inferior
Masculino 6-9 anos,F3_ComportamentoAdaptativo,5,< 1,Inferior
Masculino 6-9 anos,F3_ComportamentoAdaptativo,6,< 1,Inferior
Masculino 6-9 anos,F3_ComportamentoAdaptativo,7,< 1,Inferior
Masculino 6-9 anos,F3_ComportamentoAdaptativo,8,< 1,Inferior
Masculino 6-9 anos,F3_ComportamentoAdaptativo,9,< 1,Inferior
Masculino 6-9 anos,F3_ComportamentoAdaptativo,10,< 1,Inferior
Masculino 6-9 anos,F3_ComportamentoAdaptativo,11,< 1,Inferior
Masculino 6-9 anos,F3_ComportamentoAdaptativo,12,< 1,Inferior
Masculino 6-9 anos,F3_ComportamentoAdaptativo,13,< 1,Inferior
Masculino 6-9 anos,F3_ComportamentoAdaptativo,14,< 1,Inferior
Masculino 6-9 anos,F3_ComportamentoAdaptativo,15,< 1,Inferior
Masculino 6-9 anos,F3_ComportamentoAdaptativo,16,< 1,Inferior
Masculino 6-9 anos,F3_ComportamentoAdaptativo,17,< 1,Inferior
Masculino 6-9 anos,F3_ComportamentoAdaptativo,18,< 1,Inferior
Masculino 6-9 anos,F3_ComportamentoAdaptativo,19,< 1,Inferior
Masculino 6-9 anos,F3_ComportamentoAdaptativo,20,< 1,Inferior
Masculino 6-9 anos,F3_ComportamentoAdaptativo,21,< 1,Inferior
Masculino 6-9 anos,F3_ComportamentoAdaptativo,22,< 1,Inferior
Masculino 6-9 anos,F3_ComportamentoAdaptativo,23,< 1,Inferior
Masculino 6-9 anos,F3_ComportamentoAdaptativo,24,< 1,Inferior
Masculino 6-9 anos,F3_ComportamentoAdaptativo,25,< 1,Inferior
Masculino 6-9 anos,F3_ComportamentoAdaptativo,26,< 1,Inferior
Masculino 6-9 anos,F3_ComportamentoAdaptativo,27,< 1,Inferior
Masculino 6-9 anos,F3_ComportamentoAdaptativo,28,< 1,Inferior
Masculino 6-9 anos,F3_ComportamentoAdaptativo,29,< 1,Inferior
Masculino 6-9 anos,F3_ComportamentoAdaptativo,30,< 1,Inferior
Masculino 6-9 anos,F3_ComportamentoAdaptativo,31,< 1,Inferior
Masculino 6-9 anos,F3_ComportamentoAdaptativo,32,< 1,Inferior
Masculino 6-9 anos,F3_ComportamentoAdaptativo,33,< 1,Inferior
Masculino 6-9 anos,F3_ComportamentoAdaptativo,34,1,Inferior
Masculino 6-9 anos,F3_ComportamentoAdaptativo,34.35,5,Inferior
Masculino 6-9 anos,F3_ComportamentoAdaptativo,35,10,Inferior
Masculino 6-9 anos,F3_ComportamentoAdaptativo,36,> 10 e < 15,Inferior
Masculino 6-9 anos,F3_ComportamentoAdaptativo,37,15,Inferior
Masculino 6-9 anos,F3_ComportamentoAdaptativo,38,> 15 e < 20,Inferior
Masculino 6-9 anos,F3_ComportamentoAdaptativo,38.6,20,Inferior
Masculino 6-9 anos,F3_ComportamentoAdaptativo,39,> 20 e < 25,Inferior
Masculino 6-9 anos,F3_ComportamentoAdaptativo,40,> 20 e < 25,Inferior
Masculino 6-9 anos,F3_ComportamentoAdaptativo,41,> 20 e < 25,Inferior
Masculino 6-9 anos,F3_ComportamentoAdaptativo,41.75,25,Média Inferior
Masculino 6-9 anos,F3_ComportamentoAdaptativo,42,> 25 e < 30,Média Inferior
Masculino 6-9 anos,F3_ComportamentoAdaptativo,43,> 25 e < 30,Média Inferior
Masculino 6-9 anos,F3_ComportamentoAdaptativo,44,> 25 e < 30,Média Inferior
Masculino 6-9 anos,F3_ComportamentoAdaptativo,44.1,30,Média Inferior
Masculino 6-9 anos,F3_ComportamentoAdaptativo,45,> 30 e < 35,Média Inferior
Masculino 6-9 anos,F3_ComportamentoAdaptativo,46,> 30 e < 35,Média Inferior
Masculino 6-9 anos,F3_ComportamentoAdaptativo,46.35,35,Média Inferior
Masculino 6-9 anos,F3_ComportamentoAdaptativo,47,> 35 e < 40,Média Inferior
Masculino 6-9 anos,F3_ComportamentoAdaptativo,48,40,Média Inferior
Masculino 6-9 anos,F3_ComportamentoAdaptativo,48.15,45,Média
Masculino 6-9 anos,F3_ComportamentoAdaptativo,49,50,Média
Masculino 6-9 anos,F3_ComportamentoAdaptativo,50,> 55 e < 60,Média
Masculino 6-9 anos,F3_ComportamentoAdaptativo,51,60,Média
Masculino 6-9 anos,F3_ComportamentoAdaptativo,52,> 60 e < 65,Média
Masculino 6-9 anos,F3_ComportamentoAdaptativo,52.65,65,Média Superior
Masculino 6-9 anos,F3_ComportamentoAdaptativo,53,> 65 e < 70,Média Superior
Masculino 6-9 anos,F3_ComportamentoAdaptativo,54,70,Média Superior
Masculino 6-9 anos,F3_ComportamentoAdaptativo,55,> 70 e < 75,Média Superior
Masculino 6-9 anos,F3_ComportamentoAdaptativo,56,> 70 e < 75,Média Superior
Masculino 6-9 anos,F3_ComportamentoAdaptativo,57,75,Média superior
Masculino 6-9 anos,F3_ComportamentoAdaptativo,58,> 75 e < 80,Média superior
Masculino 6-9 anos,F3_ComportamentoAdaptativo,59,> 75 e < 80,Média superior
Masculino 6-9 anos,F3_ComportamentoAdaptativo,60,80,Média superior
Masculino 6-9 anos,F3_ComportamentoAdaptativo,61,> 80 e < 85,Média superior
Masculino 6-9 anos,F3_ComportamentoAdaptativo,62,> 80 e < 85,Média superior
Masculino 6-9 anos,F3_ComportamentoAdaptativo,63,> 80 e < 85,Média superior
Masculino 6-9 anos,F3_ComportamentoAdaptativo,64,> 80 e < 85,Média superior
Masculino 6-9 anos,F3_ComportamentoAdaptativo,65,> 80 e < 85,Média superior
Masculino 6-9 anos,F3_ComportamentoAdaptativo,66,> 80 e < 85,Média superior
Masculino 6-9 anos,F3_ComportamentoAdaptativo,66.75,85,Superior
Masculino 6-9 anos,F3_ComportamentoAdaptativo,67,> 85 e < 90,Superior
Masculino 6-9 anos,F3_ComportamentoAdaptativo,67.3,90,Superior
Masculino 6-9 anos,F3_ComportamentoAdaptativo,68,> 90 e < 95,Superior
Masculino 6-9 anos,F3_ComportamentoAdaptativo,69,> 90 e < 95,Superior
Masculino 6-9 anos,F3_ComportamentoAdaptativo,70,> 90 e < 95,Superior
Masculino 6-9 anos,F3_ComportamentoAdaptativo,71,> 90 e < 95,Superior
Masculino 6-9 anos,F3_ComportamentoAdaptativo,71.25,95,Superior
Masculino 6-9 anos,F3_ComportamentoAdaptativo,72,> 95 e < 99,Superior
Masculino 6-9 anos,F3_ComportamentoAdaptativo,73,> 95 e < 99,Superior
Masculino 6-9 anos,F3_ComportamentoAdaptativo,74,> 95 e < 99,Superior
Masculino 6-9 anos,F3_ComportamentoAdaptativo,75,> 95 e < 99,Superior
Masculino 6-9 anos,F3_ComportamentoAdaptativo,76,> 95 e < 99,Superior
Masculino 6-9 anos,F3_ComportamentoAdaptativo,77,> 95 e < 99,Superior
Masculino 6-9 anos,F3_ComportamentoAdaptativo,78,> 95 e < 99,Superior
Masculino 6-9 anos,F3_ComportamentoAdaptativo,79,> 95 e < 99,Superior
Masculino 6-9 anos,F3_ComportamentoAdaptativo,80,> 95 e < 99,Superior
Masculino 6-9 anos,F3_ComportamentoAdaptativo,81,> 95 e < 99,Superior
Masculino 6-9 anos,F3_ComportamentoAdaptativo,82,> 95 e < 99,Superior
Masculino 6-9 anos,F3_ComportamentoAdaptativo,83,> 95 e < 99,Superior
Masculino 6-9 anos,F3_ComportamentoAdaptativo,84,> 95 e < 99,Superior
Masculino 6-9 anos,F3_ComportamentoAdaptativo,85,> 95 e < 99,Superior
Masculino 6-9 anos,F3_ComportamentoAdaptativo,86,> 95 e < 99,Superior
Masculino 6-9 anos,F3_ComportamentoAdaptativo,87,> 95 e < 99,Superior
Masculino 6-9 anos,F3_ComportamentoAdaptativo,88,> 95 e < 99,Superior
Masculino 6-9 anos,F3_ComportamentoAdaptativo,89,> 95 e < 99,Superior
Masculino 6-9 anos,F3_ComportamentoAdaptativo,90,> 95 e < 99,Superior
Masculino 6-9 anos,F4_Atencao,1,< 1,Inferior
Masculino 6-9 anos,F4_Atencao,2,< 1,Inferior
Masculino 6-9 anos,F4_Atencao,3,< 1,Inferior
Masculino 6-9 anos,F4_Atencao,4,< 1,Inferior
Masculino 6-9 anos,F4_Atencao,5,< 1,Inferior
Masculino 6-9 anos,F4_Atencao,6,< 1,Inferior
Masculino 6-9 anos,F4_Atencao,7,< 1,Inferior
Masculino 6-9 anos,F4_Atencao,8,< 1,Inferior
Masculino 6-9 anos,F4_Atencao,9,< 1,Inferior
Masculino 6-9 anos,F4_Atencao,10,< 1,Inferior
Masculino 6-9 anos,F4_Atencao,11,< 1,Inferior
Masculino 6-9 anos,F4_Atencao,12,< 1,Inferior
Masculino 6-9 anos,F4_Atencao,13,< 1,Inferior
Masculino 6-9 anos,F4_Atencao,14,< 1,Inferior
Masculino 6-9 anos,F4_Atencao,15,1,Inferior
Masculino 6-9 anos,F4_Atencao,15.7,5,Inferior
Masculino 6-9 anos,F4_Atencao,16,> 5 e < 10,Inferior
Masculino 6-9 anos,F4_Atencao,17,10,Inferior
Masculino 6-9 anos,F4_Atencao,18,> 10 e < 15,Inferior
Masculino 6-9 anos,F4_Atencao,18.1,15,Inferior
Masculino 6-9 anos,F4_Atencao,19,> 15 e < 20,Inferior
Masculino 6-9 anos,F4_Atencao,20,20,Inferior
Masculino 6-9 anos,F4_Atencao,21,> 20 e < 25,Inferior
Masculino 6-9 anos,F4_Atencao,21.5,25,Média Inferior
Masculino 6-9 anos,F4_Atencao,22,> 25 e < 30,Média Inferior
Masculino 6-9 anos,F4_Atencao,23,> 25 e < 30,Média Inferior
Masculino 6-9 anos,F4_Atencao,23.7,30,Média Inferior
Masculino 6-9 anos,F4_Atencao,24,> 30 e < 35,Média Inferior
Masculino 6-9 anos,F4_Atencao,25,> 30 e < 35,Média Inferior
Masculino 6-9 anos,F4_Atencao,26,> 30 e < 35,Média Inferior
Masculino 6-9 anos,F4_Atencao,27,> 30 e < 35,Média Inferior
Masculino 6-9 anos,F4_Atencao,28,> 30 e < 35,Média Inferior
Masculino 6-9 anos,F4_Atencao,29,> 30 e < 35,Média Inferior
Masculino 6-9 anos,F4_Atencao,30,> 30 e < 35,Média Inferior
Masculino 6-9 anos,F4_Atencao,30.45,35,Média Inferior
Masculino 6-9 anos,F4_Atencao,31,40,Média Inferior
Masculino 6-9 anos,F4_Atencao,31.3,45,Média
Masculino 6-9 anos,F4_Atencao,32,> 45 e < 50,Média
Masculino 6-9 anos,F4_Atencao,33,> 45 e < 50,Média
Masculino 6-9 anos,F4_Atencao,33.5,50,Média
Masculino 6-9 anos,F4_Atencao,34,55,Média
Masculino 6-9 anos,F4_Atencao,34.4,60,Média
Masculino 6-9 anos,F4_Atencao,35,> 60 e < 65,Média
Masculino 6-9 anos,F4_Atencao,36,> 60 e < 65,Média
Masculino 6-9 anos,F4_Atencao,37,> 60 e < 65,Média
Masculino 6-9 anos,F4_Atencao,37.65,65,Média Superior
Masculino 6-9 anos,F4_Atencao,38,> 65 e < 70,Média Superior
Masculino 6-9 anos,F4_Atencao,39,> 65 e < 70,Média Superior
Masculino 6-9 anos,F4_Atencao,39.9,70,Média Superior
Masculino 6-9 anos,F4_Atencao,40,> 70 e < 75,Média Superior
Masculino 6-9 anos,F4_Atencao,41,75,Média superior
Masculino 6-9 anos,F4_Atencao,42,> 75 e < 80,Média superior
Masculino 6-9 anos,F4_Atencao,43,> 75 e < 80,Média superior
Masculino 6-9 anos,F4_Atencao,44,80,Média superior
Masculino 6-9 anos,F4_Atencao,45,> 80 e < 85,Média superior
Masculino 6-9 anos,F4_Atencao,45.9,85,Superior
Masculino 6-9 anos,F4_Atencao,46,> 85 e < 90,Superior
Masculino 6-9 anos,F4_Atencao,46.6,90,Superior
Masculino 6-9 anos,F4_Atencao,47,> 90 e < 95,Superior
Masculino 6-9 anos,F4_Atencao,48,95,Superior
Masculino 6-9 anos,F4_Atencao,49,> 95 e < 99,Superior
Masculino 6-9 anos,F4_Atencao,50,> 95 e < 99,Superior
Masculino 6-9 anos,F4_Atencao,51,> 95 e < 99,Superior
Masculino 6-9 anos,F4_Atencao,52,> 95 e < 99,Superior
Masculino 6-9 anos,F4_Atencao,53,> 95 e < 99,Superior
Masculino 6-9 anos,F4_Atencao,54,> 95 e < 99,Superior
Masculino 6-9 anos,F4_Atencao,55,> 95 e < 99,Superior
Masculino 6-9 anos,F4_Atencao,56,> 95 e < 99,Superior
Masculino 6-9 anos,F4_Atencao,57,> 95 e < 99,Superior
Masculino 6-9 anos,F4_Atencao,58,> 95 e < 99,Superior
Masculino 6-9 anos,F4_Atencao,59,> 95 e < 99,Superior
Masculino 6-9 anos,F4_Atencao,60,> 95 e < 99,Superior
Masculino 6-9 anos,F4_Atencao,61,> 95 e < 99,Superior
Masculino 6-9 anos,F4_Atencao,62,> 95 e < 99,Superior
Masculino 6-9 anos,F4_Atencao,63,> 95 e < 99,Superior
Masculino 6-9 anos,F4_Atencao,64,> 95 e < 99,Superior
Masculino 6-9 anos,F4_Atencao,65,> 95 e < 99,Superior
Masculino 6-9 anos,F4_Atencao,66,> 95 e < 99,Superior
Masculino 6-9 anos,F4_Atencao,67,> 95 e < 99,Superior
Masculino 6-9 anos,F4_Atencao,68,> 95 e < 99,Superior
Masculino 6-9 anos,F4_Atencao,69,> 95 e < 99,Superior
Masculino 6-9 anos,F4_Atencao,70,> 95 e < 99,Superior
Masculino 6-9 anos,F4_Atencao,71,> 95 e < 99,Superior
Masculino 6-9 anos,F4_Atencao,72,> 95 e < 99,Superior
Masculino 6-9 anos,F4_Atencao,73,> 95 e < 99,Superior
Masculino 6-9 anos,F4_Atencao,74,> 95 e < 99,Superior
Masculino 6-9 anos,F4_Atencao,75,> 95 e < 99,Superior
Masculino 10-13 anos,EscoreGeral,45,< 1,Inferior
Masculino 10-13 anos,EscoreGeral,46,< 1,Inferior
Masculino 10-13 anos,EscoreGeral,47,< 1,Inferior
Masculino 10-13 anos,EscoreGeral,48,< 1,Inferior
Masculino 10-13 anos,EscoreGeral,49,< 1,Inferior
Masculino 10-13 anos,EscoreGeral,50,< 1,Inferior
Masculino 10-13 anos,EscoreGeral,51,< 1,Inferior
Masculino 10-13 anos,EscoreGeral,52,< 1,Inferior
Masculino 10-13 anos,EscoreGeral,53,< 1,Inferior
Masculino 10-13 anos,EscoreGeral,54,< 1,Inferior
Masculino 10-13 anos,EscoreGeral,55,< 1,Inferior
Masculino 10-13 anos,EscoreGeral,56,< 1,Inferior
Masculino 10-13 anos,EscoreGeral,57,< 1,Inferior
Masculino 10-13 anos,EscoreGeral,58,< 1,Inferior
Masculino 10-13 anos,EscoreGeral,59,< 1,Inferior
Masculino 10-13 anos,EscoreGeral,60,< 1,Inferior
Masculino 10-13 anos,EscoreGeral,61,< 1,Inferior
Masculino 10-13 anos,EscoreGeral,62,< 1,Inferior
Masculino 10-13 anos,EscoreGeral,63,< 1,Inferior
Masculino 10-13 anos,EscoreGeral,64,< 1,Inferior
Masculino 10-13 anos,EscoreGeral,65,< 1,Inferior
Masculino 10-13 anos,EscoreGeral,66,< 1,Inferior
Masculino 10-13 anos,EscoreGeral,67,< 1,Inferior
Masculino 10-13 anos,EscoreGeral,68,< 1,Inferior
Masculino 10-13 anos,EscoreGeral,69,< 1,Inferior
Masculino 10-13 anos,EscoreGeral,70,< 1,Inferior
Masculino 10-13 anos,EscoreGeral,71,< 1,Inferior
Masculino 10-13 anos,EscoreGeral,72,< 1,Inferior
Masculino 10-13 anos,EscoreGeral,73,< 1,Inferior
Masculino 10-13 anos,EscoreGeral,74,< 1,Inferior
Masculino 10-13 anos,EscoreGeral,75,< 1,Inferior
Masculino 10-13 anos,EscoreGeral,76,< 1,Inferior
Masculino 10-13 anos,EscoreGeral,77,< 1,Inferior
Masculino 10-13 anos,EscoreGeral,78,< 1,Inferior
Masculino 10-13 anos,EscoreGeral,79,< 1,Inferior
Masculino 10-13 anos,EscoreGeral,80,< 1,Inferior
Masculino 10-13 anos,EscoreGeral,81,< 1,Inferior
Masculino 10-13 anos,EscoreGeral,82,< 1,Inferior
Masculino 10-13 anos,EscoreGeral,83,< 1,Inferior
Masculino 10-13 anos,EscoreGeral,84,< 1,Inferior
Masculino 10-13 anos,EscoreGeral,85,< 1,Inferior
Masculino 10-13 anos,EscoreGeral,86,< 1,Inferior
Masculino 10-13 anos,EscoreGeral,87,< 1,Inferior
Masculino 10-13 anos,EscoreGeral,88,< 1,Inferior
Masculino 10-13 anos,EscoreGeral,89,< 1,Inferior
Masculino 10-13 anos,EscoreGeral,90,< 1,Inferior
Masculino 10-13 anos,EscoreGeral,91,< 1,Inferior
Masculino 10-13 anos,EscoreGeral,92,< 1,Inferior
Masculino 10-13 anos,EscoreGeral,93,< 1,Inferior
Masculino 10-13 anos,EscoreGeral,94,< 1,Inferior
Masculino 10-13 anos,EscoreGeral,95,< 1,Inferior
Masculino 10-13 anos,EscoreGeral,96,< 1,Inferior
Masculino 10-13 anos,EscoreGeral,97,< 1,Inferior
Masculino 10-13 anos,EscoreGeral,98,< 1,Inferior
Masculino 10-13 anos,EscoreGeral,99,< 1,Inferior
Masculino 10-13 anos,EscoreGeral,100,< 1,Inferior
Masculino 10-13 anos,EscoreGeral,101,< 1,Inferior
Masculino 10-13 anos,EscoreGeral,102,< 1,Inferior
Masculino 10-13 anos,EscoreGeral,103,< 1,Inferior
Masculino 10-13 anos,EscoreGeral,104,1,Inferior
Masculino 10-13 anos,EscoreGeral,104.9,5,Inferior
Masculino 10-13 anos,EscoreGeral,105,> 5 e < 10,Inferior
Masculino 10-13 anos,EscoreGeral,106,> 5 e < 10,Inferior
Masculino 10-13 anos,EscoreGeral,107,> 5 e < 10,Inferior
Masculino 10-13 anos,EscoreGeral,108,> 5 e < 10,Inferior
Masculino 10-13 anos,EscoreGeral,109,> 5 e < 10,Inferior
Masculino 10-13 anos,EscoreGeral,110,> 5 e < 10,Inferior
Masculino 10-13 anos,EscoreGeral,111,> 5 e < 10,Inferior
Masculino 10-13 anos,EscoreGeral,112,> 5 e < 10,Inferior
Masculino 10-13 anos,EscoreGeral,113,> 5 e < 10,Inferior
Masculino 10-13 anos,EscoreGeral,114,> 5 e < 10,Inferior
Masculino 10-13 anos,EscoreGeral,115,> 5 e < 10,Inferior
Masculino 10-13 anos,EscoreGeral,116,> 5 e < 10,Inferior
Masculino 10-13 anos,EscoreGeral,117,> 5 e < 10,Inferior
Masculino 10-13 anos,EscoreGeral,118,> 5 e < 10,Inferior
Masculino 10-13 anos,EscoreGeral,119,> 5 e < 10,Inferior
Masculino 10-13 anos,EscoreGeral,120,> 5 e < 10,Inferior
Masculino 10-13 anos,EscoreGeral,120.6,10,Inferior
Masculino 10-13 anos,EscoreGeral,121,> 10 e < 15,Inferior
Masculino 10-13 anos,EscoreGeral,122,> 10 e < 15,Inferior
Masculino 10-13 anos,EscoreGeral,123,> 10 e < 15,Inferior
Masculino 10-13 anos,EscoreGeral,124,> 10 e < 15,Inferior
Masculino 10-13 anos,EscoreGeral,125,> 10 e < 15,Inferior
Masculino 10-13 anos,EscoreGeral,126,> 10 e < 15,Inferior
Masculino 10-13 anos,EscoreGeral,127,> 10 e < 15,Inferior
Masculino 10-13 anos,EscoreGeral,127.3,15,Inferior
Masculino 10-13 anos,EscoreGeral,128,> 15 e < 20,Inferior
Masculino 10-13 anos,EscoreGeral,129,> 15 e < 20,Inferior
Masculino 10-13 anos,EscoreGeral,130,> 15 e < 20,Inferior
Masculino 10-13 anos,EscoreGeral,131,> 15 e < 20,Inferior
Masculino 10-13 anos,EscoreGeral,132,> 15 e < 20,Inferior
Masculino 10-13 anos,EscoreGeral,133,> 15 e < 20,Inferior
Masculino 10-13 anos,EscoreGeral,134,> 15 e < 20,Inferior
Masculino 10-13 anos,EscoreGeral,134.2,20,Inferior
Masculino 10-13 anos,EscoreGeral,135,> 20 e < 25,Inferior
Masculino 10-13 anos,EscoreGeral,136,> 20 e < 25,Inferior
Masculino 10-13 anos,EscoreGeral,137,> 20 e < 25,Inferior
Masculino 10-13 anos,EscoreGeral,138,> 20 e < 25,Inferior
Masculino 10-13 anos,EscoreGeral,139,> 20 e < 25,Inferior
Masculino 10-13 anos,EscoreGeral,140,> 20 e < 25,Inferior
Masculino 10-13 anos,EscoreGeral,141,> 20 e < 25,Inferior
Masculino 10-13 anos,EscoreGeral,142,> 20 e < 25,Inferior
Masculino 10-13 anos,EscoreGeral,143,> 20 e < 25,Inferior
Masculino 10-13 anos,EscoreGeral,144,> 20 e < 25,Inferior
Masculino 10-13 anos,EscoreGeral,145,> 20 e < 25,Inferior
Masculino 10-13 anos,EscoreGeral,146,> 20 e < 25,Inferior
Masculino 10-13 anos,EscoreGeral,147,> 20 e < 25,Inferior
Masculino 10-13 anos,EscoreGeral,148,25,Média Inferior
Masculino 10-13 anos,EscoreGeral,149,> 25 e < 30,Média Inferior
Masculino 10-13 anos,EscoreGeral,149.8,30,Média Inferior
Masculino 10-13 anos,EscoreGeral,150,> 30 e < 35,Média Inferior
Masculino 10-13 anos,EscoreGeral,151,> 30 e < 35,Média Inferior
Masculino 10-13 anos,EscoreGeral,152,> 30 e < 35,Média Inferior
Masculino 10-13 anos,EscoreGeral,153,> 30 e < 35,Média Inferior
Masculino 10-13 anos,EscoreGeral,153.1,35,Média Inferior
Masculino 10-13 anos,EscoreGeral,154,> 35 e < 40,Média Inferior
Masculino 10-13 anos,EscoreGeral,155,> 35 e < 40,Média Inferior
Masculino 10-13 anos,EscoreGeral,155.6,40,Média Inferior
Masculino 10-13 anos,EscoreGeral,156,> 40 e < 45,Média Inferior
Masculino 10-13 anos,EscoreGeral,157,> 40 e < 45,Média Inferior
Masculino 10-13 anos,EscoreGeral,158,> 40 e < 45,Média Inferior
Masculino 10-13 anos,EscoreGeral,159,> 40 e < 45,Média Inferior
Masculino 10-13 anos,EscoreGeral,160,> 40 e < 45,Média Inferior
Masculino 10-13 anos,EscoreGeral,161,> 40 e < 45,Média Inferior
Masculino 10-13 anos,EscoreGeral,162,> 40 e < 45,Média Inferior
Masculino 10-13 anos,EscoreGeral,163,> 40 e < 45,Média Inferior
Masculino 10-13 anos,EscoreGeral,163.1,45,Média
Masculino 10-13 anos,EscoreGeral,164,> 45 e < 50,Média
Masculino 10-13 anos,EscoreGeral,165,50,Média
Masculino 10-13 anos,EscoreGeral,166,> 50 e < 55,Média
Masculino 10-13 anos,EscoreGeral,167,> 50 e < 55,Média
Masculino 10-13 anos,EscoreGeral,168,> 50 e < 55,Média
Masculino 10-13 anos,EscoreGeral,168.5,55,Média
Masculino 10-13 anos,EscoreGeral,169,> 55 e < 60,Média
Masculino 10-13 anos,EscoreGeral,170,> 55 e < 60,Média
Masculino 10-13 anos,EscoreGeral,171,> 55 e < 60,Média
Masculino 10-13 anos,EscoreGeral,172,> 55 e < 60,Média
Masculino 10-13 anos,EscoreGeral,173,> 55 e < 60,Média
Masculino 10-13 anos,EscoreGeral,174,> 55 e < 60,Média
Masculino 10-13 anos,EscoreGeral,175,> 55 e < 60,Média
Masculino 10-13 anos,EscoreGeral,175.6,60,Média
Masculino 10-13 anos,EscoreGeral,176,> 60 e < 65,Média
Masculino 10-13 anos,EscoreGeral,177,> 60 e < 65,Média
Masculino 10-13 anos,EscoreGeral,178,> 60 e < 65,Média
Masculino 10-13 anos,EscoreGeral,179,> 60 e < 65,Média
Masculino 10-13 anos,EscoreGeral,180,> 60 e < 65,Média
Masculino 10-13 anos,EscoreGeral,181,> 60 e < 65,Média
Masculino 10-13 anos,EscoreGeral,182,> 60 e < 65,Média
Masculino 10-13 anos,EscoreGeral,183,> 60 e < 65,Média
Masculino 10-13 anos,EscoreGeral,184,> 60 e < 65,Média
Masculino 10-13 anos,EscoreGeral,185,> 60 e < 65,Média
Masculino 10-13 anos,EscoreGeral,186,> 60 e < 65,Média
Masculino 10-13 anos,EscoreGeral,186.3,65,Média Superior
Masculino 10-13 anos,EscoreGeral,187,> 65 e < 70,Média Superior
Masculino 10-13 anos,EscoreGeral,188,> 65 e < 70,Média Superior
Masculino 10-13 anos,EscoreGeral,189,> 65 e < 70,Média Superior
Masculino 10-13 anos,EscoreGeral,190,> 65 e < 70,Média Superior
Masculino 10-13 anos,EscoreGeral,191,> 65 e < 70,Média Superior
Masculino 10-13 anos,EscoreGeral,192,> 65 e < 70,Média Superior
Masculino 10-13 anos,EscoreGeral,193,> 65 e < 70,Média Superior
Masculino 10-13 anos,EscoreGeral,194,> 65 e < 70,Média Superior
Masculino 10-13 anos,EscoreGeral,195,70,Média Superior
Masculino 10-13 anos,EscoreGeral,196,> 70 e < 75,Média Superior
Masculino 10-13 anos,EscoreGeral,197,> 70 e < 75,Média Superior
Masculino 10-13 anos,EscoreGeral,198,> 70 e < 75,Média Superior
Masculino 10-13 anos,EscoreGeral,199,> 70 e < 75,Média Superior
Masculino 10-13 anos,EscoreGeral,200,> 70 e < 75,Média Superior
Masculino 10-13 anos,EscoreGeral,201,> 70 e < 75,Média Superior
Masculino 10-13 anos,EscoreGeral,202,> 70 e < 75,Média Superior
Masculino 10-13 anos,EscoreGeral,203,> 70 e < 75,Média Superior
Masculino 10-13 anos,EscoreGeral,204,> 70 e < 75,Média Superior
Masculino 10-13 anos,EscoreGeral,205,> 70 e < 75,Média Superior
Masculino 10-13 anos,EscoreGeral,206,> 70 e < 75,Média Superior
Masculino 10-13 anos,EscoreGeral,207,75,Média superior
Masculino 10-13 anos,EscoreGeral,208,> 75 e < 80,Média superior
Masculino 10-13 anos,EscoreGeral,209,> 75 e < 80,Média superior
Masculino 10-13 anos,EscoreGeral,210,> 75 e < 80,Média superior
Masculino 10-13 anos,EscoreGeral,211,> 75 e < 80,Média superior
Masculino 10-13 anos,EscoreGeral,212,> 75 e < 80,Média superior
Masculino 10-13 anos,EscoreGeral,213,> 75 e < 80,Média superior
Masculino 10-13 anos,EscoreGeral,214,> 75 e < 80,Média superior
Masculino 10-13 anos,EscoreGeral,215,> 75 e < 80,Média superior
Masculino 10-13 anos,EscoreGeral,216,> 75 e < 80,Média superior
Masculino 10-13 anos,EscoreGeral,217,> 75 e < 80,Média superior
Masculino 10-13 anos,EscoreGeral,218,> 75 e < 80,Média superior
Masculino 10-13 anos,EscoreGeral,219,> 75 e < 80,Média superior
Masculino 10-13 anos,EscoreGeral,220,> 75 e < 80,Média superior
Masculino 10-13 anos,EscoreGeral,221,> 75 e < 80,Média superior
Masculino 10-13 anos,EscoreGeral,222,> 75 e < 80,Média superior
Masculino 10-13 anos,EscoreGeral,222.8,80,Média superior
Masculino 10-13 anos,EscoreGeral,223,> 80 e < 85,Média superior
Masculino 10-13 anos,EscoreGeral,224,> 80 e < 85,Média superior
Masculino 10-13 anos,EscoreGeral,225,> 80 e < 85,Média superior
Masculino 10-13 anos,EscoreGeral,226,> 80 e < 85,Média superior
Masculino 10-13 anos,EscoreGeral,227,> 80 e < 85,Média superior
Masculino 10-13 anos,EscoreGeral,228,> 80 e < 85,Média superior
Masculino 10-13 anos,EscoreGeral,229,> 80 e < 85,Média superior
Masculino 10-13 anos,EscoreGeral,230,> 80 e < 85,Média superior
Masculino 10-13 anos,EscoreGeral,231,> 80 e < 85,Média superior
Masculino 10-13 anos,EscoreGeral,232,> 80 e < 85,Média superior
Masculino 10-13 anos,EscoreGeral,233,> 80 e < 85,Média superior
Masculino 10-13 anos,EscoreGeral,234,> 80 e < 85,Média superior
Masculino 10-13 anos,EscoreGeral,235,85,Superior
Masculino 10-13 anos,EscoreGeral,236,> 85 e < 90,Superior
Masculino 10-13 anos,EscoreGeral,237,> 85 e < 90,Superior
Masculino 10-13 anos,EscoreGeral,238,> 85 e < 90,Superior
Masculino 10-13 anos,EscoreGeral,239,> 85 e < 90,Superior
Masculino 10-13 anos,EscoreGeral,240,> 85 e < 90,Superior
Masculino 10-13 anos,EscoreGeral,241,> 85 e < 90,Superior
Masculino 10-13 anos,EscoreGeral,242,> 85 e < 90,Superior
Masculino 10-13 anos,EscoreGeral,243,> 85 e < 90,Superior
Masculino 10-13 anos,EscoreGeral,244,> 85 e < 90,Superior
Masculino 10-13 anos,EscoreGeral,245,> 85 e < 90,Superior
Masculino 10-13 anos,EscoreGeral,246,> 85 e < 90,Superior
Masculino 10-13 anos,EscoreGeral,247,> 85 e < 90,Superior
Masculino 10-13 anos,EscoreGeral,247.8,90,Superior
Masculino 10-13 anos,EscoreGeral,248,> 90 e < 95,Superior
Masculino 10-13 anos,EscoreGeral,249,> 90 e < 95,Superior
Masculino 10-13 anos,EscoreGeral,250,> 90 e < 95,Superior
Masculino 10-13 anos,EscoreGeral,251,> 90 e < 95,Superior
Masculino 10-13 anos,EscoreGeral,252,> 90 e < 95,Superior
Masculino 10-13 anos,EscoreGeral,253,> 90 e < 95,Superior
Masculino 10-13 anos,EscoreGeral,254,> 90 e < 95,Superior
Masculino 10-13 anos,EscoreGeral,255,> 90 e < 95,Superior
Masculino 10-13 anos,EscoreGeral,256,> 90 e < 95,Superior
Masculino 10-13 anos,EscoreGeral,257,> 90 e < 95,Superior
Masculino 10-13 anos,EscoreGeral,258,> 90 e < 95,Superior
Masculino 10-13 anos,EscoreGeral,258.1,95,Superior
Masculino 10-13 anos,EscoreGeral,259,> 95 e < 99,Superior
Masculino 10-13 anos,EscoreGeral,260,> 95 e < 99,Superior
Masculino 10-13 anos,EscoreGeral,261,> 95 e < 99,Superior
Masculino 10-13 anos,EscoreGeral,262,> 95 e < 99,Superior
Masculino 10-13 anos,EscoreGeral,263,> 95 e < 99,Superior
Masculino 10-13 anos,EscoreGeral,264,> 95 e < 99,Superior
Masculino 10-13 anos,EscoreGeral,265,> 95 e < 99,Superior
Masculino 10-13 anos,EscoreGeral,266,> 95 e < 99,Superior
Masculino 10-13 anos,EscoreGeral,267,> 95 e < 99,Superior
Masculino 10-13 anos,EscoreGeral,268,> 95 e < 99,Superior
Masculino 10-13 anos,EscoreGeral,269,> 95 e < 99,Superior
Masculino 10-13 anos,EscoreGeral,270,> 95 e < 99,Superior
Masculino 10-13 anos,EscoreGeral,271,> 95 e < 99,Superior
Masculino 10-13 anos,EscoreGeral,272,> 95 e < 99,Superior
Masculino 10-13 anos,EscoreGeral,273,> 95 e < 99,Superior
Masculino 10-13 anos,EscoreGeral,274,> 95 e < 99,Superior
Masculino 10-13 anos,EscoreGeral,275,> 95 e < 99,Superior
Masculino 10-13 anos,EscoreGeral,276,> 95 e < 99,Superior
Masculino 10-13 anos,EscoreGeral,277,> 95 e < 99,Superior
Masculino 10-13 anos,EscoreGeral,278,> 95 e < 99,Superior
Masculino 10-13 anos,EscoreGeral,279,> 95 e < 99,Superior
Masculino 10-13 anos,EscoreGeral,280,> 95 e < 99,Superior
Masculino 10-13 anos,EscoreGeral,281,> 95 e < 99,Superior
Masculino 10-13 anos,EscoreGeral,282,> 95 e < 99,Superior
Masculino 10-13 anos,EscoreGeral,283,> 95 e < 99,Superior
Masculino 10-13 anos,EscoreGeral,284,> 95 e < 99,Superior
Masculino 10-13 anos,EscoreGeral,285,> 95 e < 99,Superior
Masculino 10-13 anos,EscoreGeral,286,> 95 e < 99,Superior
Masculino 10-13 anos,EscoreGeral,287,> 95 e < 99,Superior
Masculino 10-13 anos,EscoreGeral,288,> 95 e < 99,Superior
Masculino 10-13 anos,EscoreGeral,289,> 95 e < 99,Superior
Masculino 10-13 anos,EscoreGeral,290,> 95 e < 99,Superior
Masculino 10-13 anos,EscoreGeral,291,> 95 e < 99,Superior
Masculino 10-13 anos,EscoreGeral,292,> 95 e < 99,Superior
Masculino 10-13 anos,EscoreGeral,293,> 95 e < 99,Superior
Masculino 10-13 anos,EscoreGeral,294,> 95 e < 99,Superior
Masculino 10-13 anos,EscoreGeral,295,> 95 e < 99,Superior
Masculino 10-13 anos,EscoreGeral,296,> 95 e < 99,Superior
Masculino 10-13 anos,EscoreGeral,297,> 95 e < 99,Superior
Masculino 10-13 anos,EscoreGeral,298,> 95 e < 99,Superior
Masculino 10-13 anos,EscoreGeral,299,> 95 e < 99,Superior
Masculino 10-13 anos,EscoreGeral,300,> 95 e < 99,Superior
Masculino 10-13 anos,EscoreGeral,301,> 95 e < 99,Superior
Masculino 10-13 anos,EscoreGeral,302,> 95 e < 99,Superior
Masculino 10-13 anos,EscoreGeral,303,> 95 e < 99,Superior
Masculino 10-13 anos,EscoreGeral,304,> 95 e < 99,Superior
Masculino 10-13 anos,EscoreGeral,305,> 95 e < 99,Superior
Masculino 10-13 anos,EscoreGeral,306,> 95 e < 99,Superior
Masculino 10-13 anos,EscoreGeral,307,> 95 e < 99,Superior
Masculino 10-13 anos,EscoreGeral,308,> 95 e < 99,Superior
Masculino 10-13 anos,EscoreGeral,309,> 95 e < 99,Superior
Masculino 10-13 anos,EscoreGeral,310,> 95 e < 99,Superior
Masculino 10-13 anos,EscoreGeral,311,> 95 e < 99,Superior
Masculino 10-13 anos,EscoreGeral,312,> 95 e < 99,Superior
Masculino 10-13 anos,EscoreGeral,313,> 95 e < 99,Superior
Masculino 10-13 anos,EscoreGeral,314,> 95 e < 99,Superior
Masculino 10-13 anos,EscoreGeral,315,> 95 e < 99,Superior
Masculino 10-13 anos,EscoreGeral,316,> 95 e < 99,Superior
Masculino 10-13 anos,EscoreGeral,317,> 95 e < 99,Superior
Masculino 10-13 anos,EscoreGeral,318,> 95 e < 99,Superior
Masculino 10-13 anos,EscoreGeral,319,> 95 e < 99,Superior
Masculino 10-13 anos,EscoreGeral,320,> 95 e < 99,Superior
Masculino 10-13 anos,EscoreGeral,321,> 95 e < 99,Superior
Masculino 10-13 anos,EscoreGeral,322,> 95 e < 99,Superior
Masculino 10-13 anos,EscoreGeral,323,> 95 e < 99,Superior
Masculino 10-13 anos,EscoreGeral,324,> 95 e < 99,Superior
Masculino 10-13 anos,EscoreGeral,325,> 95 e < 99,Superior
Masculino 10-13 anos,EscoreGeral,326,> 95 e < 99,Superior
Masculino 10-13 anos,EscoreGeral,327,> 95 e < 99,Superior
Masculino 10-13 anos,EscoreGeral,328,> 95 e < 99,Superior
Masculino 10-13 anos,EscoreGeral,329,> 95 e < 99,Superior
Masculino 10-13 anos,EscoreGeral,330,> 95 e < 99,Superior
Masculino 10-13 anos,EscoreGeral,331,> 95 e < 99,Superior
Masculino 10-13 anos,EscoreGeral,332,> 95 e < 99,Superior
Masculino 10-13 anos,EscoreGeral,333,> 95 e < 99,Superior
Masculino 10-13 anos,EscoreGeral,334,> 95 e < 99,Superior
Masculino 10-13 anos,EscoreGeral,335,> 95 e < 99,Superior
Masculino 10-13 anos,EscoreGeral,336,> 95 e < 99,Superior
Masculino 10-13 anos,EscoreGeral,337,> 95 e < 99,Superior
Masculino 10-13 anos,EscoreGeral,338,> 95 e < 99,Superior
Masculino 10-13 anos,EscoreGeral,339,> 95 e < 99,Superior
Masculino 10-13 anos,EscoreGeral,340,> 95 e < 99,Superior
Masculino 10-13 anos,EscoreGeral,341,> 95 e < 99,Superior
Masculino 10-13 anos,EscoreGeral,342,> 95 e < 99,Superior
Masculino 10-13 anos,EscoreGeral,343,> 95 e < 99,Superior
Masculino 10-13 anos,EscoreGeral,344,> 95 e < 99,Superior
Masculino 10-13 anos,EscoreGeral,345,> 95 e < 99,Superior
Masculino 10-13 anos,EscoreGeral,346,> 95 e < 99,Superior
Masculino 10-13 anos,EscoreGeral,347,> 95 e < 99,Superior
Masculino 10-13 anos,EscoreGeral,348,> 95 e < 99,Superior
Masculino 10-13 anos,EscoreGeral,349,> 95 e < 99,Superior
Masculino 10-13 anos,EscoreGeral,350,> 95 e < 99,Superior
Masculino 10-13 anos,F1_RegulacaoEmocional,1,< 1,Inferior
Masculino 10-13 anos,F1_RegulacaoEmocional,2,< 1,Inferior
Masculino 10-13 anos,F1_RegulacaoEmocional,3,< 1,Inferior
Masculino 10-13 anos,F1_RegulacaoEmocional,4,< 1,Inferior
Masculino 10-13 anos,F1_RegulacaoEmocional,5,< 1,Inferior
Masculino 10-13 anos,F1_RegulacaoEmocional,6,< 1,Inferior
Masculino 10-13 anos,F1_RegulacaoEmocional,7,< 1,Inferior
Masculino 10-13 anos,F1_RegulacaoEmocional,8,< 1,Inferior
Masculino 10-13 anos,F1_RegulacaoEmocional,9,< 1,Inferior
Masculino 10-13 anos,F1_RegulacaoEmocional,10,< 1,Inferior
Masculino 10-13 anos,F1_RegulacaoEmocional,11,< 1,Inferior
Masculino 10-13 anos,F1_RegulacaoEmocional,12,< 1,Inferior
Masculino 10-13 anos,F1_RegulacaoEmocional,13,< 1,Inferior
Masculino 10-13 anos,F1_RegulacaoEmocional,14,< 1,Inferior
Masculino 10-13 anos,F1_RegulacaoEmocional,15,< 1,Inferior
Masculino 10-13 anos,F1_RegulacaoEmocional,16,< 1,Inferior
Masculino 10-13 anos,F1_RegulacaoEmocional,17,< 1,Inferior
Masculino 10-13 anos,F1_RegulacaoEmocional,18,< 1,Inferior
Masculino 10-13 anos,F1_RegulacaoEmocional,19,< 1,Inferior
Masculino 10-13 anos,F1_RegulacaoEmocional,20,< 1,Inferior
Masculino 10-13 anos,F1_RegulacaoEmocional,21,< 1,Inferior
Masculino 10-13 anos,F1_RegulacaoEmocional,22,< 1,Inferior
Masculino 10-13 anos,F1_RegulacaoEmocional,23,< 1,Inferior
Masculino 10-13 anos,F1_RegulacaoEmocional,24,< 1,Inferior
Masculino 10-13 anos,F1_RegulacaoEmocional,25,1,Inferior
Masculino 10-13 anos,F1_RegulacaoEmocional,26,> 5 e < 10,Inferior
Masculino 10-13 anos,F1_RegulacaoEmocional,26.3,10,Inferior
Masculino 10-13 anos,F1_RegulacaoEmocional,27,> 10 e < 15,Inferior
Masculino 10-13 anos,F1_RegulacaoEmocional,28,> 10 e < 15,Inferior
Masculino 10-13 anos,F1_RegulacaoEmocional,29,> 10 e < 15,Inferior
Masculino 10-13 anos,F1_RegulacaoEmocional,29.2,15,Inferior
Masculino 10-13 anos,F1_RegulacaoEmocional,30,> 15 e < 20,Inferior
Masculino 10-13 anos,F1_RegulacaoEmocional,30.9,20,Inferior
Masculino 10-13 anos,F1_RegulacaoEmocional,31,> 20 e < 25,Inferior
Masculino 10-13 anos,F1_RegulacaoEmocional,32,> 20 e < 25,Inferior
Masculino 10-13 anos,F1_RegulacaoEmocional,32.2,25,Média Inferior
Masculino 10-13 anos,F1_RegulacaoEmocional,33,> 25 e < 30,Média Inferior
Masculino 10-13 anos,F1_RegulacaoEmocional,34,30,Média Inferior
Masculino 10-13 anos,F1_RegulacaoEmocional,34.8,35,Média Inferior
Masculino 10-13 anos,F1_RegulacaoEmocional,35,> 35 e < 40,Média Inferior
Masculino 10-13 anos,F1_RegulacaoEmocional,36,> 35 e < 40,Média Inferior
Masculino 10-13 anos,F1_RegulacaoEmocional,36.1,40,Média Inferior
Masculino 10-13 anos,F1_RegulacaoEmocional,37,> 40 e < 45,Média Inferior
Masculino 10-13 anos,F1_RegulacaoEmocional,38,> 40 e < 45,Média Inferior
Masculino 10-13 anos,F1_RegulacaoEmocional,39,> 40 e < 45,Média Inferior
Masculino 10-13 anos,F1_RegulacaoEmocional,39.2,45,Média
Masculino 10-13 anos,F1_RegulacaoEmocional,40,> 45 e < 50,Média
Masculino 10-13 anos,F1_RegulacaoEmocional,41,> 45 e < 50,Média
Masculino 10-13 anos,F1_RegulacaoEmocional,42,50,Média
Masculino 10-13 anos,F1_RegulacaoEmocional,43,55,Média
Masculino 10-13 anos,F1_RegulacaoEmocional,44,> 55 e < 60,Média
Masculino 10-13 anos,F1_RegulacaoEmocional,45,> 55 e < 60,Média
Masculino 10-13 anos,F1_RegulacaoEmocional,46,> 55 e < 60,Média
Masculino 10-13 anos,F1_RegulacaoEmocional,47,> 55 e < 60,Média
Masculino 10-13 anos,F1_RegulacaoEmocional,47.6,60,Média
Masculino 10-13 anos,F1_RegulacaoEmocional,48,> 60 e < 65,Média
Masculino 10-13 anos,F1_RegulacaoEmocional,49,> 60 e < 65,Média
Masculino 10-13 anos,F1_RegulacaoEmocional,50,65,Média Superior
Masculino 10-13 anos,F1_RegulacaoEmocional,51,70,Média Superior
Masculino 10-13 anos,F1_RegulacaoEmocional,52,> 70 e < 75,Média Superior
Masculino 10-13 anos,F1_RegulacaoEmocional,53,> 70 e < 75,Média Superior
Masculino 10-13 anos,F1_RegulacaoEmocional,54,> 70 e < 75,Média Superior
Masculino 10-13 anos,F1_RegulacaoEmocional,55,> 70 e < 75,Média Superior
Masculino 10-13 anos,F1_RegulacaoEmocional,55.2,75,Média superior
Masculino 10-13 anos,F1_RegulacaoEmocional,56,> 75 e < 80,Média superior
Masculino 10-13 anos,F1_RegulacaoEmocional,57,> 75 e < 80,Média superior
Masculino 10-13 anos,F1_RegulacaoEmocional,58,> 75 e < 80,Média superior
Masculino 10-13 anos,F1_RegulacaoEmocional,59,> 75 e < 80,Média superior
Masculino 10-13 anos,F1_RegulacaoEmocional,60,80,Média superior
Masculino 10-13 anos,F1_RegulacaoEmocional,61,85,Superior
Masculino 10-13 anos,F1_RegulacaoEmocional,62,> 85 e < 90,Superior
Masculino 10-13 anos,F1_RegulacaoEmocional,63,> 85 e < 90,Superior
Masculino 10-13 anos,F1_RegulacaoEmocional,64,> 85 e < 90,Superior
Masculino 10-13 anos,F1_RegulacaoEmocional,65,> 85 e < 90,Superior
Masculino 10-13 anos,F1_RegulacaoEmocional,66,> 85 e < 90,Superior
Masculino 10-13 anos,F1_RegulacaoEmocional,67,> 85 e < 90,Superior
Masculino 10-13 anos,F1_RegulacaoEmocional,68,> 85 e < 90,Superior
Masculino 10-13 anos,F1_RegulacaoEmocional,69,90,Superior
Masculino 10-13 anos,F1_RegulacaoEmocional,70,> 90 e < 95,Superior
Masculino 10-13 anos,F1_RegulacaoEmocional,71,> 90 e < 95,Superior
Masculino 10-13 anos,F1_RegulacaoEmocional,72,> 90 e < 95,Superior
Masculino 10-13 anos,F1_RegulacaoEmocional,73,> 90 e < 95,Superior
Masculino 10-13 anos,F1_RegulacaoEmocional,74,> 90 e < 95,Superior
Masculino 10-13 anos,F1_RegulacaoEmocional,75,> 90 e < 95,Superior
Masculino 10-13 anos,F1_RegulacaoEmocional,76,> 90 e < 95,Superior
Masculino 10-13 anos,F1_RegulacaoEmocional,77,> 90 e < 95,Superior
Masculino 10-13 anos,F1_RegulacaoEmocional,78,95,Superior
Masculino 10-13 anos,F1_RegulacaoEmocional,79,> 95 e < 99,Superior
Masculino 10-13 anos,F1_RegulacaoEmocional,80,> 95 e < 99,Superior
Masculino 10-13 anos,F1_RegulacaoEmocional,81,> 95 e < 99,Superior
Masculino 10-13 anos,F1_RegulacaoEmocional,82,> 95 e < 99,Superior
Masculino 10-13 anos,F1_RegulacaoEmocional,83,> 95 e < 99,Superior
Masculino 10-13 anos,F1_RegulacaoEmocional,84,> 95 e < 99,Superior
Masculino 10-13 anos,F1_RegulacaoEmocional,85,> 95 e < 99,Superior
Masculino 10-13 anos,F1_RegulacaoEmocional,86,> 95 e < 99,Superior
Masculino 10-13 anos,F1_RegulacaoEmocional,86.1,99,Superior
Masculino 10-13 anos,F1_RegulacaoEmocional,87,> 99,Superior
Masculino 10-13 anos,F1_RegulacaoEmocional,88,> 99,Superior
Masculino 10-13 anos,F1_RegulacaoEmocional,89,> 99,Superior
Masculino 10-13 anos,F1_RegulacaoEmocional,90,> 99,Superior
Masculino 10-13 anos,F1_RegulacaoEmocional,91,> 99,Superior
Masculino 10-13 anos,F1_RegulacaoEmocional,92,> 99,Superior
Masculino 10-13 anos,F1_RegulacaoEmocional,93,> 99,Superior
Masculino 10-13 anos,F1_RegulacaoEmocional,94,> 99,Superior
Masculino 10-13 anos,F1_RegulacaoEmocional,95,> 99,Superior
Masculino 10-13 anos,F1_RegulacaoEmocional,96,> 99,Superior
Masculino 10-13 anos,F1_RegulacaoEmocional,97,> 99,Superior
Masculino 10-13 anos,F1_RegulacaoEmocional,98,> 99,Superior
Masculino 10-13 anos,F1_RegulacaoEmocional,99,> 99,Superior
Masculino 10-13 anos,F1_RegulacaoEmocional,100,> 99,Superior
Masculino 10-13 anos,F1_RegulacaoEmocional,101,> 99,Superior
Masculino 10-13 anos,F1_RegulacaoEmocional,102,> 99,Superior
Masculino 10-13 anos,F1_RegulacaoEmocional,103,> 99,Superior
Masculino 10-13 anos,F1_RegulacaoEmocional,104,> 99,Superior
Masculino 10-13 anos,F1_RegulacaoEmocional,105,> 99,Superior
Masculino 10-13 anos,F1_RegulacaoEmocional,106,> 99,Superior
Masculino 10-13 anos,F1_RegulacaoEmocional,107,> 99,Superior
Masculino 10-13 anos,F1_RegulacaoEmocional,108,> 99,Superior
Masculino 10-13 anos,F1_RegulacaoEmocional,109,> 99,Superior
Masculino 10-13 anos,F1_RegulacaoEmocional,110,> 99,Superior
Masculino 10-13 anos,F1_RegulacaoEmocional,111,> 99,Superior
Masculino 10-13 anos,F1_RegulacaoEmocional,112,> 99,Superior
Masculino 10-13 anos,F1_RegulacaoEmocional,113,> 99,Superior
Masculino 10-13 anos,F1_RegulacaoEmocional,114,> 99,Superior
Masculino 10-13 anos,F1_RegulacaoEmocional,115,> 99,Superior
Masculino 10-13 anos,F1_RegulacaoEmocional,116,> 99,Superior
Masculino 10-13 anos,F1_RegulacaoEmocional,117,> 99,Superior
Masculino 10-13 anos,F1_RegulacaoEmocional,118,> 99,Superior
Masculino 10-13 anos,F1_RegulacaoEmocional,119,> 99,Superior
Masculino 10-13 anos,F1_RegulacaoEmocional,120,> 99,Superior
Masculino 10-13 anos,F2_HiperatividadeImpulsividade,1,< 1,Inferior
Masculino 10-13 anos,F2_HiperatividadeImpulsividade,2,< 1,Inferior
Masculino 10-13 anos,F2_HiperatividadeImpulsividade,3,< 1,Inferior
Masculino 10-13 anos,F2_HiperatividadeImpulsividade,4,< 1,Inferior
Masculino 10-13 anos,F2_HiperatividadeImpulsividade,5,< 1,Inferior
Masculino 10-13 anos,F2_HiperatividadeImpulsividade,6,< 1,Inferior
Masculino 10-13 anos,F2_HiperatividadeImpulsividade,7,< 1,Inferior
Masculino 10-13 anos,F2_HiperatividadeImpulsividade,8,< 1,Inferior
Masculino 10-13 anos,F2_HiperatividadeImpulsividade,9,< 1,Inferior
Masculino 10-13 anos,F2_HiperatividadeImpulsividade,10,< 1,Inferior
Masculino 10-13 anos,F2_HiperatividadeImpulsividade,11,< 1,Inferior
Masculino 10-13 anos,F2_HiperatividadeImpulsividade,12,< 1,Inferior
Masculino 10-13 anos,F2_HiperatividadeImpulsividade,13,< 1,Inferior
Masculino 10-13 anos,F2_HiperatividadeImpulsividade,14,< 1,Inferior
Masculino 10-13 anos,F2_HiperatividadeImpulsividade,15,1,Inferior
Masculino 10-13 anos,F2_HiperatividadeImpulsividade,16,> 1 e < 5,Inferior
Masculino 10-13 anos,F2_HiperatividadeImpulsividade,17,> 1 e < 5,Inferior
Masculino 10-13 anos,F2_HiperatividadeImpulsividade,18,> 1 e < 5,Inferior
Masculino 10-13 anos,F2_HiperatividadeImpulsividade,19,> 1 e < 5,Inferior
Masculino 10-13 anos,F2_HiperatividadeImpulsividade,20,> 1 e < 5,Inferior
Masculino 10-13 anos,F2_HiperatividadeImpulsividade,21,5,Inferior
Masculino 10-13 anos,F2_HiperatividadeImpulsividade,22,> 5 e < 10,Inferior
Masculino 10-13 anos,F2_HiperatividadeImpulsividade,23,> 5 e < 10,Inferior
Masculino 10-13 anos,F2_HiperatividadeImpulsividade,24,> 5 e < 10,Inferior
Masculino 10-13 anos,F2_HiperatividadeImpulsividade,24.8,10,Inferior
Masculino 10-13 anos,F2_HiperatividadeImpulsividade,25,> 10 e < 15,Inferior
Masculino 10-13 anos,F2_HiperatividadeImpulsividade,26,> 10 e < 15,Inferior
Masculino 10-13 anos,F2_HiperatividadeImpulsividade,26.9,15,Inferior
Masculino 10-13 anos,F2_HiperatividadeImpulsividade,27,> 15 e < 20,Inferior
Masculino 10-13 anos,F2_HiperatividadeImpulsividade,28,20,Inferior
Masculino 10-13 anos,F2_HiperatividadeImpulsividade,28.5,25,Média Inferior
Masculino 10-13 anos,F2_HiperatividadeImpulsividade,29,> 25 e < 30,Média Inferior
Masculino 10-13 anos,F2_HiperatividadeImpulsividade,30,30,Média Inferior
Masculino 10-13 anos,F2_HiperatividadeImpulsividade,31,> 30 e < 35,Média Inferior
Masculino 10-13 anos,F2_HiperatividadeImpulsividade,32,35,Média Inferior
Masculino 10-13 anos,F2_HiperatividadeImpulsividade,33,> 35 e < 40,Média Inferior
Masculino 10-13 anos,F2_HiperatividadeImpulsividade,34,> 35 e < 40,Média Inferior
Masculino 10-13 anos,F2_HiperatividadeImpulsividade,35,40,Média Inferior
Masculino 10-13 anos,F2_HiperatividadeImpulsividade,36,50,Média
Masculino 10-13 anos,F2_HiperatividadeImpulsividade,37,> 50 e < 55,Média
Masculino 10-13 anos,F2_HiperatividadeImpulsividade,38,> 50 e < 55,Média
Masculino 10-13 anos,F2_HiperatividadeImpulsividade,39,> 50 e < 55,Média
Masculino 10-13 anos,F2_HiperatividadeImpulsividade,39.3,55,Média
Masculino 10-13 anos,F2_HiperatividadeImpulsividade,40,60,Média
Masculino 10-13 anos,F2_HiperatividadeImpulsividade,41,65,Média Superior
Masculino 10-13 anos,F2_HiperatividadeImpulsividade,41.2,70,Média Superior
Masculino 10-13 anos,F2_HiperatividadeImpulsividade,42,> 70 e < 75,Média Superior
Masculino 10-13 anos,F2_HiperatividadeImpulsividade,43,> 70 e < 75,Média Superior
Masculino 10-13 anos,F2_HiperatividadeImpulsividade,43.5,75,Média superior
Masculino 10-13 anos,F2_HiperatividadeImpulsividade,44,> 75 e < 80,Média superior
Masculino 10-13 anos,F2_HiperatividadeImpulsividade,45,> 75 e < 80,Média superior
Masculino 10-13 anos,F2_HiperatividadeImpulsividade,46,> 75 e < 80,Média superior
Masculino 10-13 anos,F2_HiperatividadeImpulsividade,47,> 75 e < 80,Média superior
Masculino 10-13 anos,F2_HiperatividadeImpulsividade,48,> 75 e < 80,Média superior
Masculino 10-13 anos,F2_HiperatividadeImpulsividade,49,> 75 e < 80,Média superior
Masculino 10-13 anos,F2_HiperatividadeImpulsividade,50,> 75 e < 80,Média superior
Masculino 10-13 anos,F2_HiperatividadeImpulsividade,51,> 75 e < 80,Média superior
Masculino 10-13 anos,F2_HiperatividadeImpulsividade,51.2,80,Média superior
Masculino 10-13 anos,F2_HiperatividadeImpulsividade,52,> 80 e < 85,Média superior
Masculino 10-13 anos,F2_HiperatividadeImpulsividade,53,> 80 e < 85,Média superior
Masculino 10-13 anos,F2_HiperatividadeImpulsividade,54,> 80 e < 85,Média superior
Masculino 10-13 anos,F2_HiperatividadeImpulsividade,55,> 80 e < 85,Média superior
Masculino 10-13 anos,F2_HiperatividadeImpulsividade,56,> 80 e < 85,Média superior
Masculino 10-13 anos,F2_HiperatividadeImpulsividade,56.3,85,Superior
Masculino 10-13 anos,F2_HiperatividadeImpulsividade,57,> 85 e < 90,Superior
Masculino 10-13 anos,F2_HiperatividadeImpulsividade,58,> 85 e < 90,Superior
Masculino 10-13 anos,F2_HiperatividadeImpulsividade,59,> 85 e < 90,Superior
Masculino 10-13 anos,F2_HiperatividadeImpulsividade,60,> 85 e < 90,Superior
Masculino 10-13 anos,F2_HiperatividadeImpulsividade,61,> 85 e < 90,Superior
Masculino 10-13 anos,F2_HiperatividadeImpulsividade,62,> 85 e < 90,Superior
Masculino 10-13 anos,F2_HiperatividadeImpulsividade,63,> 85 e < 90,Superior
Masculino 10-13 anos,F2_HiperatividadeImpulsividade,64,> 85 e < 90,Superior
Masculino 10-13 anos,F2_HiperatividadeImpulsividade,65,> 85 e < 90,Superior
Masculino 10-13 anos,F2_HiperatividadeImpulsividade,66,> 85 e < 90,Superior
Masculino 10-13 anos,F2_HiperatividadeImpulsividade,66.4,90,Superior
Masculino 10-13 anos,F2_HiperatividadeImpulsividade,67,> 90 e < 95,Superior
Masculino 10-13 anos,F2_HiperatividadeImpulsividade,68,> 90 e < 95,Superior
Masculino 10-13 anos,F2_HiperatividadeImpulsividade,68.4,95,Superior
Masculino 10-13 anos,F2_HiperatividadeImpulsividade,69,> 95 e < 99,Superior
Masculino 10-13 anos,F2_HiperatividadeImpulsividade,70,> 95 e < 99,Superior
Masculino 10-13 anos,F2_HiperatividadeImpulsividade,71,> 95 e < 99,Superior
Masculino 10-13 anos,F2_HiperatividadeImpulsividade,72,> 95 e < 99,Superior
Masculino 10-13 anos,F2_HiperatividadeImpulsividade,73,> 95 e < 99,Superior
Masculino 10-13 anos,F2_HiperatividadeImpulsividade,74,> 95 e < 99,Superior
Masculino 10-13 anos,F2_HiperatividadeImpulsividade,75,> 95 e < 99,Superior
Masculino 10-13 anos,F2_HiperatividadeImpulsividade,76,> 95 e < 99,Superior
Masculino 10-13 anos,F2_HiperatividadeImpulsividade,77,> 95 e < 99,Superior
Masculino 10-13 anos,F2_HiperatividadeImpulsividade,78,> 95 e < 99,Superior
Masculino 10-13 anos,F2_HiperatividadeImpulsividade,79,> 95 e < 99,Superior
Masculino 10-13 anos,F2_HiperatividadeImpulsividade,80,> 95 e < 99,Superior
Masculino 10-13 anos,F2_HiperatividadeImpulsividade,81,> 95 e < 99,Superior
Masculino 10-13 anos,F2_HiperatividadeImpulsividade,82,> 95 e < 99,Superior
Masculino 10-13 anos,F2_HiperatividadeImpulsividade,83,> 95 e < 99,Superior
Masculino 10-13 anos,F2_HiperatividadeImpulsividade,84,> 95 e < 99,Superior
Masculino 10-13 anos,F2_HiperatividadeImpulsividade,85,> 95 e < 99,Superior
Masculino 10-13 anos,F2_HiperatividadeImpulsividade,86,> 95 e < 99,Superior
Masculino 10-13 anos,F2_HiperatividadeImpulsividade,87,> 95 e < 99,Superior
Masculino 10-13 anos,F2_HiperatividadeImpulsividade,88,> 95 e < 99,Superior
Masculino 10-13 anos,F2_HiperatividadeImpulsividade,89,> 95 e < 99,Superior
Masculino 10-13 anos,F2_HiperatividadeImpulsividade,90,> 95 e < 99,Superior
Masculino 10-13 anos,F3_ComportamentoAdaptativo,1,< 1,Inferior
Masculino 10-13 anos,F3_ComportamentoAdaptativo,2,< 1,Inferior
Masculino 10-13 anos,F3_ComportamentoAdaptativo,3,< 1,Inferior
Masculino 10-13 anos,F3_ComportamentoAdaptativo,4,< 1,Inferior
Masculino 10-13 anos,F3_ComportamentoAdaptativo,5,< 1,Inferior
Masculino 10-13 anos,F3_ComportamentoAdaptativo,6,< 1,Inferior
Masculino 10-13 anos,F3_ComportamentoAdaptativo,7,< 1,Inferior
Masculino 10-13 anos,F3_ComportamentoAdaptativo,8,< 1,Inferior
Masculino 10-13 anos,F3_ComportamentoAdaptativo,9,< 1,Inferior
Masculino 10-13 anos,F3_ComportamentoAdaptativo,10,< 1,Inferior
Masculino 10-13 anos,F3_ComportamentoAdaptativo,11,< 1,Inferior
Masculino 10-13 anos,F3_ComportamentoAdaptativo,12,< 1,Inferior
Masculino 10-13 anos,F3_ComportamentoAdaptativo,13,< 1,Inferior
Masculino 10-13 anos,F3_ComportamentoAdaptativo,14,< 1,Inferior
Masculino 10-13 anos,F3_ComportamentoAdaptativo,15,< 1,Inferior
Masculino 10-13 anos,F3_ComportamentoAdaptativo,16,< 1,Inferior
Masculino 10-13 anos,F3_ComportamentoAdaptativo,17,< 1,Inferior
Masculino 10-13 anos,F3_ComportamentoAdaptativo,18,< 1,Inferior
Masculino 10-13 anos,F3_ComportamentoAdaptativo,19,< 1,Inferior
Masculino 10-13 anos,F3_ComportamentoAdaptativo,20,< 1,Inferior
Masculino 10-13 anos,F3_ComportamentoAdaptativo,21,< 1,Inferior
Masculino 10-13 anos,F3_ComportamentoAdaptativo,22,< 1,Inferior
Masculino 10-13 anos,F3_ComportamentoAdaptativo,23,< 1,Inferior
Masculino 10-13 anos,F3_ComportamentoAdaptativo,24,< 1,Inferior
Masculino 10-13 anos,F3_ComportamentoAdaptativo,25,< 1,Inferior
Masculino 10-13 anos,F3_ComportamentoAdaptativo,26,< 1,Inferior
Masculino 10-13 anos,F3_ComportamentoAdaptativo,27,1,Inferior
Masculino 10-13 anos,F3_ComportamentoAdaptativo,28,> 1 e < 5,Inferior
Masculino 10-13 anos,F3_ComportamentoAdaptativo,29,> 1 e < 5,Inferior
Masculino 10-13 anos,F3_ComportamentoAdaptativo,30,> 1 e < 5,Inferior
Masculino 10-13 anos,F3_ComportamentoAdaptativo,31,> 1 e < 5,Inferior
Masculino 10-13 anos,F3_ComportamentoAdaptativo,32,5,Inferior
Masculino 10-13 anos,F3_ComportamentoAdaptativo,33,> 5 e < 10,Inferior
Masculino 10-13 anos,F3_ComportamentoAdaptativo,34,> 5 e < 10,Inferior
Masculino 10-13 anos,F3_ComportamentoAdaptativo,35,> 5 e < 10,Inferior
Masculino 10-13 anos,F3_ComportamentoAdaptativo,36,> 5 e < 10,Inferior
Masculino 10-13 anos,F3_ComportamentoAdaptativo,37,> 5 e < 10,Inferior
Masculino 10-13 anos,F3_ComportamentoAdaptativo,37.8,10,Inferior
Masculino 10-13 anos,F3_ComportamentoAdaptativo,38,> 10 e < 15,Inferior
Masculino 10-13 anos,F3_ComportamentoAdaptativo,39,> 10 e < 15,Inferior
Masculino 10-13 anos,F3_ComportamentoAdaptativo,40,> 10 e < 15,Inferior
Masculino 10-13 anos,F3_ComportamentoAdaptativo,41,15,Inferior
Masculino 10-13 anos,F3_ComportamentoAdaptativo,42,> 15 e < 20,Inferior
Masculino 10-13 anos,F3_ComportamentoAdaptativo,43,> 15 e < 20,Inferior
Masculino 10-13 anos,F3_ComportamentoAdaptativo,44,> 15 e < 20,Inferior
Masculino 10-13 anos,F3_ComportamentoAdaptativo,44.4,20,Inferior
Masculino 10-13 anos,F3_ComportamentoAdaptativo,45,> 20 e < 25,Inferior
Masculino 10-13 anos,F3_ComportamentoAdaptativo,46,25,Média Inferior
Masculino 10-13 anos,F3_ComportamentoAdaptativo,47,> 25 e < 30,Média Inferior
Masculino 10-13 anos,F3_ComportamentoAdaptativo,48,> 25 e < 30,Média Inferior
Masculino 10-13 anos,F3_ComportamentoAdaptativo,49,30,Média Inferior
Masculino 10-13 anos,F3_ComportamentoAdaptativo,50,> 30 e < 35,Média Inferior
Masculino 10-13 anos,F3_ComportamentoAdaptativo,51,35,Média Inferior
Masculino 10-13 anos,F3_ComportamentoAdaptativo,51.4,40,Média Inferior
Masculino 10-13 anos,F3_ComportamentoAdaptativo,52,> 40 e < 45,Média Inferior
Masculino 10-13 anos,F3_ComportamentoAdaptativo,52.7,45,Média
Masculino 10-13 anos,F3_ComportamentoAdaptativo,53,50,Média
Masculino 10-13 anos,F3_ComportamentoAdaptativo,54,55,Média
Masculino 10-13 anos,F3_ComportamentoAdaptativo,54.6,60,Média
Masculino 10-13 anos,F3_ComportamentoAdaptativo,55,> 60 e < 65,Média
Masculino 10-13 anos,F3_ComportamentoAdaptativo,56,> 60 e < 65,Média
Masculino 10-13 anos,F3_ComportamentoAdaptativo,57,> 60 e < 65,Média
Masculino 10-13 anos,F3_ComportamentoAdaptativo,57.7,65,Média Superior
Masculino 10-13 anos,F3_ComportamentoAdaptativo,58,> 65 e < 70,Média Superior
Masculino 10-13 anos,F3_ComportamentoAdaptativo,59,> 65 e < 70,Média Superior
Masculino 10-13 anos,F3_ComportamentoAdaptativo,59.2,70,Média Superior
Masculino 10-13 anos,F3_ComportamentoAdaptativo,60,75,Média superior
Masculino 10-13 anos,F3_ComportamentoAdaptativo,61,> 80 e < 85,Média superior
Masculino 10-13 anos,F3_ComportamentoAdaptativo,62,> 80 e < 85,Média superior
Masculino 10-13 anos,F3_ComportamentoAdaptativo,63,> 80 e < 85,Média superior
Masculino 10-13 anos,F3_ComportamentoAdaptativo,64,85,Superior
Masculino 10-13 anos,F3_ComportamentoAdaptativo,65,> 85 e < 90,Superior
Masculino 10-13 anos,F3_ComportamentoAdaptativo,65.4,90,Superior
Masculino 10-13 anos,F3_ComportamentoAdaptativo,66,> 90 e < 95,Superior
Masculino 10-13 anos,F3_ComportamentoAdaptativo,67,> 90 e < 95,Superior
Masculino 10-13 anos,F3_ComportamentoAdaptativo,68,> 90 e < 95,Superior
Masculino 10-13 anos,F3_ComportamentoAdaptativo,69,> 90 e < 95,Superior
Masculino 10-13 anos,F3_ComportamentoAdaptativo,70,95,Superior
Masculino 10-13 anos,F3_ComportamentoAdaptativo,71,> 95 e < 99,Superior
Masculino 10-13 anos,F3_ComportamentoAdaptativo,72,> 95 e < 99,Superior
Masculino 10-13 anos,F3_ComportamentoAdaptativo,73,> 95 e < 99,Superior
Masculino 10-13 anos,F3_ComportamentoAdaptativo,74,> 95 e < 99,Superior
Masculino 10-13 anos,F3_ComportamentoAdaptativo,75,> 95 e < 99,Superior
Masculino 10-13 anos,F3_ComportamentoAdaptativo,76,> 95 e < 99,Superior
Masculino 10-13 anos,F3_ComportamentoAdaptativo,77,> 95 e < 99,Superior
Masculino 10-13 anos,F3_ComportamentoAdaptativo,78,> 95 e < 99,Superior
Masculino 10-13 anos,F3_ComportamentoAdaptativo,79,> 95 e < 99,Superior
Masculino 10-13 anos,F3_ComportamentoAdaptativo,80,> 95 e < 99,Superior
Masculino 10-13 anos,F3_ComportamentoAdaptativo,81,> 95 e < 99,Superior
Masculino 10-13 anos,F3_ComportamentoAdaptativo,82,> 95 e < 99,Superior
Masculino 10-13 anos,F3_ComportamentoAdaptativo,83,> 95 e < 99,Superior
Masculino 10-13 anos,F3_ComportamentoAdaptativo,84,> 95 e < 99,Superior
Masculino 10-13 anos,F3_ComportamentoAdaptativo,85,> 95 e < 99,Superior
Masculino 10-13 anos,F3_ComportamentoAdaptativo,86,> 95 e < 99,Superior
Masculino 10-13 anos,F3_ComportamentoAdaptativo,87,> 95 e < 99,Superior
Masculino 10-13 anos,F3_ComportamentoAdaptativo,88,> 95 e < 99,Superior
Masculino 10-13 anos,F3_ComportamentoAdaptativo,89,> 95 e < 99,Superior
Masculino 10-13 anos,F3_ComportamentoAdaptativo,90,> 95 e < 99,Superior
Masculino 10-13 anos,F4_Atencao,1,< 1,Inferior
Masculino 10-13 anos,F4_Atencao,2,< 1,Inferior
Masculino 10-13 anos,F4_Atencao,3,< 1,Inferior
Masculino 10-13 anos,F4_Atencao,4,< 1,Inferior
Masculino 10-13 anos,F4_Atencao,5,< 1,Inferior
Masculino 10-13 anos,F4_Atencao,6,< 1,Inferior
Masculino 10-13 anos,F4_Atencao,7,< 1,Inferior
Masculino 10-13 anos,F4_Atencao,8,< 1,Inferior
Masculino 10-13 anos,F4_Atencao,9,< 1,Inferior
Masculino 10-13 anos,F4_Atencao,10,< 1,Inferior
Masculino 10-13 anos,F4_Atencao,11,< 1,Inferior
Masculino 10-13 anos,F4_Atencao,12,< 1,Inferior
Masculino 10-13 anos,F4_Atencao,13,< 1,Inferior
Masculino 10-13 anos,F4_Atencao,14,< 1,Inferior
Masculino 10-13 anos,F4_Atencao,15,1,Inferior
Masculino 10-13 anos,F4_Atencao,16,> 1 e < 5,Inferior
Masculino 10-13 anos,F4_Atencao,16.3,5,Inferior
Masculino 10-13 anos,F4_Atencao,17,> 5 e < 10,Inferior
Masculino 10-13 anos,F4_Atencao,18,> 5 e < 10,Inferior
Masculino 10-13 anos,F4_Atencao,19,> 5 e < 10,Inferior
Masculino 10-13 anos,F4_Atencao,19.6,10,Inferior
Masculino 10-13 anos,F4_Atencao,20,> 10 e < 15,Inferior
Masculino 10-13 anos,F4_Atencao,21,15,Inferior
Masculino 10-13 anos,F4_Atencao,22,> 15 e < 20,Inferior
Masculino 10-13 anos,F4_Atencao,22.6,20,Inferior
Masculino 10-13 anos,F4_Atencao,23,> 20 e < 25,Inferior
Masculino 10-13 anos,F4_Atencao,24,> 20 e < 25,Inferior
Masculino 10-13 anos,F4_Atencao,25,> 20 e < 25,Inferior
Masculino 10-13 anos,F4_Atencao,26,> 20 e < 25,Inferior
Masculino 10-13 anos,F4_Atencao,27,> 20 e < 25,Inferior
Masculino 10-13 anos,F4_Atencao,27.5,25,Média Inferior
Masculino 10-13 anos,F4_Atencao,28,30,Média Inferior
Masculino 10-13 anos,F4_Atencao,29,> 30 e < 35,Média Inferior
Masculino 10-13 anos,F4_Atencao,29.1,35,Média Inferior
Masculino 10-13 anos,F4_Atencao,30,40,Média Inferior
Masculino 10-13 anos,F4_Atencao,31,45,Média
Masculino 10-13 anos,F4_Atencao,32,> 45 e < 50,Média
Masculino 10-13 anos,F4_Atencao,33,> 45 e < 50,Média
Masculino 10-13 anos,F4_Atencao,34,> 45 e < 50,Média
Masculino 10-13 anos,F4_Atencao,35,> 45 e < 50,Média
Masculino 10-13 anos,F4_Atencao,36,50,Média
Masculino 10-13 anos,F4_Atencao,37,> 55 e < 60,Média
Masculino 10-13 anos,F4_Atencao,37.2,60,Média
Masculino 10-13 anos,F4_Atencao,38,> 60 e < 65,Média
Masculino 10-13 anos,F4_Atencao,39,> 60 e < 65,Média
Masculino 10-13 anos,F4_Atencao,39.9,65,Média Superior
Masculino 10-13 anos,F4_Atencao,40,> 65 e < 70,Média Superior
Masculino 10-13 anos,F4_Atencao,41,> 65 e < 70,Média Superior
Masculino 10-13 anos,F4_Atencao,42,70,Média Superior
Masculino 10-13 anos,F4_Atencao,42.5,75,Média superior
Masculino 10-13 anos,F4_Atencao,43,80,Média superior
Masculino 10-13 anos,F4_Atencao,44,> 80 e < 85,Média superior
Masculino 10-13 anos,F4_Atencao,45,> 80 e < 85,Média superior
Masculino 10-13 anos,F4_Atencao,46,> 80 e < 85,Média superior
Masculino 10-13 anos,F4_Atencao,47,> 80 e < 85,Média superior
Masculino 10-13 anos,F4_Atencao,48,> 80 e < 85,Média superior
Masculino 10-13 anos,F4_Atencao,49,85,Superior
Masculino 10-13 anos,F4_Atencao,50,> 85 e < 90,Superior
Masculino 10-13 anos,F4_Atencao,50.4,90,Superior
Masculino 10-13 anos,F4_Atencao,51,> 90 e < 95,Superior
Masculino 10-13 anos,F4_Atencao,52,> 90 e < 95,Superior
Masculino 10-13 anos,F4_Atencao,53,> 90 e < 95,Superior
Masculino 10-13 anos,F4_Atencao,54,> 90 e < 95,Superior
Masculino 10-13 anos,F4_Atencao,55,> 90 e < 95,Superior
Masculino 10-13 anos,F4_Atencao,56,> 90 e < 95,Superior
Masculino 10-13 anos,F4_Atencao,57,> 90 e < 95,Superior
Masculino 10-13 anos,F4_Atencao,58,> 90 e < 95,Superior
Masculino 10-13 anos,F4_Atencao,59,> 90 e < 95,Superior
Masculino 10-13 anos,F4_Atencao,60,> 90 e < 95,Superior
Masculino 10-13 anos,F4_Atencao,61,> 90 e < 95,Superior
Masculino 10-13 anos,F4_Atencao,62,> 90 e < 95,Superior
Masculino 10-13 anos,F4_Atencao,62.2,95,Superior
Masculino 10-13 anos,F4_Atencao,63,> 95 e < 99,Superior
Masculino 10-13 anos,F4_Atencao,64,> 95 e < 99,Superior
Masculino 10-13 anos,F4_Atencao,65,> 95 e < 99,Superior
Masculino 10-13 anos,F4_Atencao,66,> 95 e < 99,Superior
Masculino 10-13 anos,F4_Atencao,67,> 95 e < 99,Superior
Masculino 10-13 anos,F4_Atencao,68,> 95 e < 99,Superior
Masculino 10-13 anos,F4_Atencao,69,> 95 e < 99,Superior
Masculino 10-13 anos,F4_Atencao,70,> 95 e < 99,Superior
Masculino 10-13 anos,F4_Atencao,71,> 95 e < 99,Superior
Masculino 10-13 anos,F4_Atencao,72,> 95 e < 99,Superior
Masculino 10-13 anos,F4_Atencao,73,> 95 e < 99,Superior
Masculino 10-13 anos,F4_Atencao,74,> 95 e < 99,Superior
Masculino 10-13 anos,F4_Atencao,75,> 95 e < 99,Superior
Masculino 10-13 anos,F4_Atencao,76,> 95 e < 99,Superior
Masculino 10-13 anos,F4_Atencao,77,> 95 e < 99,Superior
Masculino 10-13 anos,F4_Atencao,78,> 95 e < 99,Superior
Masculino 10-13 anos,F4_Atencao,79,> 95 e < 99,Superior
Masculino 10-13 anos,F4_Atencao,80,> 95 e < 99,Superior
Masculino 14-17 anos,EscoreGeral,25,< 1,Inferior
Masculino 14-17 anos,EscoreGeral,26,< 1,Inferior
Masculino 14-17 anos,EscoreGeral,27,< 1,Inferior
Masculino 14-17 anos,EscoreGeral,28,< 1,Inferior
Masculino 14-17 anos,EscoreGeral,29,< 1,Inferior
Masculino 14-17 anos,EscoreGeral,30,< 1,Inferior
Masculino 14-17 anos,EscoreGeral,31,< 1,Inferior
Masculino 14-17 anos,EscoreGeral,32,< 1,Inferior
Masculino 14-17 anos,EscoreGeral,33,< 1,Inferior
Masculino 14-17 anos,EscoreGeral,34,< 1,Inferior
Masculino 14-17 anos,EscoreGeral,35,< 1,Inferior
Masculino 14-17 anos,EscoreGeral,36,< 1,Inferior
Masculino 14-17 anos,EscoreGeral,37,< 1,Inferior
Masculino 14-17 anos,EscoreGeral,38,< 1,Inferior
Masculino 14-17 anos,EscoreGeral,39,< 1,Inferior
Masculino 14-17 anos,EscoreGeral,40,< 1,Inferior
Masculino 14-17 anos,EscoreGeral,41,< 1,Inferior
Masculino 14-17 anos,EscoreGeral,42,< 1,Inferior
Masculino 14-17 anos,EscoreGeral,43,< 1,Inferior
Masculino 14-17 anos,EscoreGeral,44,< 1,Inferior
Masculino 14-17 anos,EscoreGeral,45,< 1,Inferior
Masculino 14-17 anos,EscoreGeral,46,< 1,Inferior
Masculino 14-17 anos,EscoreGeral,47,< 1,Inferior
Masculino 14-17 anos,EscoreGeral,48,< 1,Inferior
Masculino 14-17 anos,EscoreGeral,49,< 1,Inferior
Masculino 14-17 anos,EscoreGeral,50,< 1,Inferior
Masculino 14-17 anos,EscoreGeral,51,< 1,Inferior
Masculino 14-17 anos,EscoreGeral,52,< 1,Inferior
Masculino 14-17 anos,EscoreGeral,53,< 1,Inferior
Masculino 14-17 anos,EscoreGeral,54,< 1,Inferior
Masculino 14-17 anos,EscoreGeral,55,< 1,Inferior
Masculino 14-17 anos,EscoreGeral,56,< 1,Inferior
Masculino 14-17 anos,EscoreGeral,57,< 1,Inferior
Masculino 14-17 anos,EscoreGeral,58,< 1,Inferior
Masculino 14-17 anos,EscoreGeral,59,< 1,Inferior
Masculino 14-17 anos,EscoreGeral,60,< 1,Inferior
Masculino 14-17 anos,EscoreGeral,61,< 1,Inferior
Masculino 14-17 anos,EscoreGeral,62,< 1,Inferior
Masculino 14-17 anos,EscoreGeral,63,< 1,Inferior
Masculino 14-17 anos,EscoreGeral,64,< 1,Inferior
Masculino 14-17 anos,EscoreGeral,65,< 1,Inferior
Masculino 14-17 anos,EscoreGeral,66,< 1,Inferior
Masculino 14-17 anos,EscoreGeral,67,< 1,Inferior
Masculino 14-17 anos,EscoreGeral,68,< 1,Inferior
Masculino 14-17 anos,EscoreGeral,69,< 1,Inferior
Masculino 14-17 anos,EscoreGeral,70,< 1,Inferior
Masculino 14-17 anos,EscoreGeral,71,< 1,Inferior
Masculino 14-17 anos,EscoreGeral,72,< 1,Inferior
Masculino 14-17 anos,EscoreGeral,73,< 1,Inferior
Masculino 14-17 anos,EscoreGeral,74,< 1,Inferior
Masculino 14-17 anos,EscoreGeral,75,< 1,Inferior
Masculino 14-17 anos,EscoreGeral,76,< 1,Inferior
Masculino 14-17 anos,EscoreGeral,77,< 1,Inferior
Masculino 14-17 anos,EscoreGeral,78,< 1,Inferior
Masculino 14-17 anos,EscoreGeral,79,< 1,Inferior
Masculino 14-17 anos,EscoreGeral,80,< 1,Inferior
Masculino 14-17 anos,EscoreGeral,81,< 1,Inferior
Masculino 14-17 anos,EscoreGeral,82,< 1,Inferior
Masculino 14-17 anos,EscoreGeral,83,< 1,Inferior
Masculino 14-17 anos,EscoreGeral,84,1,Inferior
Masculino 14-17 anos,EscoreGeral,84.45,5,Inferior
Masculino 14-17 anos,EscoreGeral,85,> 5 e < 10,Inferior
Masculino 14-17 anos,EscoreGeral,86,> 5 e < 10,Inferior
Masculino 14-17 anos,EscoreGeral,87,> 5 e < 10,Inferior
Masculino 14-17 anos,EscoreGeral,88,> 5 e < 10,Inferior
Masculino 14-17 anos,EscoreGeral,89,> 5 e < 10,Inferior
Masculino 14-17 anos,EscoreGeral,90,> 5 e < 10,Inferior
Masculino 14-17 anos,EscoreGeral,91,> 5 e < 10,Inferior
Masculino 14-17 anos,EscoreGeral,92,> 5 e < 10,Inferior
Masculino 14-17 anos,EscoreGeral,93,> 5 e < 10,Inferior
Masculino 14-17 anos,EscoreGeral,94,> 5 e < 10,Inferior
Masculino 14-17 anos,EscoreGeral,94.6,10,Inferior
Masculino 14-17 anos,EscoreGeral,95,> 10 e < 15,Inferior
Masculino 14-17 anos,EscoreGeral,96,> 10 e < 15,Inferior
Masculino 14-17 anos,EscoreGeral,97,> 10 e < 15,Inferior
Masculino 14-17 anos,EscoreGeral,98,> 10 e < 15,Inferior
Masculino 14-17 anos,EscoreGeral,99,> 10 e < 15,Inferior
Masculino 14-17 anos,EscoreGeral,100,> 10 e < 15,Inferior
Masculino 14-17 anos,EscoreGeral,101,> 10 e < 15,Inferior
Masculino 14-17 anos,EscoreGeral,102,> 10 e < 15,Inferior
Masculino 14-17 anos,EscoreGeral,103,> 10 e < 15,Inferior
Masculino 14-17 anos,EscoreGeral,104,> 10 e < 15,Inferior
Masculino 14-17 anos,EscoreGeral,105,> 10 e < 15,Inferior
Masculino 14-17 anos,EscoreGeral,106,> 10 e < 15,Inferior
Masculino 14-17 anos,EscoreGeral,107,> 10 e < 15,Inferior
Masculino 14-17 anos,EscoreGeral,108,> 10 e < 15,Inferior
Masculino 14-17 anos,EscoreGeral,109,> 10 e < 15,Inferior
Masculino 14-17 anos,EscoreGeral,109.15,15,Inferior
Masculino 14-17 anos,EscoreGeral,110,> 15 e < 20,Inferior
Masculino 14-17 anos,EscoreGeral,111,> 15 e < 20,Inferior
Masculino 14-17 anos,EscoreGeral,112,> 15 e < 20,Inferior
Masculino 14-17 anos,EscoreGeral,112.4,20,Inferior
Masculino 14-17 anos,EscoreGeral,113,> 20 e < 25,Inferior
Masculino 14-17 anos,EscoreGeral,114,> 20 e < 25,Inferior
Masculino 14-17 anos,EscoreGeral,115,> 20 e < 25,Inferior
Masculino 14-17 anos,EscoreGeral,116,> 20 e < 25,Inferior
Masculino 14-17 anos,EscoreGeral,117,> 20 e < 25,Inferior
Masculino 14-17 anos,EscoreGeral,118,> 20 e < 25,Inferior
Masculino 14-17 anos,EscoreGeral,119,> 20 e < 25,Inferior
Masculino 14-17 anos,EscoreGeral,120,> 20 e < 25,Inferior
Masculino 14-17 anos,EscoreGeral,121,> 20 e < 25,Inferior
Masculino 14-17 anos,EscoreGeral,122,> 20 e < 25,Inferior
Masculino 14-17 anos,EscoreGeral,123,> 20 e < 25,Inferior
Masculino 14-17 anos,EscoreGeral,124,25,Média Inferior
Masculino 14-17 anos,EscoreGeral,125,> 25 e < 30,Média Inferior
Masculino 14-17 anos,EscoreGeral,126,> 25 e < 30,Média Inferior
Masculino 14-17 anos,EscoreGeral,127,> 25 e < 30,Média Inferior
Masculino 14-17 anos,EscoreGeral,128,> 25 e < 30,Média Inferior
Masculino 14-17 anos,EscoreGeral,129,> 25 e < 30,Média Inferior
Masculino 14-17 anos,EscoreGeral,130,> 25 e < 30,Média Inferior
Masculino 14-17 anos,EscoreGeral,130.3,30,Média Inferior
Masculino 14-17 anos,EscoreGeral,131,35,Média Inferior
Masculino 14-17 anos,EscoreGeral,132,> 35 e < 40,Média Inferior
Masculino 14-17 anos,EscoreGeral,132.2,40,Média Inferior
Masculino 14-17 anos,EscoreGeral,133,> 40 e < 45,Média Inferior
Masculino 14-17 anos,EscoreGeral,134,> 40 e < 45,Média Inferior
Masculino 14-17 anos,EscoreGeral,135,> 40 e < 45,Média Inferior
Masculino 14-17 anos,EscoreGeral,136,> 40 e < 45,Média Inferior
Masculino 14-17 anos,EscoreGeral,136.7,45,Média
Masculino 14-17 anos,EscoreGeral,137,> 45 e < 50,Média
Masculino 14-17 anos,EscoreGeral,138,> 45 e < 50,Média
Masculino 14-17 anos,EscoreGeral,139,> 45 e < 50,Média
Masculino 14-17 anos,EscoreGeral,140,> 45 e < 50,Média
Masculino 14-17 anos,EscoreGeral,141,> 45 e < 50,Média
Masculino 14-17 anos,EscoreGeral,141.5,50,Média
Masculino 14-17 anos,EscoreGeral,142,> 50 e < 55,Média
Masculino 14-17 anos,EscoreGeral,143,55,Média
Masculino 14-17 anos,EscoreGeral,144,> 60 e < 65,Média
Masculino 14-17 anos,EscoreGeral,145,> 60 e < 65,Média
Masculino 14-17 anos,EscoreGeral,145.6,65,Média Superior
Masculino 14-17 anos,EscoreGeral,146,> 65 e < 70,Média Superior
Masculino 14-17 anos,EscoreGeral,147,> 65 e < 70,Média Superior
Masculino 14-17 anos,EscoreGeral,148,> 65 e < 70,Média Superior
Masculino 14-17 anos,EscoreGeral,149,> 65 e < 70,Média Superior
Masculino 14-17 anos,EscoreGeral,150,> 65 e < 70,Média Superior
Masculino 14-17 anos,EscoreGeral,151,> 65 e < 70,Média Superior
Masculino 14-17 anos,EscoreGeral,152,> 65 e < 70,Média Superior
Masculino 14-17 anos,EscoreGeral,153,> 65 e < 70,Média Superior
Masculino 14-17 anos,EscoreGeral,154,> 65 e < 70,Média Superior
Masculino 14-17 anos,EscoreGeral,155,> 65 e < 70,Média Superior
Masculino 14-17 anos,EscoreGeral,156,> 65 e < 70,Média Superior
Masculino 14-17 anos,EscoreGeral,157,> 65 e < 70,Média Superior
Masculino 14-17 anos,EscoreGeral,158,> 65 e < 70,Média Superior
Masculino 14-17 anos,EscoreGeral,159,> 65 e < 70,Média Superior
Masculino 14-17 anos,EscoreGeral,160,> 65 e < 70,Média Superior
Masculino 14-17 anos,EscoreGeral,161,> 65 e < 70,Média Superior
Masculino 14-17 anos,EscoreGeral,162,> 65 e < 70,Média Superior
Masculino 14-17 anos,EscoreGeral,162.4,70,Média Superior
Masculino 14-17 anos,EscoreGeral,163,> 70 e < 75,Média Superior
Masculino 14-17 anos,EscoreGeral,164,> 70 e < 75,Média Superior
Masculino 14-17 anos,EscoreGeral,165,> 70 e < 75,Média Superior
Masculino 14-17 anos,EscoreGeral,166,> 70 e < 75,Média Superior
Masculino 14-17 anos,EscoreGeral,167,> 70 e < 75,Média Superior
Masculino 14-17 anos,EscoreGeral,168,> 70 e < 75,Média Superior
Masculino 14-17 anos,EscoreGeral,169,> 70 e < 75,Média Superior
Masculino 14-17 anos,EscoreGeral,170,> 70 e < 75,Média Superior
Masculino 14-17 anos,EscoreGeral,171,> 70 e < 75,Média Superior
Masculino 14-17 anos,EscoreGeral,172,> 70 e < 75,Média Superior
Masculino 14-17 anos,EscoreGeral,173,> 70 e < 75,Média Superior
Masculino 14-17 anos,EscoreGeral,173.5,75,Média superior
Masculino 14-17 anos,EscoreGeral,174,> 75 e < 80,Média superior
Masculino 14-17 anos,EscoreGeral,175,> 75 e < 80,Média superior
Masculino 14-17 anos,EscoreGeral,176,> 75 e < 80,Média superior
Masculino 14-17 anos,EscoreGeral,177,> 75 e < 80,Média superior
Masculino 14-17 anos,EscoreGeral,178,> 75 e < 80,Média superior
Masculino 14-17 anos,EscoreGeral,179,> 75 e < 80,Média superior
Masculino 14-17 anos,EscoreGeral,180,> 75 e < 80,Média superior
Masculino 14-17 anos,EscoreGeral,181,> 75 e < 80,Média superior
Masculino 14-17 anos,EscoreGeral,182,> 75 e < 80,Média superior
Masculino 14-17 anos,EscoreGeral,183,> 75 e < 80,Média superior
Masculino 14-17 anos,EscoreGeral,184,> 75 e < 80,Média superior
Masculino 14-17 anos,EscoreGeral,185,> 75 e < 80,Média superior
Masculino 14-17 anos,EscoreGeral,186,> 75 e < 80,Média superior
Masculino 14-17 anos,EscoreGeral,187,> 75 e < 80,Média superior
Masculino 14-17 anos,EscoreGeral,188,> 75 e < 80,Média superior
Masculino 14-17 anos,EscoreGeral,188.6,80,Média superior
Masculino 14-17 anos,EscoreGeral,189,> 80 e < 85,Média superior
Masculino 14-17 anos,EscoreGeral,190,> 80 e < 85,Média superior
Masculino 14-17 anos,EscoreGeral,191,> 80 e < 85,Média superior
Masculino 14-17 anos,EscoreGeral,192,90,Superior
Masculino 14-17 anos,EscoreGeral,193,> 90 e < 95,Superior
Masculino 14-17 anos,EscoreGeral,194,> 90 e < 95,Superior
Masculino 14-17 anos,EscoreGeral,195,> 90 e < 95,Superior
Masculino 14-17 anos,EscoreGeral,196,> 90 e < 95,Superior
Masculino 14-17 anos,EscoreGeral,197,> 90 e < 95,Superior
Masculino 14-17 anos,EscoreGeral,198,> 90 e < 95,Superior
Masculino 14-17 anos,EscoreGeral,199,> 90 e < 95,Superior
Masculino 14-17 anos,EscoreGeral,200,> 90 e < 95,Superior
Masculino 14-17 anos,EscoreGeral,201,> 90 e < 95,Superior
Masculino 14-17 anos,EscoreGeral,202,> 90 e < 95,Superior
Masculino 14-17 anos,EscoreGeral,203,> 90 e < 95,Superior
Masculino 14-17 anos,EscoreGeral,204,> 90 e < 95,Superior
Masculino 14-17 anos,EscoreGeral,205,> 90 e < 95,Superior
Masculino 14-17 anos,EscoreGeral,206,> 90 e < 95,Superior
Masculino 14-17 anos,EscoreGeral,207,> 90 e < 95,Superior
Masculino 14-17 anos,EscoreGeral,208,> 90 e < 95,Superior
Masculino 14-17 anos,EscoreGeral,209,> 90 e < 95,Superior
Masculino 14-17 anos,EscoreGeral,210,> 90 e < 95,Superior
Masculino 14-17 anos,EscoreGeral,211,> 90 e < 95,Superior
Masculino 14-17 anos,EscoreGeral,212,> 90 e < 95,Superior
Masculino 14-17 anos,EscoreGeral,213,> 90 e < 95,Superior
Masculino 14-17 anos,EscoreGeral,214,> 90 e < 95,Superior
Masculino 14-17 anos,EscoreGeral,215,> 90 e < 95,Superior
Masculino 14-17 anos,EscoreGeral,216,> 90 e < 95,Superior
Masculino 14-17 anos,EscoreGeral,217,> 90 e < 95,Superior
Masculino 14-17 anos,EscoreGeral,218,> 90 e < 95,Superior
Masculino 14-17 anos,EscoreGeral,219,> 90 e < 95,Superior
Masculino 14-17 anos,EscoreGeral,220,> 90 e < 95,Superior
Masculino 14-17 anos,EscoreGeral,221,> 90 e < 95,Superior
Masculino 14-17 anos,EscoreGeral,222,> 90 e < 95,Superior
Masculino 14-17 anos,EscoreGeral,223,> 90 e < 95,Superior
Masculino 14-17 anos,EscoreGeral,224,> 90 e < 95,Superior
Masculino 14-17 anos,EscoreGeral,225,> 90 e < 95,Superior
Masculino 14-17 anos,EscoreGeral,226,> 90 e < 95,Superior
Masculino 14-17 anos,EscoreGeral,227,> 90 e < 95,Superior
Masculino 14-17 anos,EscoreGeral,228,> 90 e < 95,Superior
Masculino 14-17 anos,EscoreGeral,229,> 90 e < 95,Superior
Masculino 14-17 anos,EscoreGeral,230,> 90 e < 95,Superior
Masculino 14-17 anos,EscoreGeral,231,> 90 e < 95,Superior
Masculino 14-17 anos,EscoreGeral,232,> 90 e < 95,Superior
Masculino 14-17 anos,EscoreGeral,233,> 90 e < 95,Superior
Masculino 14-17 anos,EscoreGeral,234,> 90 e < 95,Superior
Masculino 14-17 anos,EscoreGeral,235,> 90 e < 95,Superior
Masculino 14-17 anos,EscoreGeral,235.7,95,Superior
Masculino 14-17 anos,EscoreGeral,236,> 95 e < 99,Superior
Masculino 14-17 anos,EscoreGeral,237,> 95 e < 99,Superior
Masculino 14-17 anos,EscoreGeral,238,> 95 e < 99,Superior
Masculino 14-17 anos,EscoreGeral,239,> 95 e < 99,Superior
Masculino 14-17 anos,EscoreGeral,240,> 95 e < 99,Superior
Masculino 14-17 anos,EscoreGeral,241,> 95 e < 99,Superior
Masculino 14-17 anos,EscoreGeral,242,> 95 e < 99,Superior
Masculino 14-17 anos,EscoreGeral,243,> 95 e < 99,Superior
Masculino 14-17 anos,EscoreGeral,244,> 95 e < 99,Superior
Masculino 14-17 anos,EscoreGeral,245,> 95 e < 99,Superior
Masculino 14-17 anos,EscoreGeral,246,> 95 e < 99,Superior
Masculino 14-17 anos,EscoreGeral,247,> 95 e < 99,Superior
Masculino 14-17 anos,EscoreGeral,248,> 95 e < 99,Superior
Masculino 14-17 anos,EscoreGeral,249,> 95 e < 99,Superior
Masculino 14-17 anos,EscoreGeral,250,> 95 e < 99,Superior
Masculino 14-17 anos,EscoreGeral,251,> 95 e < 99,Superior
Masculino 14-17 anos,EscoreGeral,252,> 95 e < 99,Superior
Masculino 14-17 anos,EscoreGeral,253,> 95 e < 99,Superior
Masculino 14-17 anos,EscoreGeral,254,> 95 e < 99,Superior
Masculino 14-17 anos,EscoreGeral,255,> 95 e < 99,Superior
Masculino 14-17 anos,EscoreGeral,256,> 95 e < 99,Superior
Masculino 14-17 anos,EscoreGeral,257,> 95 e < 99,Superior
Masculino 14-17 anos,EscoreGeral,258,> 95 e < 99,Superior
Masculino 14-17 anos,EscoreGeral,259,> 95 e < 99,Superior
Masculino 14-17 anos,EscoreGeral,260,> 95 e < 99,Superior
Masculino 14-17 anos,EscoreGeral,261,> 95 e < 99,Superior
Masculino 14-17 anos,EscoreGeral,262,> 95 e < 99,Superior
Masculino 14-17 anos,EscoreGeral,263,> 95 e < 99,Superior
Masculino 14-17 anos,EscoreGeral,264,> 95 e < 99,Superior
Masculino 14-17 anos,EscoreGeral,265,> 95 e < 99,Superior
Masculino 14-17 anos,EscoreGeral,266,> 95 e < 99,Superior
Masculino 14-17 anos,EscoreGeral,267,> 95 e < 99,Superior
Masculino 14-17 anos,EscoreGeral,268,> 95 e < 99,Superior
Masculino 14-17 anos,EscoreGeral,269,> 95 e < 99,Superior
Masculino 14-17 anos,EscoreGeral,270,> 95 e < 99,Superior
Masculino 14-17 anos,EscoreGeral,271,> 95 e < 99,Superior
Masculino 14-17 anos,EscoreGeral,272,> 95 e < 99,Superior
Masculino 14-17 anos,EscoreGeral,273,> 95 e < 99,Superior
Masculino 14-17 anos,EscoreGeral,274,> 95 e < 99,Superior
Masculino 14-17 anos,EscoreGeral,275,> 95 e < 99,Superior
Masculino 14-17 anos,EscoreGeral,276,> 95 e < 99,Superior
Masculino 14-17 anos,EscoreGeral,277,> 95 e < 99,Superior
Masculino 14-17 anos,EscoreGeral,278,> 95 e < 99,Superior
Masculino 14-17 anos,EscoreGeral,279,> 95 e < 99,Superior
Masculino 14-17 anos,EscoreGeral,280,> 95 e < 99,Superior
Masculino 14-17 anos,EscoreGeral,281,> 95 e < 99,Superior
Masculino 14-17 anos,EscoreGeral,282,> 95 e < 99,Superior
Masculino 14-17 anos,EscoreGeral,283,> 95 e < 99,Superior
Masculino 14-17 anos,EscoreGeral,284,> 95 e < 99,Superior
Masculino 14-17 anos,EscoreGeral,285,> 95 e < 99,Superior
Masculino 14-17 anos,EscoreGeral,286,> 95 e < 99,Superior
Masculino 14-17 anos,EscoreGeral,287,> 95 e < 99,Superior
Masculino 14-17 anos,EscoreGeral,288,> 95 e < 99,Superior
Masculino 14-17 anos,EscoreGeral,289,> 95 e < 99,Superior
Masculino 14-17 anos,EscoreGeral,290,> 95 e < 99,Superior
Masculino 14-17 anos,EscoreGeral,291,> 95 e < 99,Superior
Masculino 14-17 anos,EscoreGeral,292,> 95 e < 99,Superior
Masculino 14-17 anos,EscoreGeral,293,> 95 e < 99,Superior
Masculino 14-17 anos,EscoreGeral,294,> 95 e < 99,Superior
Masculino 14-17 anos,EscoreGeral,295,> 95 e < 99,Superior
Masculino 14-17 anos,EscoreGeral,296,> 95 e < 99,Superior
Masculino 14-17 anos,EscoreGeral,297,> 95 e < 99,Superior
Masculino 14-17 anos,EscoreGeral,298,> 95 e < 99,Superior
Masculino 14-17 anos,EscoreGeral,299,> 95 e < 99,Superior
Masculino 14-17 anos,EscoreGeral,300,> 95 e < 99,Superior
Masculino 14-17 anos,EscoreGeral,301,> 95 e < 99,Superior
Masculino 14-17 anos,EscoreGeral,302,> 95 e < 99,Superior
Masculino 14-17 anos,EscoreGeral,303,> 95 e < 99,Superior
Masculino 14-17 anos,EscoreGeral,304,> 95 e < 99,Superior
Masculino 14-17 anos,EscoreGeral,305,> 95 e < 99,Superior
Masculino 14-17 anos,EscoreGeral,306,> 95 e < 99,Superior
Masculino 14-17 anos,EscoreGeral,307,> 95 e < 99,Superior
Masculino 14-17 anos,EscoreGeral,308,> 95 e < 99,Superior
Masculino 14-17 anos,EscoreGeral,309,> 95 e < 99,Superior
Masculino 14-17 anos,EscoreGeral,310,> 95 e < 99,Superior
Masculino 14-17 anos,EscoreGeral,311,> 95 e < 99,Superior
Masculino 14-17 anos,EscoreGeral,312,> 95 e < 99,Superior
Masculino 14-17 anos,EscoreGeral,313,> 95 e < 99,Superior
Masculino 14-17 anos,EscoreGeral,314,> 95 e < 99,Superior
Masculino 14-17 anos,EscoreGeral,315,> 95 e < 99,Superior
Masculino 14-17 anos,EscoreGeral,316,> 95 e < 99,Superior
Masculino 14-17 anos,EscoreGeral,317,> 95 e < 99,Superior
Masculino 14-17 anos,EscoreGeral,318,> 95 e < 99,Superior
Masculino 14-17 anos,EscoreGeral,319,> 95 e < 99,Superior
Masculino 14-17 anos,EscoreGeral,320,> 95 e < 99,Superior
Masculino 14-17 anos,EscoreGeral,321,> 95 e < 99,Superior
Masculino 14-17 anos,EscoreGeral,322,> 95 e < 99,Superior
Masculino 14-17 anos,EscoreGeral,323,> 95 e < 99,Superior
Masculino 14-17 anos,EscoreGeral,324,> 95 e < 99,Superior
Masculino 14-17 anos,EscoreGeral,325,> 95 e < 99,Superior
Masculino 14-17 anos,EscoreGeral,326,> 95 e < 99,Superior
Masculino 14-17 anos,EscoreGeral,327,> 95 e < 99,Superior
Masculino 14-17 anos,EscoreGeral,328,> 95 e < 99,Superior
Masculino 14-17 anos,EscoreGeral,329,> 95 e < 99,Superior
Masculino 14-17 anos,EscoreGeral,330,> 95 e < 99,Superior
Masculino 14-17 anos,EscoreGeral,331,> 95 e < 99,Superior
Masculino 14-17 anos,EscoreGeral,332,99,Superior
Masculino 14-17 anos,EscoreGeral,333,> 99,Superior
Masculino 14-17 anos,EscoreGeral,334,> 99,Superior
Masculino 14-17 anos,EscoreGeral,335,> 99,Superior
Masculino 14-17 anos,EscoreGeral,336,> 99,Superior
Masculino 14-17 anos,EscoreGeral,337,> 99,Superior
Masculino 14-17 anos,EscoreGeral,338,> 99,Superior
Masculino 14-17 anos,EscoreGeral,339,> 99,Superior
Masculino 14-17 anos,EscoreGeral,340,> 99,Superior
Masculino 14-17 anos,EscoreGeral,341,> 99,Superior
Masculino 14-17 anos,EscoreGeral,342,> 99,Superior
Masculino 14-17 anos,EscoreGeral,343,> 99,Superior
Masculino 14-17 anos,EscoreGeral,344,> 99,Superior
Masculino 14-17 anos,EscoreGeral,345,> 99,Superior
Masculino 14-17 anos,EscoreGeral,346,> 99,Superior
Masculino 14-17 anos,EscoreGeral,347,> 99,Superior
Masculino 14-17 anos,EscoreGeral,348,> 99,Superior
Masculino 14-17 anos,EscoreGeral,349,> 99,Superior
Masculino 14-17 anos,EscoreGeral,350,> 99,Superior
Masculino 14-17 anos,F1_RegulacaoEmocional,1,< 1,Inferior
Masculino 14-17 anos,F1_RegulacaoEmocional,2,< 1,Inferior
Masculino 14-17 anos,F1_RegulacaoEmocional,3,< 1,Inferior
Masculino 14-17 anos,F1_RegulacaoEmocional,4,< 1,Inferior
Masculino 14-17 anos,F1_RegulacaoEmocional,5,< 1,Inferior
Masculino 14-17 anos,F1_RegulacaoEmocional,6,< 1,Inferior
Masculino 14-17 anos,F1_RegulacaoEmocional,7,< 1,Inferior
Masculino 14-17 anos,F1_RegulacaoEmocional,8,< 1,Inferior
Masculino 14-17 anos,F1_RegulacaoEmocional,9,< 1,Inferior
Masculino 14-17 anos,F1_RegulacaoEmocional,10,< 1,Inferior
Masculino 14-17 anos,F1_RegulacaoEmocional,11,< 1,Inferior
Masculino 14-17 anos,F1_RegulacaoEmocional,12,< 1,Inferior
Masculino 14-17 anos,F1_RegulacaoEmocional,13,< 1,Inferior
Masculino 14-17 anos,F1_RegulacaoEmocional,14,< 1,Inferior
Masculino 14-17 anos,F1_RegulacaoEmocional,15,< 1,Inferior
Masculino 14-17 anos,F1_RegulacaoEmocional,16,< 1,Inferior
Masculino 14-17 anos,F1_RegulacaoEmocional,17,< 1,Inferior
Masculino 14-17 anos,F1_RegulacaoEmocional,18,< 1,Inferior
Masculino 14-17 anos,F1_RegulacaoEmocional,19,< 1,Inferior
Masculino 14-17 anos,F1_RegulacaoEmocional,20,1,Inferior
Masculino 14-17 anos,F1_RegulacaoEmocional,20.5,10,Inferior
Masculino 14-17 anos,F1_RegulacaoEmocional,21,> 10 e < 15,Inferior
Masculino 14-17 anos,F1_RegulacaoEmocional,22,> 10 e < 15,Inferior
Masculino 14-17 anos,F1_RegulacaoEmocional,23,> 10 e < 15,Inferior
Masculino 14-17 anos,F1_RegulacaoEmocional,24,> 10 e < 15,Inferior
Masculino 14-17 anos,F1_RegulacaoEmocional,25,15,Inferior
Masculino 14-17 anos,F1_RegulacaoEmocional,25.8,20,Inferior
Masculino 14-17 anos,F1_RegulacaoEmocional,26,> 20 e < 25,Inferior
Masculino 14-17 anos,F1_RegulacaoEmocional,27,> 20 e < 25,Inferior
Masculino 14-17 anos,F1_RegulacaoEmocional,28,> 20 e < 25,Inferior
Masculino 14-17 anos,F1_RegulacaoEmocional,29,> 20 e < 25,Inferior
Masculino 14-17 anos,F1_RegulacaoEmocional,29.25,25,Média Inferior
Masculino 14-17 anos,F1_RegulacaoEmocional,30,> 25 e < 30,Média Inferior
Masculino 14-17 anos,F1_RegulacaoEmocional,30.3,30,Média Inferior
Masculino 14-17 anos,F1_RegulacaoEmocional,31,> 30 e < 35,Média Inferior
Masculino 14-17 anos,F1_RegulacaoEmocional,31.35,35,Média Inferior
Masculino 14-17 anos,F1_RegulacaoEmocional,32,> 35 e < 40,Média Inferior
Masculino 14-17 anos,F1_RegulacaoEmocional,32.4,40,Média Inferior
Masculino 14-17 anos,F1_RegulacaoEmocional,33,45,Média
Masculino 14-17 anos,F1_RegulacaoEmocional,34,> 50 e < 55,Média
Masculino 14-17 anos,F1_RegulacaoEmocional,35,> 50 e < 55,Média
Masculino 14-17 anos,F1_RegulacaoEmocional,36,> 50 e < 55,Média
Masculino 14-17 anos,F1_RegulacaoEmocional,36.3,55,Média
Masculino 14-17 anos,F1_RegulacaoEmocional,37,> 55 e < 60,Média
Masculino 14-17 anos,F1_RegulacaoEmocional,38,> 55 e < 60,Média
Masculino 14-17 anos,F1_RegulacaoEmocional,39,> 55 e < 60,Média
Masculino 14-17 anos,F1_RegulacaoEmocional,39.6,60,Média
Masculino 14-17 anos,F1_RegulacaoEmocional,40,> 60 e < 65,Média
Masculino 14-17 anos,F1_RegulacaoEmocional,41,> 60 e < 65,Média
Masculino 14-17 anos,F1_RegulacaoEmocional,42,> 60 e < 65,Média
Masculino 14-17 anos,F1_RegulacaoEmocional,43,> 60 e < 65,Média
Masculino 14-17 anos,F1_RegulacaoEmocional,44,> 60 e < 65,Média
Masculino 14-17 anos,F1_RegulacaoEmocional,44.55,65,Média Superior
Masculino 14-17 anos,F1_RegulacaoEmocional,45,> 65 e < 70,Média Superior
Masculino 14-17 anos,F1_RegulacaoEmocional,46,> 65 e < 70,Média Superior
Masculino 14-17 anos,F1_RegulacaoEmocional,47,> 65 e < 70,Média Superior
Masculino 14-17 anos,F1_RegulacaoEmocional,48,> 65 e < 70,Média Superior
Masculino 14-17 anos,F1_RegulacaoEmocional,49,> 65 e < 70,Média Superior
Masculino 14-17 anos,F1_RegulacaoEmocional,49.8,70,Média Superior
Masculino 14-17 anos,F1_RegulacaoEmocional,50,> 70 e < 75,Média Superior
Masculino 14-17 anos,F1_RegulacaoEmocional,51,> 70 e < 75,Média Superior
Masculino 14-17 anos,F1_RegulacaoEmocional,52,> 70 e < 75,Média Superior
Masculino 14-17 anos,F1_RegulacaoEmocional,52.5,75,Média superior
Masculino 14-17 anos,F1_RegulacaoEmocional,53,> 75 e < 80,Média superior
Masculino 14-17 anos,F1_RegulacaoEmocional,54,> 75 e < 80,Média superior
Masculino 14-17 anos,F1_RegulacaoEmocional,55,> 75 e < 80,Média superior
Masculino 14-17 anos,F1_RegulacaoEmocional,55.4,80,Média superior
Masculino 14-17 anos,F1_RegulacaoEmocional,56,85,Superior
Masculino 14-17 anos,F1_RegulacaoEmocional,57,> 85 e < 90,Superior
Masculino 14-17 anos,F1_RegulacaoEmocional,58,> 85 e < 90,Superior
Masculino 14-17 anos,F1_RegulacaoEmocional,59,> 85 e < 90,Superior
Masculino 14-17 anos,F1_RegulacaoEmocional,60,> 85 e < 90,Superior
Masculino 14-17 anos,F1_RegulacaoEmocional,61,> 85 e < 90,Superior
Masculino 14-17 anos,F1_RegulacaoEmocional,62,> 85 e < 90,Superior
Masculino 14-17 anos,F1_RegulacaoEmocional,63,> 85 e < 90,Superior
Masculino 14-17 anos,F1_RegulacaoEmocional,64,> 85 e < 90,Superior
Masculino 14-17 anos,F1_RegulacaoEmocional,65,> 85 e < 90,Superior
Masculino 14-17 anos,F1_RegulacaoEmocional,66,> 85 e < 90,Superior
Masculino 14-17 anos,F1_RegulacaoEmocional,67,> 85 e < 90,Superior
Masculino 14-17 anos,F1_RegulacaoEmocional,68,> 85 e < 90,Superior
Masculino 14-17 anos,F1_RegulacaoEmocional,69,> 85 e < 90,Superior
Masculino 14-17 anos,F1_RegulacaoEmocional,70,> 85 e < 90,Superior
Masculino 14-17 anos,F1_RegulacaoEmocional,71,> 85 e < 90,Superior
Masculino 14-17 anos,F1_RegulacaoEmocional,71.3,90,Superior
Masculino 14-17 anos,F1_RegulacaoEmocional,72,> 90 e < 95,Superior
Masculino 14-17 anos,F1_RegulacaoEmocional,73,> 90 e < 95,Superior
Masculino 14-17 anos,F1_RegulacaoEmocional,74,> 90 e < 95,Superior
Masculino 14-17 anos,F1_RegulacaoEmocional,75,> 90 e < 95,Superior
Masculino 14-17 anos,F1_RegulacaoEmocional,76,> 90 e < 95,Superior
Masculino 14-17 anos,F1_RegulacaoEmocional,77,> 90 e < 95,Superior
Masculino 14-17 anos,F1_RegulacaoEmocional,78,> 90 e < 95,Superior
Masculino 14-17 anos,F1_RegulacaoEmocional,79,> 90 e < 95,Superior
Masculino 14-17 anos,F1_RegulacaoEmocional,80,> 90 e < 95,Superior
Masculino 14-17 anos,F1_RegulacaoEmocional,81,> 90 e < 95,Superior
Masculino 14-17 anos,F1_RegulacaoEmocional,82,> 90 e < 95,Superior
Masculino 14-17 anos,F1_RegulacaoEmocional,83,> 90 e < 95,Superior
Masculino 14-17 anos,F1_RegulacaoEmocional,84,> 90 e < 95,Superior
Masculino 14-17 anos,F1_RegulacaoEmocional,85,> 90 e < 95,Superior
Masculino 14-17 anos,F1_RegulacaoEmocional,86,> 90 e < 95,Superior
Masculino 14-17 anos,F1_RegulacaoEmocional,87,> 90 e < 95,Superior
Masculino 14-17 anos,F1_RegulacaoEmocional,88,> 90 e < 95,Superior
Masculino 14-17 anos,F1_RegulacaoEmocional,89,> 90 e < 95,Superior
Masculino 14-17 anos,F1_RegulacaoEmocional,90,> 90 e < 95,Superior
Masculino 14-17 anos,F1_RegulacaoEmocional,91,> 90 e < 95,Superior
Masculino 14-17 anos,F1_RegulacaoEmocional,92,> 90 e < 95,Superior
Masculino 14-17 anos,F1_RegulacaoEmocional,93,> 90 e < 95,Superior
Masculino 14-17 anos,F1_RegulacaoEmocional,94,> 90 e < 95,Superior
Masculino 14-17 anos,F1_RegulacaoEmocional,95,> 90 e < 95,Superior
Masculino 14-17 anos,F1_RegulacaoEmocional,96,> 90 e < 95,Superior
Masculino 14-17 anos,F1_RegulacaoEmocional,97,> 90 e < 95,Superior
Masculino 14-17 anos,F1_RegulacaoEmocional,98,> 90 e < 95,Superior
Masculino 14-17 anos,F1_RegulacaoEmocional,99,> 90 e < 95,Superior
Masculino 14-17 anos,F1_RegulacaoEmocional,100,> 90 e < 95,Superior
Masculino 14-17 anos,F1_RegulacaoEmocional,101,> 90 e < 95,Superior
Masculino 14-17 anos,F1_RegulacaoEmocional,102,> 90 e < 95,Superior
Masculino 14-17 anos,F1_RegulacaoEmocional,103,> 90 e < 95,Superior
Masculino 14-17 anos,F1_RegulacaoEmocional,104,> 90 e < 95,Superior
Masculino 14-17 anos,F1_RegulacaoEmocional,105,> 90 e < 95,Superior
Masculino 14-17 anos,F1_RegulacaoEmocional,106,> 90 e < 95,Superior
Masculino 14-17 anos,F1_RegulacaoEmocional,107,> 90 e < 95,Superior
Masculino 14-17 anos,F1_RegulacaoEmocional,108,> 90 e < 95,Superior
Masculino 14-17 anos,F1_RegulacaoEmocional,108.15,95,Superior
Masculino 14-17 anos,F1_RegulacaoEmocional,109,> 95 e < 99,Superior
Masculino 14-17 anos,F1_RegulacaoEmocional,110,> 95 e < 99,Superior
Masculino 14-17 anos,F1_RegulacaoEmocional,111,> 95 e < 99,Superior
Masculino 14-17 anos,F1_RegulacaoEmocional,112,> 95 e < 99,Superior
Masculino 14-17 anos,F1_RegulacaoEmocional,113,> 95 e < 99,Superior
Masculino 14-17 anos,F1_RegulacaoEmocional,114,> 95 e < 99,Superior
Masculino 14-17 anos,F1_RegulacaoEmocional,115,> 95 e < 99,Superior
Masculino 14-17 anos,F1_RegulacaoEmocional,116,> 95 e < 99,Superior
Masculino 14-17 anos,F1_RegulacaoEmocional,117,> 95 e < 99,Superior
Masculino 14-17 anos,F1_RegulacaoEmocional,118,> 95 e < 99,Superior
Masculino 14-17 anos,F1_RegulacaoEmocional,119,> 95 e < 99,Superior
Masculino 14-17 anos,F1_RegulacaoEmocional,120,> 95 e < 99,Superior
Masculino 14-17 anos,F2_HiperatividadeImpulsividade,1,< 1,Inferior
Masculino 14-17 anos,F2_HiperatividadeImpulsividade,2,< 1,Inferior
Masculino 14-17 anos,F2_HiperatividadeImpulsividade,3,< 1,Inferior
Masculino 14-17 anos,F2_HiperatividadeImpulsividade,4,< 1,Inferior
Masculino 14-17 anos,F2_HiperatividadeImpulsividade,5,< 1,Inferior
Masculino 14-17 anos,F2_HiperatividadeImpulsividade,6,< 1,Inferior
Masculino 14-17 anos,F2_HiperatividadeImpulsividade,7,< 1,Inferior
Masculino 14-17 anos,F2_HiperatividadeImpulsividade,8,< 1,Inferior
Masculino 14-17 anos,F2_HiperatividadeImpulsividade,9,< 1,Inferior
Masculino 14-17 anos,F2_HiperatividadeImpulsividade,10,< 1,Inferior
Masculino 14-17 anos,F2_HiperatividadeImpulsividade,11,< 1,Inferior
Masculino 14-17 anos,F2_HiperatividadeImpulsividade,12,< 1,Inferior
Masculino 14-17 anos,F2_HiperatividadeImpulsividade,13,< 1,Inferior
Masculino 14-17 anos,F2_HiperatividadeImpulsividade,14,< 1,Inferior
Masculino 14-17 anos,F2_HiperatividadeImpulsividade,15,< 1,Inferior
Masculino 14-17 anos,F2_HiperatividadeImpulsividade,16,1,Inferior
Masculino 14-17 anos,F2_HiperatividadeImpulsividade,16.1,5,Inferior
Masculino 14-17 anos,F2_HiperatividadeImpulsividade,17,> 5 e < 10,Inferior
Masculino 14-17 anos,F2_HiperatividadeImpulsividade,18,> 5 e < 10,Inferior
Masculino 14-17 anos,F2_HiperatividadeImpulsividade,18.2,10,Inferior
Masculino 14-17 anos,F2_HiperatividadeImpulsividade,19,> 10 e < 15,Inferior
Masculino 14-17 anos,F2_HiperatividadeImpulsividade,20,> 10 e < 15,Inferior
Masculino 14-17 anos,F2_HiperatividadeImpulsividade,20.15,15,Inferior
Masculino 14-17 anos,F2_HiperatividadeImpulsividade,21,> 15 e < 20,Inferior
Masculino 14-17 anos,F2_HiperatividadeImpulsividade,21.2,20,Inferior
Masculino 14-17 anos,F2_HiperatividadeImpulsividade,22,> 20 e < 25,Inferior
Masculino 14-17 anos,F2_HiperatividadeImpulsividade,23,25,Média Inferior
Masculino 14-17 anos,F2_HiperatividadeImpulsividade,24,> 25 e < 30,Média Inferior
Masculino 14-17 anos,F2_HiperatividadeImpulsividade,25,> 25 e < 30,Média Inferior
Masculino 14-17 anos,F2_HiperatividadeImpulsividade,26,> 25 e < 30,Média Inferior
Masculino 14-17 anos,F2_HiperatividadeImpulsividade,26.3,30,Média Inferior
Masculino 14-17 anos,F2_HiperatividadeImpulsividade,27,> 30 e < 35,Média Inferior
Masculino 14-17 anos,F2_HiperatividadeImpulsividade,27.35,35,Média Inferior
Masculino 14-17 anos,F2_HiperatividadeImpulsividade,28,40,Média Inferior
Masculino 14-17 anos,F2_HiperatividadeImpulsividade,29,> 45 e < 50,Média
Masculino 14-17 anos,F2_HiperatividadeImpulsividade,29.5,50,Média
Masculino 14-17 anos,F2_HiperatividadeImpulsividade,30,> 50 e < 55,Média
Masculino 14-17 anos,F2_HiperatividadeImpulsividade,31,> 50 e < 55,Média
Masculino 14-17 anos,F2_HiperatividadeImpulsividade,32,> 50 e < 55,Média
Masculino 14-17 anos,F2_HiperatividadeImpulsividade,32.65,55,Média
Masculino 14-17 anos,F2_HiperatividadeImpulsividade,33,> 55 e < 60,Média
Masculino 14-17 anos,F2_HiperatividadeImpulsividade,34,> 55 e < 60,Média
Masculino 14-17 anos,F2_HiperatividadeImpulsividade,35,> 55 e < 60,Média
Masculino 14-17 anos,F2_HiperatividadeImpulsividade,35.2,60,Média
Masculino 14-17 anos,F2_HiperatividadeImpulsividade,36,65,Média Superior
Masculino 14-17 anos,F2_HiperatividadeImpulsividade,36.7,70,Média Superior
Masculino 14-17 anos,F2_HiperatividadeImpulsividade,37,75,Média superior
Masculino 14-17 anos,F2_HiperatividadeImpulsividade,38,> 75 e < 80,Média superior
Masculino 14-17 anos,F2_HiperatividadeImpulsividade,38.6,80,Média superior
Masculino 14-17 anos,F2_HiperatividadeImpulsividade,39,> 80 e < 85,Média superior
Masculino 14-17 anos,F2_HiperatividadeImpulsividade,39.85,85,Superior
Masculino 14-17 anos,F2_HiperatividadeImpulsividade,40,> 85 e < 90,Superior
Masculino 14-17 anos,F2_HiperatividadeImpulsividade,41,> 85 e < 90,Superior
Masculino 14-17 anos,F2_HiperatividadeImpulsividade,41.8,90,Superior
Masculino 14-17 anos,F2_HiperatividadeImpulsividade,42,95,Superior
Masculino 14-17 anos,F2_HiperatividadeImpulsividade,43,> 95 e < 99,Superior
Masculino 14-17 anos,F2_HiperatividadeImpulsividade,44,> 95 e < 99,Superior
Masculino 14-17 anos,F2_HiperatividadeImpulsividade,45,> 95 e < 99,Superior
Masculino 14-17 anos,F2_HiperatividadeImpulsividade,46,> 95 e < 99,Superior
Masculino 14-17 anos,F2_HiperatividadeImpulsividade,47,> 95 e < 99,Superior
Masculino 14-17 anos,F2_HiperatividadeImpulsividade,48,> 95 e < 99,Superior
Masculino 14-17 anos,F2_HiperatividadeImpulsividade,49,> 95 e < 99,Superior
Masculino 14-17 anos,F2_HiperatividadeImpulsividade,50,> 95 e < 99,Superior
Masculino 14-17 anos,F2_HiperatividadeImpulsividade,51,> 95 e < 99,Superior
Masculino 14-17 anos,F2_HiperatividadeImpulsividade,52,> 95 e < 99,Superior
Masculino 14-17 anos,F2_HiperatividadeImpulsividade,53,> 95 e < 99,Superior
Masculino 14-17 anos,F2_HiperatividadeImpulsividade,54,> 95 e < 99,Superior
Masculino 14-17 anos,F2_HiperatividadeImpulsividade,55,> 95 e < 99,Superior
Masculino 14-17 anos,F2_HiperatividadeImpulsividade,56,> 95 e < 99,Superior
Masculino 14-17 anos,F2_HiperatividadeImpulsividade,57,> 95 e < 99,Superior
Masculino 14-17 anos,F2_HiperatividadeImpulsividade,58,> 95 e < 99,Superior
Masculino 14-17 anos,F2_HiperatividadeImpulsividade,59,> 95 e < 99,Superior
Masculino 14-17 anos,F2_HiperatividadeImpulsividade,60,> 95 e < 99,Superior
Masculino 14-17 anos,F2_HiperatividadeImpulsividade,61,> 95 e < 99,Superior
Masculino 14-17 anos,F2_HiperatividadeImpulsividade,62,> 95 e < 99,Superior
Masculino 14-17 anos,F2_HiperatividadeImpulsividade,63,> 95 e < 99,Superior
Masculino 14-17 anos,F2_HiperatividadeImpulsividade,64,> 95 e < 99,Superior
Masculino 14-17 anos,F2_HiperatividadeImpulsividade,65,> 95 e < 99,Superior
Masculino 14-17 anos,F2_HiperatividadeImpulsividade,66,> 95 e < 99,Superior
Masculino 14-17 anos,F2_HiperatividadeImpulsividade,67,> 95 e < 99,Superior
Masculino 14-17 anos,F2_HiperatividadeImpulsividade,68,> 95 e < 99,Superior
Masculino 14-17 anos,F2_HiperatividadeImpulsividade,69,> 95 e < 99,Superior
Masculino 14-17 anos,F2_HiperatividadeImpulsividade,70,> 95 e < 99,Superior
Masculino 14-17 anos,F2_HiperatividadeImpulsividade,71,> 95 e < 99,Superior
Masculino 14-17 anos,F2_HiperatividadeImpulsividade,72,> 95 e < 99,Superior
Masculino 14-17 anos,F2_HiperatividadeImpulsividade,73,> 95 e < 99,Superior
Masculino 14-17 anos,F2_HiperatividadeImpulsividade,74,> 95 e < 99,Superior
Masculino 14-17 anos,F2_HiperatividadeImpulsividade,75,> 95 e < 99,Superior
Masculino 14-17 anos,F2_HiperatividadeImpulsividade,76,> 95 e < 99,Superior
Masculino 14-17 anos,F2_HiperatividadeImpulsividade,77,> 95 e < 99,Superior
Masculino 14-17 anos,F2_HiperatividadeImpulsividade,78,> 95 e < 99,Superior
Masculino 14-17 anos,F2_HiperatividadeImpulsividade,79,> 95 e < 99,Superior
Masculino 14-17 anos,F2_HiperatividadeImpulsividade,80,> 95 e < 99,Superior
Masculino 14-17 anos,F3_ComportamentoAdaptativo,1,< 1,Inferior
Masculino 14-17 anos,F3_ComportamentoAdaptativo,2,< 1,Inferior
Masculino 14-17 anos,F3_ComportamentoAdaptativo,3,< 1,Inferior
Masculino 14-17 anos,F3_ComportamentoAdaptativo,4,< 1,Inferior
Masculino 14-17 anos,F3_ComportamentoAdaptativo,5,< 1,Inferior
Masculino 14-17 anos,F3_ComportamentoAdaptativo,6,< 1,Inferior
Masculino 14-17 anos,F3_ComportamentoAdaptativo,7,< 1,Inferior
Masculino 14-17 anos,F3_ComportamentoAdaptativo,8,< 1,Inferior
Masculino 14-17 anos,F3_ComportamentoAdaptativo,9,< 1,Inferior
Masculino 14-17 anos,F3_ComportamentoAdaptativo,10,< 1,Inferior
Masculino 14-17 anos,F3_ComportamentoAdaptativo,11,< 1,Inferior
Masculino 14-17 anos,F3_ComportamentoAdaptativo,12,< 1,Inferior
Masculino 14-17 anos,F3_ComportamentoAdaptativo,13,< 1,Inferior
Masculino 14-17 anos,F3_ComportamentoAdaptativo,14,< 1,Inferior
Masculino 14-17 anos,F3_ComportamentoAdaptativo,15,< 1,Inferior
Masculino 14-17 anos,F3_ComportamentoAdaptativo,16,< 1,Inferior
Masculino 14-17 anos,F3_ComportamentoAdaptativo,17,< 1,Inferior
Masculino 14-17 anos,F3_ComportamentoAdaptativo,18,< 1,Inferior
Masculino 14-17 anos,F3_ComportamentoAdaptativo,19,< 1,Inferior
Masculino 14-17 anos,F3_ComportamentoAdaptativo,20,1,Inferior
Masculino 14-17 anos,F3_ComportamentoAdaptativo,20.6,5,Inferior
Masculino 14-17 anos,F3_ComportamentoAdaptativo,21,> 5 e < 10,Inferior
Masculino 14-17 anos,F3_ComportamentoAdaptativo,22,> 5 e < 10,Inferior
Masculino 14-17 anos,F3_ComportamentoAdaptativo,23,> 5 e < 10,Inferior
Masculino 14-17 anos,F3_ComportamentoAdaptativo,24,> 5 e < 10,Inferior
Masculino 14-17 anos,F3_ComportamentoAdaptativo,25,> 5 e < 10,Inferior
Masculino 14-17 anos,F3_ComportamentoAdaptativo,26,> 5 e < 10,Inferior
Masculino 14-17 anos,F3_ComportamentoAdaptativo,27,> 5 e < 10,Inferior
Masculino 14-17 anos,F3_ComportamentoAdaptativo,28,> 5 e < 10,Inferior
Masculino 14-17 anos,F3_ComportamentoAdaptativo,29,> 5 e < 10,Inferior
Masculino 14-17 anos,F3_ComportamentoAdaptativo,30,> 5 e < 10,Inferior
Masculino 14-17 anos,F3_ComportamentoAdaptativo,31,> 5 e < 10,Inferior
Masculino 14-17 anos,F3_ComportamentoAdaptativo,32,> 5 e < 10,Inferior
Masculino 14-17 anos,F3_ComportamentoAdaptativo,32.2,10,Inferior
Masculino 14-17 anos,F3_ComportamentoAdaptativo,33,> 10 e < 15,Inferior
Masculino 14-17 anos,F3_ComportamentoAdaptativo,34,15,Inferior
Masculino 14-17 anos,F3_ComportamentoAdaptativo,35,> 20 e < 25,Inferior
Masculino 14-17 anos,F3_ComportamentoAdaptativo,35.25,25,Média Inferior
Masculino 14-17 anos,F3_ComportamentoAdaptativo,36,> 25 e < 30,Média Inferior
Masculino 14-17 anos,F3_ComportamentoAdaptativo,37,> 25 e < 30,Média Inferior
Masculino 14-17 anos,F3_ComportamentoAdaptativo,38,> 25 e < 30,Média Inferior
Masculino 14-17 anos,F3_ComportamentoAdaptativo,39,> 25 e < 30,Média Inferior
Masculino 14-17 anos,F3_ComportamentoAdaptativo,39.3,30,Média Inferior
Masculino 14-17 anos,F3_ComportamentoAdaptativo,40,> 30 e < 35,Média Inferior
Masculino 14-17 anos,F3_ComportamentoAdaptativo,41,> 30 e < 35,Média Inferior
Masculino 14-17 anos,F3_ComportamentoAdaptativo,41.05,35,Média Inferior
Masculino 14-17 anos,F3_ComportamentoAdaptativo,42,> 35 e < 40,Média Inferior
Masculino 14-17 anos,F3_ComportamentoAdaptativo,43,40,Média Inferior
Masculino 14-17 anos,F3_ComportamentoAdaptativo,44,> 45 e < 50,Média
Masculino 14-17 anos,F3_ComportamentoAdaptativo,45,> 45 e < 50,Média
Masculino 14-17 anos,F3_ComportamentoAdaptativo,46,> 45 e < 50,Média
Masculino 14-17 anos,F3_ComportamentoAdaptativo,46.5,50,Média
Masculino 14-17 anos,F3_ComportamentoAdaptativo,47,> 50 e < 55,Média
Masculino 14-17 anos,F3_ComportamentoAdaptativo,48,> 50 e < 55,Média
Masculino 14-17 anos,F3_ComportamentoAdaptativo,49,> 50 e < 55,Média
Masculino 14-17 anos,F3_ComportamentoAdaptativo,50,> 50 e < 55,Média
Masculino 14-17 anos,F3_ComportamentoAdaptativo,51,> 50 e < 55,Média
Masculino 14-17 anos,F3_ComportamentoAdaptativo,51.1,55,Média
Masculino 14-17 anos,F3_ComportamentoAdaptativo,52,> 55 e < 60,Média
Masculino 14-17 anos,F3_ComportamentoAdaptativo,52.6,60,Média
Masculino 14-17 anos,F3_ComportamentoAdaptativo,53,65,Média Superior
Masculino 14-17 anos,F3_ComportamentoAdaptativo,53.8,80,Média superior
Masculino 14-17 anos,F3_ComportamentoAdaptativo,54,> 80 e < 85,Média superior
Masculino 14-17 anos,F3_ComportamentoAdaptativo,55,> 80 e < 85,Média superior
Masculino 14-17 anos,F3_ComportamentoAdaptativo,56,> 80 e < 85,Média superior
Masculino 14-17 anos,F3_ComportamentoAdaptativo,57,> 80 e < 85,Média superior
Masculino 14-17 anos,F3_ComportamentoAdaptativo,58,> 80 e < 85,Média superior
Masculino 14-17 anos,F3_ComportamentoAdaptativo,59,> 80 e < 85,Média superior
Masculino 14-17 anos,F3_ComportamentoAdaptativo,59.1,85,Superior
Masculino 14-17 anos,F3_ComportamentoAdaptativo,60,> 85 e < 90,Superior
Masculino 14-17 anos,F3_ComportamentoAdaptativo,60.9,90,Superior
Masculino 14-17 anos,F3_ComportamentoAdaptativo,61,> 90 e < 95,Superior
Masculino 14-17 anos,F3_ComportamentoAdaptativo,62,> 90 e < 95,Superior
Masculino 14-17 anos,F3_ComportamentoAdaptativo,63,> 90 e < 95,Superior
Masculino 14-17 anos,F3_ComportamentoAdaptativo,64,> 90 e < 95,Superior
Masculino 14-17 anos,F3_ComportamentoAdaptativo,65,> 90 e < 95,Superior
Masculino 14-17 anos,F3_ComportamentoAdaptativo,65.75,95,Superior
Masculino 14-17 anos,F3_ComportamentoAdaptativo,66,> 95 e < 99,Superior
Masculino 14-17 anos,F3_ComportamentoAdaptativo,67,> 95 e < 99,Superior
Masculino 14-17 anos,F3_ComportamentoAdaptativo,68,> 95 e < 99,Superior
Masculino 14-17 anos,F3_ComportamentoAdaptativo,69,> 95 e < 99,Superior
Masculino 14-17 anos,F3_ComportamentoAdaptativo,70,> 95 e < 99,Superior
Masculino 14-17 anos,F3_ComportamentoAdaptativo,71,> 95 e < 99,Superior
Masculino 14-17 anos,F3_ComportamentoAdaptativo,72,> 95 e < 99,Superior
Masculino 14-17 anos,F3_ComportamentoAdaptativo,73,> 95 e < 99,Superior
Masculino 14-17 anos,F3_ComportamentoAdaptativo,74,> 95 e < 99,Superior
Masculino 14-17 anos,F3_ComportamentoAdaptativo,75,> 95 e < 99,Superior
Masculino 14-17 anos,F3_ComportamentoAdaptativo,76,> 95 e < 99,Superior
Masculino 14-17 anos,F3_ComportamentoAdaptativo,77,> 95 e < 99,Superior
Masculino 14-17 anos,F3_ComportamentoAdaptativo,78,> 95 e < 99,Superior
Masculino 14-17 anos,F3_ComportamentoAdaptativo,79,> 95 e < 99,Superior
Masculino 14-17 anos,F3_ComportamentoAdaptativo,80,> 95 e < 99,Superior
Masculino 14-17 anos,F3_ComportamentoAdaptativo,81,> 95 e < 99,Superior
Masculino 14-17 anos,F3_ComportamentoAdaptativo,82,> 95 e < 99,Superior
Masculino 14-17 anos,F3_ComportamentoAdaptativo,83,> 95 e < 99,Superior
Masculino 14-17 anos,F3_ComportamentoAdaptativo,84,> 95 e < 99,Superior
Masculino 14-17 anos,F3_ComportamentoAdaptativo,85,> 95 e < 99,Superior
Masculino 14-17 anos,F3_ComportamentoAdaptativo,86,> 95 e < 99,Superior
Masculino 14-17 anos,F3_ComportamentoAdaptativo,87,> 95 e < 99,Superior
Masculino 14-17 anos,F3_ComportamentoAdaptativo,88,> 95 e < 99,Superior
Masculino 14-17 anos,F3_ComportamentoAdaptativo,89,> 95 e < 99,Superior
Masculino 14-17 anos,F3_ComportamentoAdaptativo,90,> 95 e < 99,Superior
Masculino 14-17 anos,F4_Atencao,1,< 1,Inferior
Masculino 14-17 anos,F4_Atencao,2,< 1,Inferior
Masculino 14-17 anos,F4_Atencao,3,< 1,Inferior
Masculino 14-17 anos,F4_Atencao,4,< 1,Inferior
Masculino 14-17 anos,F4_Atencao,5,< 1,Inferior
Masculino 14-17 anos,F4_Atencao,6,< 1,Inferior
Masculino 14-17 anos,F4_Atencao,7,< 1,Inferior
Masculino 14-17 anos,F4_Atencao,8,< 1,Inferior
Masculino 14-17 anos,F4_Atencao,9,< 1,Inferior
Masculino 14-17 anos,F4_Atencao,10,< 1,Inferior
Masculino 14-17 anos,F4_Atencao,11,< 1,Inferior
Masculino 14-17 anos,F4_Atencao,12,< 1,Inferior
Masculino 14-17 anos,F4_Atencao,13,< 1,Inferior
Masculino 14-17 anos,F4_Atencao,14,< 1,Inferior
Masculino 14-17 anos,F4_Atencao,15,1,Inferior
Masculino 14-17 anos,F4_Atencao,15.05,5,Inferior
Masculino 14-17 anos,F4_Atencao,16,> 5 e < 10,Inferior
Masculino 14-17 anos,F4_Atencao,16.1,10,Inferior
Masculino 14-17 anos,F4_Atencao,17,15,Inferior
Masculino 14-17 anos,F4_Atencao,17.4,20,Inferior
Masculino 14-17 anos,F4_Atencao,18,> 20 e < 25,Inferior
Masculino 14-17 anos,F4_Atencao,19,> 20 e < 25,Inferior
Masculino 14-17 anos,F4_Atencao,19.75,25,Média Inferior
Masculino 14-17 anos,F4_Atencao,20,> 25 e < 30,Média Inferior
Masculino 14-17 anos,F4_Atencao,21,> 25 e < 30,Média Inferior
Masculino 14-17 anos,F4_Atencao,22,30,Média Inferior
Masculino 14-17 anos,F4_Atencao,23,> 30 e < 35,Média Inferior
Masculino 14-17 anos,F4_Atencao,23.4,35,Média Inferior
Masculino 14-17 anos,F4_Atencao,25,> 35 e < 40,Média Inferior
Masculino 14-17 anos,F4_Atencao,26,40,Média Inferior
Masculino 14-17 anos,F4_Atencao,27,50,Média
Masculino 14-17 anos,F4_Atencao,28,> 50 e < 55,Média
Masculino 14-17 anos,F4_Atencao,29,> 50 e < 55,Média
Masculino 14-17 anos,F4_Atencao,29.1,55,Média
Masculino 14-17 anos,F4_Atencao,30,> 55 e < 60,Média
Masculino 14-17 anos,F4_Atencao,31,> 55 e < 60,Média
Masculino 14-17 anos,F4_Atencao,31.8,60,Média
Masculino 14-17 anos,F4_Atencao,32,> 60 e < 65,Média
Masculino 14-17 anos,F4_Atencao,33,> 60 e < 65,Média
Masculino 14-17 anos,F4_Atencao,33.65,65,Média Superior
Masculino 14-17 anos,F4_Atencao,34,70,Média Superior
Masculino 14-17 anos,F4_Atencao,35,> 75 e < 80,Média superior
Masculino 14-17 anos,F4_Atencao,36,> 75 e < 80,Média superior
Masculino 14-17 anos,F4_Atencao,36.4,80,Média superior
Masculino 14-17 anos,F4_Atencao,37,> 80 e < 85,Média superior
Masculino 14-17 anos,F4_Atencao,38,> 80 e < 85,Média superior
Masculino 14-17 anos,F4_Atencao,38.7,85,Superior
Masculino 14-17 anos,F4_Atencao,39,> 85 e < 90,Superior
Masculino 14-17 anos,F4_Atencao,40,> 85 e < 90,Superior
Masculino 14-17 anos,F4_Atencao,40.8,90,Superior
Masculino 14-17 anos,F4_Atencao,41,95,Superior
Masculino 14-17 anos,F4_Atencao,42,> 95 e < 99,Superior
Masculino 14-17 anos,F4_Atencao,43,> 95 e < 99,Superior
Masculino 14-17 anos,F4_Atencao,44,> 95 e < 99,Superior
Masculino 14-17 anos,F4_Atencao,45,> 95 e < 99,Superior
Masculino 14-17 anos,F4_Atencao,46,> 95 e < 99,Superior
Masculino 14-17 anos,F4_Atencao,47,> 95 e < 99,Superior
Masculino 14-17 anos,F4_Atencao,48,> 95 e < 99,Superior
Masculino 14-17 anos,F4_Atencao,49,> 95 e < 99,Superior
Masculino 14-17 anos,F4_Atencao,50,> 95 e < 99,Superior
Masculino 14-17 anos,F4_Atencao,51,> 95 e < 99,Superior
Masculino 14-17 anos,F4_Atencao,52,> 95 e < 99,Superior
Masculino 14-17 anos,F4_Atencao,53,> 95 e < 99,Superior
Masculino 14-17 anos,F4_Atencao,54,> 95 e < 99,Superior
Masculino 14-17 anos,F4_Atencao,55,> 95 e < 99,Superior
Masculino 14-17 anos,F4_Atencao,56,> 95 e < 99,Superior
Masculino 14-17 anos,F4_Atencao,57,> 95 e < 99,Superior
Masculino 14-17 anos,F4_Atencao,58,> 95 e < 99,Superior
Masculino 14-17 anos,F4_Atencao,59,> 95 e < 99,Superior
Masculino 14-17 anos,F4_Atencao,60,> 95 e < 99,Superior
Masculino 14-17 anos,F4_Atencao,61,> 95 e < 99,Superior
Masculino 14-17 anos,F4_Atencao,62,> 95 e < 99,Superior
Masculino 14-17 anos,F4_Atencao,63,> 95 e < 99,Superior
Masculino 14-17 anos,F4_Atencao,64,> 95 e < 99,Superior
Masculino 14-17 anos,F4_Atencao,65,> 95 e < 99,Superior
Masculino 14-17 anos,F4_Atencao,66,> 95 e < 99,Superior
Masculino 14-17 anos,F4_Atencao,67,> 95 e < 99,Superior
Masculino 14-17 anos,F4_Atencao,68,> 95 e < 99,Superior
Masculino 14-17 anos,F4_Atencao,69,> 95 e < 99,Superior
Masculino 14-17 anos,F4_Atencao,70,> 95 e < 99,Superior
Masculino 14-17 anos,F4_Atencao,71,> 95 e < 99,Superior
Masculino 14-17 anos,F4_Atencao,72,> 95 e < 99,Superior
Masculino 14-17 anos,F4_Atencao,73,> 95 e < 99,Superior
Masculino 14-17 anos,F4_Atencao,74,> 95 e < 99,Superior
Masculino 14-17 anos,F4_Atencao,75,> 95 e < 99,Superior
Masculino 14-17 anos,F4_Atencao,76,> 95 e < 99,Superior
Masculino 14-17 anos,F4_Atencao,77,> 95 e < 99,Superior
Masculino 14-17 anos,F4_Atencao,78,> 95 e < 99,Superior
Masculino 14-17 anos,F4_Atencao,79,> 95 e < 99,Superior
Masculino 14-17 anos,F4_Atencao,80,> 95 e < 99,Superior
